household_id,country,urban_rural,income_decile,age_head_band,household_size,dwelling_type,dwelling_age_band,building_efficiency_class,heating_fuel,annual_income_eur,annual_energy_spend_eur,is_energy_burdened
1,PT,urban,1,35-65,2,apartment,20-50yr,D,wood,7606.26,1705.49,1
2,ES,suburban,8,<35,4,other,20-50yr,B,district,31147.75,291.75,0
3,LV,suburban,3,<35,2,apartment,<20yr,D,wood,16018.17,1101.2,0
4,PT,urban,8,>65,2,house,>50yr,F,wood,35885.77,1036.19,0
5,IT,urban,6,35-65,5,apartment,20-50yr,E,electric,26273.42,1092.41,0
6,LV,urban,3,<35,2,house,>50yr,G,wood,16494.62,2161.53,1
7,PT,suburban,5,35-65,3,house,20-50yr,F,district,26480.12,1149.74,0
8,PT,suburban,1,35-65,1,apartment,>50yr,F,electric,5677.61,2505.85,1
9,IT,suburban,8,>65,2,house,>50yr,D,gas,35424.52,698.24,0
10,ES,urban,4,35-65,1,apartment,>50yr,C,gas,13608.07,553.44,0
11,ES,urban,4,<35,4,house,20-50yr,G,wood,26340.55,1076.07,0
12,LV,suburban,2,<35,1,apartment,>50yr,E,district,11251.57,1902.71,1
13,ES,urban,4,35-65,3,house,20-50yr,G,gas,20250.41,1103.35,0
14,PT,suburban,4,35-65,6,apartment,>50yr,E,district,15928.9,1795.26,1
15,ES,urban,3,35-65,1,house,20-50yr,D,gas,13273.15,1008.4,0
16,IT,urban,10,35-65,4,apartment,20-50yr,B,electric,64860.5,400.34,0
17,ES,suburban,3,35-65,2,house,20-50yr,D,district,15124.61,1110.65,0
18,IT,suburban,2,35-65,1,apartment,20-50yr,E,district,14147.73,1070.27,0
19,PT,suburban,6,<35,6,apartment,20-50yr,G,electric,22058.94,1810.34,0
20,ES,urban,4,<35,1,house,20-50yr,F,district,16936.88,808.96,0
21,PT,rural,5,35-65,1,apartment,<20yr,E,wood,22680.22,839.33,0
22,ES,rural,8,35-65,6,apartment,>50yr,D,wood,39780.3,676.64,0
23,LV,rural,1,>65,1,house,20-50yr,A,wood,8519.29,873.78,1
24,LV,suburban,6,<35,2,apartment,<20yr,D,gas,20499.65,876.04,0
25,PT,suburban,1,35-65,4,house,>50yr,G,gas,6945.16,4074.93,1
26,IT,suburban,1,<35,2,apartment,20-50yr,F,gas,8420.62,2004.87,1
27,ES,urban,1,35-65,1,other,>50yr,E,gas,6346.75,1666.85,1
28,IT,urban,2,<35,4,house,20-50yr,G,gas,9631.03,2094.66,1
29,IT,suburban,4,35-65,1,apartment,<20yr,A,gas,17598.24,251.62,0
30,PT,urban,10,<35,1,apartment,20-50yr,G,gas,48955.87,646.1,0
31,PT,urban,10,<35,1,house,>50yr,E,electric,56924.48,727.3,0
32,LV,rural,2,35-65,1,house,>50yr,A,gas,10853.14,744.89,0
33,IT,urban,10,35-65,2,apartment,>50yr,F,gas,48867.26,698.72,0
34,ES,suburban,7,35-65,1,apartment,<20yr,B,gas,26749.69,377.76,0
35,ES,suburban,6,35-65,1,apartment,>50yr,E,gas,30282.18,767.88,0
36,IT,urban,8,>65,1,house,20-50yr,D,oil,38135.19,684.7,0
37,IT,rural,5,35-65,1,house,20-50yr,C,wood,21793.71,461.41,0
38,ES,urban,3,35-65,5,apartment,20-50yr,E,oil,14115.68,1934.32,1
39,IT,rural,6,>65,1,apartment,>50yr,D,oil,21818.58,644.46,0
40,PT,suburban,8,35-65,4,house,>50yr,B,district,33077.84,551.8,0
41,ES,urban,7,35-65,5,other,20-50yr,F,oil,20928.02,1079.7,0
42,PT,urban,2,35-65,2,apartment,>50yr,C,gas,9998.34,1369.01,1
43,PT,urban,10,<35,4,apartment,20-50yr,E,gas,50118.15,823.77,0
44,IT,urban,3,35-65,5,apartment,20-50yr,E,electric,15200.79,2304.93,1
45,PT,urban,9,35-65,4,house,20-50yr,B,electric,39280.58,633.87,0
46,PT,rural,4,35-65,2,apartment,>50yr,G,wood,19689.5,1359.4,0
47,ES,urban,1,>65,2,apartment,20-50yr,D,gas,7694.32,2142.29,1
48,IT,rural,10,<35,3,house,<20yr,C,district,56239.18,367.34,0
49,PT,urban,6,<35,1,apartment,>50yr,D,electric,24883.33,772.08,0
50,IT,rural,3,35-65,1,apartment,20-50yr,E,district,15549.45,1045.26,0
51,IT,urban,1,35-65,2,apartment,>50yr,A,electric,9586.66,748.43,0
52,IT,urban,2,35-65,3,apartment,20-50yr,D,gas,9486.25,1538.39,1
53,PT,suburban,2,35-65,4,apartment,20-50yr,E,gas,14322.19,2601.14,1
54,PT,urban,10,35-65,3,apartment,>50yr,E,gas,48367.0,875.39,0
55,PT,rural,2,>65,1,apartment,<20yr,D,gas,10700.13,1941.72,1
56,PT,urban,2,35-65,2,apartment,20-50yr,D,wood,10160.97,1436.51,1
57,ES,suburban,9,<35,1,house,20-50yr,C,gas,53912.55,348.56,0
58,ES,suburban,9,35-65,4,house,>50yr,C,gas,36674.06,603.1,0
59,IT,suburban,3,35-65,3,apartment,20-50yr,E,gas,15590.92,1808.56,1
60,IT,urban,7,35-65,2,house,>50yr,D,electric,21540.67,721.49,0
61,PT,urban,6,35-65,2,apartment,>50yr,C,gas,28246.01,708.09,0
62,ES,urban,6,35-65,4,house,20-50yr,C,gas,24292.85,554.4,0
63,ES,urban,4,35-65,1,house,20-50yr,E,wood,16544.07,836.33,0
64,PT,urban,8,>65,1,house,<20yr,E,gas,32452.03,965.94,0
65,ES,rural,9,35-65,2,house,20-50yr,D,district,42572.59,485.48,0
66,ES,suburban,8,<35,4,apartment,<20yr,E,gas,34133.34,870.87,0
67,ES,suburban,10,35-65,3,apartment,20-50yr,E,oil,43978.39,611.14,0
68,IT,urban,2,35-65,2,apartment,20-50yr,A,oil,9778.29,546.27,0
69,IT,urban,7,>65,5,apartment,>50yr,D,gas,33816.85,986.03,0
70,ES,suburban,10,35-65,7,house,20-50yr,C,oil,51776.34,620.91,0
71,IT,urban,6,35-65,3,apartment,20-50yr,F,gas,22204.35,1025.69,0
72,ES,urban,10,>65,6,apartment,20-50yr,C,gas,55384.98,690.51,0
73,LV,suburban,4,35-65,3,house,<20yr,D,wood,18830.75,960.07,0
74,IT,suburban,9,<35,4,house,20-50yr,E,district,47404.7,679.73,0
75,IT,rural,10,35-65,2,house,>50yr,E,gas,57859.47,607.81,0
76,IT,urban,7,35-65,3,apartment,20-50yr,F,oil,35964.81,1299.26,0
77,IT,suburban,8,35-65,4,house,20-50yr,D,gas,36266.52,719.36,0
78,PT,urban,6,>65,2,apartment,>50yr,C,gas,24130.11,776.14,0
79,ES,urban,4,35-65,3,house,<20yr,E,gas,19949.78,973.86,0
80,PT,suburban,6,35-65,2,apartment,>50yr,F,electric,22479.35,1110.24,0
81,PT,urban,10,<35,5,apartment,<20yr,G,oil,51764.62,1305.47,0
82,ES,suburban,1,<35,1,other,>50yr,E,electric,6299.55,1982.42,1
83,PT,urban,3,35-65,5,apartment,>50yr,D,district,18377.74,2030.37,1
84,IT,urban,5,35-65,3,apartment,>50yr,B,wood,28712.48,339.6,0
85,IT,rural,4,35-65,3,apartment,<20yr,G,gas,17046.55,1187.72,0
86,IT,urban,7,35-65,1,other,20-50yr,E,gas,33640.04,711.49,0
87,PT,suburban,4,<35,1,house,>50yr,C,electric,19436.14,613.47,0
88,ES,urban,7,35-65,3,apartment,20-50yr,D,gas,30864.52,666.82,0
89,IT,rural,2,35-65,2,house,20-50yr,E,gas,13200.01,1508.1,1
90,ES,urban,4,35-65,1,apartment,20-50yr,C,gas,14475.78,659.66,0
91,IT,urban,7,35-65,3,house,<20yr,F,electric,29179.62,1012.2,0
92,PT,suburban,5,>65,4,apartment,20-50yr,E,electric,15355.8,2023.69,1
93,ES,urban,8,35-65,1,apartment,<20yr,C,oil,30934.25,439.37,0
94,ES,urban,7,35-65,3,house,20-50yr,G,wood,23508.1,854.55,0
95,IT,rural,4,35-65,1,other,20-50yr,G,district,13283.56,936.91,0
96,ES,suburban,5,35-65,3,apartment,<20yr,C,wood,19496.06,470.32,0
97,ES,suburban,10,>65,2,apartment,<20yr,D,gas,58094.2,778.22,0
98,IT,suburban,10,35-65,1,other,>50yr,G,electric,49776.64,728.84,0
99,IT,rural,1,35-65,1,apartment,20-50yr,D,gas,7371.91,1478.64,1
100,LV,rural,8,35-65,6,apartment,20-50yr,G,district,32243.3,1731.85,0
101,LV,suburban,5,35-65,4,apartment,>50yr,C,electric,21446.94,1018.61,0
102,PT,urban,1,>65,4,apartment,20-50yr,F,gas,7306.49,5094.06,1
103,IT,urban,7,>65,2,apartment,20-50yr,E,oil,25795.86,838.16,0
104,LV,suburban,1,<35,3,apartment,20-50yr,D,electric,9200.8,2081.38,1
105,PT,rural,4,<35,5,apartment,20-50yr,F,district,15353.62,1448.18,0
106,PT,suburban,7,35-65,1,apartment,20-50yr,A,gas,24789.57,273.69,0
107,ES,urban,9,35-65,2,house,20-50yr,C,gas,48047.36,469.03,0
108,IT,urban,5,>65,2,apartment,>50yr,C,district,16312.86,679.01,0
109,IT,suburban,9,35-65,3,house,20-50yr,B,electric,51707.49,415.51,0
110,LV,rural,9,>65,2,apartment,20-50yr,A,gas,36866.37,448.18,0
111,ES,urban,5,35-65,1,apartment,20-50yr,D,electric,21254.05,627.76,0
112,IT,suburban,2,<35,2,apartment,<20yr,C,oil,9475.48,1008.7,1
113,IT,suburban,7,<35,2,apartment,20-50yr,B,gas,30058.32,306.76,0
114,ES,rural,1,35-65,1,house,>50yr,C,gas,7398.6,1043.78,1
115,IT,urban,9,<35,3,apartment,>50yr,F,gas,37107.61,565.58,0
116,LV,rural,4,35-65,2,house,>50yr,B,gas,13758.51,636.18,0
117,PT,suburban,8,35-65,1,other,20-50yr,F,gas,33195.16,894.51,0
118,PT,suburban,8,35-65,2,apartment,20-50yr,B,gas,38658.88,431.95,0
119,ES,urban,5,35-65,4,other,<20yr,A,oil,23235.41,351.06,0
120,ES,suburban,10,>65,2,apartment,20-50yr,D,electric,49379.9,879.67,0
121,ES,suburban,8,35-65,2,apartment,20-50yr,D,electric,32332.89,618.78,0
122,ES,urban,9,35-65,1,apartment,<20yr,E,gas,41890.16,621.29,0
123,IT,urban,1,35-65,2,house,<20yr,F,electric,8001.65,2333.53,1
124,ES,suburban,5,35-65,3,house,<20yr,D,gas,20989.73,735.91,0
125,IT,suburban,10,>65,1,other,20-50yr,C,district,51534.45,368.8,0
126,ES,urban,9,35-65,3,house,<20yr,F,gas,40705.76,1057.98,0
127,IT,urban,5,35-65,3,apartment,20-50yr,C,wood,20114.36,493.13,0
128,IT,urban,1,35-65,1,house,20-50yr,F,electric,5568.72,2154.09,1
129,IT,rural,3,35-65,3,other,20-50yr,E,wood,13173.64,1161.75,0
130,ES,rural,6,35-65,1,house,<20yr,C,wood,28111.97,396.64,0
131,IT,urban,7,35-65,6,house,20-50yr,D,wood,36972.87,671.78,0
132,LV,urban,10,35-65,3,house,>50yr,D,electric,65614.56,1134.72,0
133,ES,urban,1,>65,1,apartment,20-50yr,E,gas,8108.83,2314.76,1
134,IT,suburban,4,35-65,2,other,20-50yr,G,oil,14641.63,1123.64,0
135,ES,rural,3,<35,1,other,20-50yr,D,gas,12895.83,941.17,0
136,IT,suburban,10,35-65,1,house,20-50yr,G,gas,49060.73,827.16,0
137,LV,urban,2,<35,1,apartment,20-50yr,C,wood,8904.34,1002.44,1
138,ES,urban,3,35-65,2,apartment,20-50yr,B,electric,12155.06,774.78,0
139,PT,urban,3,35-65,1,other,20-50yr,E,gas,12550.06,1685.81,1
140,IT,rural,2,35-65,3,house,>50yr,G,wood,8923.43,2132.14,1
141,ES,suburban,7,35-65,1,house,>50yr,D,gas,34505.34,654.41,0
142,ES,suburban,6,35-65,2,other,20-50yr,F,wood,27391.63,792.51,0
143,LV,urban,6,35-65,1,apartment,20-50yr,D,wood,24816.2,716.08,0
144,ES,rural,10,35-65,6,house,>50yr,G,gas,58240.86,1374.81,0
145,ES,urban,5,35-65,3,apartment,20-50yr,F,gas,21986.05,865.12,0
146,IT,rural,4,>65,5,apartment,>50yr,E,district,15676.73,1323.83,0
147,IT,rural,4,<35,5,apartment,>50yr,E,gas,22920.66,935.16,0
148,ES,suburban,9,35-65,2,apartment,20-50yr,E,district,38317.43,626.92,0
149,ES,rural,6,<35,4,apartment,20-50yr,G,electric,19466.12,1312.14,0
150,IT,urban,2,35-65,3,house,<20yr,E,gas,11269.4,2091.65,1
151,PT,suburban,7,<35,2,apartment,>50yr,D,oil,32649.72,580.9,0
152,LV,urban,8,35-65,4,house,20-50yr,G,electric,34406.16,1751.19,0
153,IT,suburban,3,<35,7,apartment,20-50yr,E,gas,16873.77,1693.19,1
154,ES,urban,6,35-65,3,house,20-50yr,E,electric,25686.61,955.93,0
155,IT,urban,6,35-65,1,apartment,>50yr,E,gas,22104.5,610.23,0
156,PT,urban,2,35-65,2,house,>50yr,D,gas,10062.67,2286.9,1
157,IT,urban,1,<35,3,house,<20yr,D,wood,8180.36,1322.0,1
158,PT,suburban,8,35-65,1,apartment,20-50yr,C,electric,36437.38,562.87,0
159,PT,suburban,7,>65,5,apartment,20-50yr,G,oil,35988.96,2096.29,0
160,PT,urban,8,<35,2,apartment,>50yr,E,electric,40802.27,835.35,0
161,IT,rural,4,>65,3,apartment,>50yr,F,electric,13832.93,1583.78,1
162,LV,rural,6,35-65,4,apartment,20-50yr,D,gas,24375.22,1113.96,0
163,IT,urban,10,35-65,6,apartment,>50yr,G,district,45645.24,911.47,0
164,IT,urban,3,35-65,4,house,20-50yr,D,electric,17423.96,1480.94,0
165,ES,suburban,7,<35,4,apartment,<20yr,D,district,25924.13,702.15,0
166,ES,suburban,2,35-65,3,apartment,>50yr,G,wood,11338.55,1792.41,1
167,PT,urban,1,<35,1,apartment,20-50yr,E,oil,7204.93,2055.45,1
168,PT,suburban,10,35-65,2,apartment,>50yr,G,electric,40876.26,1266.47,0
169,IT,urban,2,35-65,2,apartment,20-50yr,E,gas,9112.05,1597.01,1
170,LV,urban,7,>65,2,house,20-50yr,C,gas,28898.41,1001.87,0
171,IT,suburban,6,35-65,3,house,20-50yr,D,oil,27225.7,707.15,0
172,ES,suburban,9,>65,3,apartment,20-50yr,G,gas,46564.97,1035.69,0
173,IT,rural,6,<35,2,apartment,<20yr,D,gas,20476.25,535.57,0
174,LV,urban,7,35-65,3,apartment,>50yr,F,electric,31443.51,1531.86,0
175,IT,urban,9,35-65,1,house,20-50yr,C,gas,49584.02,449.24,0
176,IT,urban,9,<35,5,apartment,20-50yr,D,gas,46437.41,595.3,0
177,ES,urban,8,<35,5,house,20-50yr,F,electric,34098.79,1052.01,0
178,LV,urban,2,35-65,1,house,20-50yr,G,gas,11079.62,2630.92,1
179,LV,suburban,2,<35,2,house,20-50yr,D,gas,11254.41,1754.86,1
180,PT,suburban,5,35-65,2,apartment,20-50yr,C,gas,25895.71,655.91,0
181,LV,suburban,7,>65,4,other,20-50yr,A,electric,38721.59,696.49,0
182,LV,urban,7,35-65,2,apartment,20-50yr,B,district,33047.0,481.25,0
183,ES,urban,8,<35,1,apartment,20-50yr,F,gas,36289.63,578.04,0
184,IT,suburban,2,<35,5,house,<20yr,D,oil,10948.85,1685.72,1
185,PT,urban,2,<35,4,house,20-50yr,C,gas,11120.48,1346.97,1
186,PT,rural,2,35-65,3,apartment,>50yr,F,electric,11344.16,3241.81,1
187,ES,urban,6,35-65,5,apartment,20-50yr,F,gas,23137.14,1114.1,0
188,IT,suburban,7,35-65,2,apartment,>50yr,D,wood,40302.65,510.46,0
189,PT,rural,2,<35,1,house,<20yr,G,oil,9767.93,2359.9,1
190,IT,suburban,9,35-65,3,apartment,>50yr,D,oil,52223.52,540.9,0
191,LV,suburban,4,35-65,2,apartment,>50yr,C,gas,12585.15,777.45,0
192,IT,suburban,7,35-65,1,apartment,20-50yr,G,wood,28786.12,628.52,0
193,IT,urban,8,>65,2,other,20-50yr,C,gas,34216.03,579.98,0
194,PT,suburban,1,35-65,1,house,<20yr,G,electric,8279.22,4056.78,1
195,IT,rural,9,35-65,2,apartment,>50yr,E,wood,40713.15,584.04,0
196,IT,rural,10,>65,1,other,20-50yr,G,electric,67709.92,1121.83,0
197,ES,urban,10,35-65,2,apartment,20-50yr,C,wood,53036.83,309.76,0
198,LV,urban,2,35-65,1,house,<20yr,D,oil,9426.28,1957.86,1
199,IT,suburban,4,35-65,5,house,<20yr,G,wood,15139.48,1373.23,0
200,IT,suburban,3,35-65,3,apartment,>50yr,F,gas,13041.23,1870.59,1
201,PT,urban,5,35-65,2,house,20-50yr,G,gas,23410.22,1387.02,0
202,LV,urban,10,35-65,1,other,20-50yr,C,electric,63001.56,659.89,0
203,ES,urban,8,35-65,2,apartment,<20yr,E,electric,30059.39,759.34,0
204,IT,suburban,8,35-65,1,apartment,20-50yr,D,oil,31928.59,525.93,0
205,IT,urban,5,35-65,2,house,>50yr,D,electric,17898.03,733.35,0
206,IT,urban,10,>65,2,apartment,>50yr,E,oil,52694.75,658.93,0
207,IT,urban,10,<35,5,apartment,20-50yr,F,gas,63537.59,777.52,0
208,PT,rural,9,<35,4,apartment,20-50yr,E,gas,44120.02,1106.48,0
209,IT,urban,9,35-65,1,house,<20yr,C,district,46698.91,311.41,0
210,ES,urban,7,35-65,5,house,20-50yr,F,gas,33556.49,1348.2,0
211,PT,suburban,1,35-65,3,other,20-50yr,G,gas,7325.97,4134.84,1
212,ES,urban,3,<35,2,apartment,>50yr,D,oil,11552.66,976.03,0
213,IT,rural,8,35-65,1,other,<20yr,F,gas,32963.92,686.78,0
214,PT,rural,4,35-65,2,apartment,20-50yr,G,electric,19794.52,1509.96,0
215,PT,urban,2,<35,3,house,20-50yr,C,oil,12041.1,1507.9,1
216,PT,urban,10,35-65,2,house,20-50yr,F,electric,55656.51,930.29,0
217,IT,urban,5,35-65,2,apartment,20-50yr,G,district,24212.15,754.6,0
218,IT,urban,9,35-65,3,house,20-50yr,F,wood,43949.73,701.68,0
219,LV,urban,3,35-65,1,apartment,20-50yr,A,electric,13320.18,597.83,0
220,ES,urban,4,<35,2,apartment,20-50yr,E,district,13830.56,698.69,0
221,IT,urban,4,35-65,7,house,20-50yr,F,gas,21176.61,1387.97,0
222,ES,suburban,4,<35,1,apartment,>50yr,E,gas,17249.63,658.28,0
223,PT,urban,5,<35,3,house,<20yr,A,oil,19625.15,333.71,0
224,LV,urban,3,>65,1,apartment,20-50yr,B,electric,13786.05,1318.36,0
225,IT,suburban,9,<35,3,apartment,>50yr,F,gas,53839.75,826.49,0
226,LV,urban,4,<35,4,house,20-50yr,D,gas,20309.69,1136.18,0
227,IT,urban,5,>65,1,apartment,20-50yr,G,gas,19896.06,1244.47,0
228,ES,urban,9,35-65,5,other,>50yr,D,gas,46139.21,751.27,0
229,ES,urban,5,35-65,1,other,20-50yr,F,gas,25243.93,997.78,0
230,IT,urban,1,35-65,1,apartment,>50yr,A,district,8427.97,458.33,0
231,IT,rural,1,>65,4,apartment,<20yr,F,wood,8146.19,2626.79,1
232,ES,rural,5,<35,3,apartment,>50yr,G,electric,15347.88,1214.97,0
233,LV,urban,7,<35,2,house,<20yr,D,electric,36163.9,793.77,0
234,ES,urban,10,>65,1,apartment,20-50yr,D,gas,47138.28,688.15,0
235,LV,suburban,2,35-65,1,other,>50yr,G,electric,8308.57,3355.56,1
236,PT,suburban,6,>65,3,other,20-50yr,F,electric,19072.18,1655.26,0
237,ES,urban,3,35-65,1,apartment,20-50yr,E,wood,12314.67,1094.41,0
238,PT,urban,5,>65,2,house,<20yr,D,gas,22587.97,1315.82,0
239,IT,urban,5,35-65,1,apartment,<20yr,G,district,24993.54,824.91,0
240,IT,suburban,4,35-65,1,apartment,20-50yr,F,wood,18420.23,831.63,0
241,PT,urban,1,>65,4,apartment,20-50yr,D,gas,10378.83,3352.02,1
242,PT,urban,1,<35,6,house,20-50yr,D,district,7530.56,2411.07,1
243,IT,urban,6,<35,2,apartment,>50yr,B,gas,24144.7,377.21,0
244,ES,urban,3,35-65,4,house,>50yr,F,district,10580.82,1935.07,1
245,ES,suburban,4,>65,2,apartment,>50yr,F,electric,16051.95,1540.24,0
246,LV,suburban,1,<35,4,house,20-50yr,D,electric,5889.3,2774.67,1
247,ES,suburban,1,>65,1,other,20-50yr,D,electric,6541.61,1736.26,1
248,ES,urban,2,35-65,2,house,20-50yr,C,electric,12090.42,1340.65,1
249,ES,urban,4,35-65,2,apartment,20-50yr,C,wood,13587.36,505.06,0
250,ES,rural,2,35-65,3,apartment,20-50yr,G,wood,8668.25,2001.82,1
251,PT,suburban,3,>65,1,apartment,>50yr,F,electric,10755.17,2062.24,1
252,LV,urban,4,<35,3,apartment,20-50yr,D,wood,19661.38,879.23,0
253,ES,urban,3,35-65,3,other,20-50yr,B,electric,17901.65,828.45,0
254,IT,rural,1,<35,4,apartment,20-50yr,B,electric,7910.82,982.49,1
255,IT,suburban,2,>65,1,apartment,20-50yr,F,gas,12671.15,1906.78,1
256,PT,rural,10,35-65,1,house,20-50yr,C,wood,46188.15,318.21,0
257,PT,suburban,7,<35,3,apartment,20-50yr,D,electric,36077.93,898.89,0
258,IT,urban,2,35-65,1,house,>50yr,G,electric,9880.3,2742.6,1
259,IT,urban,3,35-65,3,apartment,20-50yr,E,oil,15474.51,1394.2,0
260,ES,urban,4,35-65,3,apartment,20-50yr,F,wood,17428.69,1039.54,0
261,IT,suburban,10,>65,1,house,>50yr,B,gas,41249.45,337.03,0
262,PT,suburban,9,35-65,3,apartment,>50yr,D,gas,37653.51,832.65,0
263,IT,urban,8,35-65,4,other,>50yr,G,gas,36935.87,1132.91,0
264,IT,rural,2,35-65,1,apartment,20-50yr,F,gas,8334.87,1863.94,1
265,LV,urban,5,35-65,1,apartment,20-50yr,F,gas,21955.24,1145.64,0
266,IT,urban,5,<35,2,apartment,20-50yr,E,wood,16980.77,570.78,0
267,IT,urban,7,<35,1,apartment,>50yr,C,gas,32534.19,419.55,0
268,IT,rural,9,35-65,3,house,>50yr,E,wood,35061.74,625.56,0
269,IT,rural,4,35-65,4,apartment,20-50yr,B,district,18702.89,497.1,0
270,IT,suburban,6,<35,5,house,20-50yr,C,gas,28257.73,600.69,0
271,IT,rural,3,35-65,3,other,20-50yr,E,electric,13651.47,1650.09,1
272,IT,rural,3,35-65,2,apartment,<20yr,A,gas,13832.73,450.39,0
273,IT,rural,4,35-65,4,house,20-50yr,C,oil,21868.17,579.74,0
274,ES,rural,8,<35,2,apartment,<20yr,C,electric,32009.64,484.23,0
275,PT,urban,5,35-65,2,house,20-50yr,D,electric,19382.8,1164.28,0
276,ES,suburban,7,<35,1,apartment,20-50yr,G,wood,33026.01,651.44,0
277,IT,suburban,7,35-65,2,house,20-50yr,G,wood,31961.91,794.47,0
278,ES,suburban,4,<35,5,apartment,20-50yr,C,electric,16874.04,814.83,0
279,LV,urban,10,35-65,1,apartment,<20yr,C,wood,45836.43,352.32,0
280,LV,suburban,1,35-65,5,apartment,20-50yr,F,district,9257.98,3841.71,1
281,IT,rural,9,<35,2,apartment,<20yr,C,electric,35711.4,405.96,0
282,IT,urban,1,35-65,1,house,<20yr,F,gas,11259.05,1682.68,1
283,IT,rural,4,35-65,4,apartment,>50yr,B,wood,14627.02,434.6,0
284,IT,urban,9,35-65,1,other,<20yr,E,wood,36430.79,387.73,0
285,ES,urban,7,35-65,1,apartment,20-50yr,C,electric,31577.95,548.24,0
286,ES,urban,4,35-65,1,apartment,20-50yr,F,oil,19002.47,930.5,0
287,IT,suburban,9,35-65,4,apartment,20-50yr,E,gas,37155.28,786.74,0
288,ES,suburban,2,35-65,1,apartment,20-50yr,C,electric,14178.97,1234.13,0
289,ES,urban,7,35-65,3,house,>50yr,D,wood,31521.09,590.01,0
290,IT,suburban,6,35-65,3,apartment,20-50yr,E,wood,24087.42,733.91,0
291,PT,urban,3,35-65,3,house,20-50yr,G,gas,14834.53,2844.32,1
292,IT,urban,10,<35,1,apartment,>50yr,D,gas,65952.49,353.79,0
293,LV,rural,8,35-65,4,apartment,<20yr,C,gas,45828.37,1000.59,0
294,IT,suburban,1,<35,2,apartment,20-50yr,E,gas,8234.82,1852.9,1
295,PT,suburban,1,<35,1,house,20-50yr,C,wood,6608.32,1079.33,1
296,LV,suburban,1,35-65,5,apartment,<20yr,G,gas,6623.79,5209.91,1
297,LV,rural,5,>65,2,other,>50yr,F,wood,16984.21,1567.68,0
298,PT,urban,5,<35,2,apartment,>50yr,B,electric,19070.59,587.6,0
299,PT,urban,8,35-65,1,apartment,20-50yr,E,oil,36204.63,953.24,0
300,ES,urban,7,35-65,1,house,20-50yr,E,electric,30978.33,727.0,0
301,PT,suburban,1,>65,5,house,20-50yr,C,wood,9472.96,2532.43,1
302,IT,suburban,5,35-65,6,house,20-50yr,E,electric,15386.97,1309.0,0
303,ES,suburban,8,<35,3,apartment,20-50yr,D,gas,35941.94,494.98,0
304,ES,urban,9,<35,4,house,>50yr,D,electric,46077.36,717.18,0
305,LV,urban,3,35-65,3,apartment,20-50yr,E,electric,9187.63,2971.64,1
306,ES,suburban,1,<35,3,other,20-50yr,E,gas,8563.2,2114.69,1
307,ES,rural,2,>65,2,apartment,>50yr,F,district,16566.92,2264.12,1
308,ES,urban,4,>65,2,house,>50yr,D,oil,19652.51,949.89,0
309,IT,urban,5,>65,4,apartment,20-50yr,F,gas,21992.58,1588.51,0
310,IT,urban,4,35-65,1,house,20-50yr,D,oil,16796.34,651.9,0
311,ES,urban,1,35-65,1,house,>50yr,E,gas,8284.28,2042.12,1
312,ES,urban,4,35-65,2,house,20-50yr,C,electric,22038.05,744.12,0
313,IT,urban,3,<35,3,apartment,20-50yr,E,gas,13290.45,1247.58,0
314,ES,suburban,5,35-65,5,apartment,20-50yr,D,gas,25117.36,977.28,0
315,ES,urban,1,<35,3,house,>50yr,D,gas,8576.79,1520.15,1
316,IT,urban,8,35-65,2,house,20-50yr,B,electric,45947.87,391.17,0
317,ES,urban,5,>65,2,house,<20yr,E,gas,24726.61,909.62,0
318,PT,rural,4,>65,3,apartment,20-50yr,A,gas,18004.68,654.84,0
319,IT,urban,10,35-65,1,apartment,>50yr,D,gas,56041.53,419.58,0
320,LV,urban,8,35-65,3,apartment,20-50yr,D,gas,34347.46,923.38,0
321,LV,urban,2,<35,5,house,20-50yr,E,electric,12736.01,3133.99,1
322,ES,suburban,2,35-65,1,apartment,20-50yr,G,gas,10068.02,1811.75,1
323,IT,rural,1,<35,3,apartment,20-50yr,G,electric,8137.67,2577.95,1
324,ES,urban,6,35-65,2,house,>50yr,G,electric,24285.1,1239.61,0
325,PT,urban,4,35-65,2,apartment,20-50yr,G,gas,14310.84,1833.95,1
326,PT,urban,4,>65,1,house,>50yr,B,oil,18088.24,624.41,0
327,PT,suburban,6,>65,1,apartment,20-50yr,C,oil,19887.17,709.35,0
328,ES,rural,6,<35,1,apartment,<20yr,C,oil,23374.49,355.34,0
329,ES,urban,1,35-65,2,apartment,20-50yr,B,electric,8842.0,1383.7,1
330,IT,urban,2,<35,2,apartment,<20yr,F,gas,11282.26,1660.96,1
331,PT,suburban,8,35-65,1,house,>50yr,G,electric,36835.49,1226.58,0
332,IT,suburban,10,35-65,2,apartment,>50yr,E,district,48309.38,480.49,0
333,PT,urban,9,<35,3,apartment,<20yr,G,electric,50326.42,1277.04,0
334,LV,urban,10,<35,3,apartment,20-50yr,F,oil,48154.29,906.58,0
335,IT,urban,5,35-65,4,house,>50yr,D,electric,23347.17,1078.72,0
336,ES,suburban,9,<35,3,house,20-50yr,B,district,52249.43,308.32,0
337,IT,suburban,9,>65,1,apartment,>50yr,G,gas,34179.22,984.23,0
338,PT,suburban,9,35-65,5,apartment,<20yr,E,electric,40456.53,1124.07,0
339,IT,rural,2,35-65,4,apartment,<20yr,D,electric,10207.61,1843.99,1
340,LV,urban,2,>65,2,house,20-50yr,B,oil,11459.61,1449.01,1
341,IT,urban,5,35-65,1,apartment,20-50yr,F,oil,18228.88,828.88,0
342,LV,urban,6,35-65,4,apartment,>50yr,F,oil,20990.36,1313.73,0
343,PT,rural,10,>65,2,house,20-50yr,E,oil,54559.64,885.27,0
344,ES,suburban,4,<35,1,apartment,20-50yr,G,electric,16087.33,973.76,0
345,PT,urban,9,<35,2,house,20-50yr,D,gas,42068.79,651.43,0
346,PT,urban,9,35-65,3,apartment,20-50yr,G,wood,49161.21,854.79,0
347,LV,suburban,10,35-65,1,other,>50yr,E,gas,43151.78,937.46,0
348,IT,suburban,2,35-65,1,apartment,20-50yr,F,gas,10813.87,1951.62,1
349,ES,suburban,3,<35,6,apartment,>50yr,G,gas,12812.38,2189.69,1
350,IT,urban,3,35-65,1,apartment,20-50yr,F,electric,14049.78,2043.83,1
351,ES,rural,8,35-65,5,apartment,20-50yr,C,electric,32965.7,739.73,0
352,IT,suburban,7,>65,2,house,20-50yr,G,oil,25132.7,1164.58,0
353,ES,suburban,5,<35,4,apartment,20-50yr,E,electric,22275.36,1063.84,0
354,ES,suburban,1,<35,1,apartment,20-50yr,A,gas,12123.64,533.48,0
355,ES,rural,6,>65,4,house,20-50yr,E,gas,24625.64,1284.64,0
356,ES,rural,8,35-65,1,apartment,20-50yr,D,wood,32284.86,392.77,0
357,PT,suburban,5,<35,1,house,<20yr,E,wood,18824.23,641.12,0
358,PT,urban,3,<35,2,house,>50yr,D,wood,16107.16,1096.0,0
359,ES,urban,6,35-65,2,apartment,>50yr,B,gas,21918.52,451.68,0
360,ES,rural,7,35-65,2,house,20-50yr,C,district,36457.3,543.85,0
361,LV,suburban,6,35-65,2,house,>50yr,F,wood,19557.44,1052.99,0
362,IT,urban,9,>65,3,house,>50yr,C,electric,44258.58,673.57,0
363,IT,urban,4,<35,3,apartment,>50yr,E,oil,19330.88,734.74,0
364,IT,rural,7,<35,3,apartment,<20yr,E,gas,33634.92,783.45,0
365,PT,rural,9,35-65,4,other,20-50yr,C,oil,47705.25,656.4,0
366,ES,rural,3,>65,1,house,20-50yr,C,wood,14569.95,825.53,0
367,PT,urban,3,35-65,1,apartment,>50yr,D,electric,16644.76,1530.09,0
368,PT,suburban,1,35-65,4,apartment,20-50yr,G,gas,6895.0,3537.53,1
369,IT,rural,4,<35,2,house,20-50yr,G,electric,15888.26,1151.21,0
370,LV,urban,1,<35,3,house,>50yr,D,oil,7530.68,2092.6,1
371,PT,urban,8,>65,7,other,>50yr,A,oil,44972.28,757.76,0
372,IT,rural,1,<35,3,other,20-50yr,E,electric,8579.46,1879.54,1
373,ES,urban,7,<35,3,apartment,>50yr,D,district,33231.13,541.3,0
374,IT,suburban,6,35-65,4,house,>50yr,D,gas,24337.33,887.77,0
375,IT,suburban,10,35-65,2,apartment,20-50yr,D,gas,62168.87,551.81,0
376,IT,suburban,4,35-65,2,apartment,>50yr,E,gas,13865.43,970.28,0
377,LV,urban,4,35-65,5,apartment,<20yr,D,wood,16458.87,1134.22,0
378,ES,suburban,3,<35,1,other,<20yr,G,wood,13550.86,1061.68,0
379,ES,urban,6,35-65,4,apartment,>50yr,D,wood,23283.1,884.24,0
380,PT,rural,3,35-65,3,apartment,20-50yr,D,wood,13341.34,1455.65,1
381,ES,urban,2,<35,3,apartment,20-50yr,G,electric,11940.35,2485.73,1
382,LV,suburban,10,35-65,5,apartment,>50yr,D,gas,57002.05,1106.25,0
383,PT,suburban,7,35-65,4,apartment,20-50yr,B,electric,35882.48,585.03,0
384,ES,urban,2,>65,3,apartment,20-50yr,C,electric,8044.22,1707.22,1
385,ES,urban,7,>65,2,apartment,<20yr,F,electric,37503.52,1134.39,0
386,LV,suburban,4,>65,7,apartment,20-50yr,E,gas,15874.96,2594.45,1
387,PT,urban,2,35-65,1,house,<20yr,E,gas,13400.5,1716.32,1
388,LV,urban,5,<35,3,house,<20yr,B,electric,19725.09,692.67,0
389,IT,suburban,8,>65,2,house,>50yr,C,gas,38051.76,656.47,0
390,LV,rural,1,35-65,3,apartment,20-50yr,D,district,6806.78,2698.01,1
391,ES,suburban,4,35-65,2,apartment,20-50yr,D,gas,14581.9,804.15,0
392,IT,urban,10,>65,1,apartment,<20yr,D,district,60009.49,520.2,0
393,ES,rural,4,35-65,1,other,20-50yr,E,gas,11735.2,787.2,0
394,PT,suburban,1,<35,4,apartment,20-50yr,F,wood,6666.97,2602.29,1
395,IT,urban,5,35-65,1,apartment,20-50yr,E,electric,23559.41,803.72,0
396,ES,urban,7,35-65,3,other,20-50yr,E,gas,28192.09,723.38,0
397,PT,urban,10,35-65,2,other,20-50yr,E,gas,48182.85,767.65,0
398,IT,urban,7,35-65,1,apartment,<20yr,C,gas,37698.38,476.97,0
399,ES,suburban,1,35-65,3,house,<20yr,E,wood,10597.29,1613.5,1
400,ES,urban,9,35-65,3,apartment,20-50yr,C,gas,43002.69,457.48,0
401,IT,suburban,8,<35,6,apartment,<20yr,F,gas,43579.18,982.64,0
402,LV,urban,7,35-65,3,apartment,20-50yr,D,oil,37665.81,789.81,0
403,PT,urban,9,35-65,3,other,<20yr,E,electric,42894.9,1150.12,0
404,IT,urban,8,>65,3,apartment,>50yr,G,electric,33337.63,1520.0,0
405,LV,suburban,3,<35,2,house,20-50yr,D,gas,14187.55,1634.91,1
406,LV,suburban,5,>65,2,apartment,20-50yr,B,electric,16883.68,876.2,0
407,IT,urban,6,35-65,3,house,20-50yr,G,gas,27223.15,1071.04,0
408,PT,urban,5,35-65,2,house,20-50yr,D,electric,19987.47,898.18,0
409,IT,urban,7,35-65,4,house,20-50yr,D,gas,30255.25,800.25,0
410,LV,rural,8,<35,2,other,20-50yr,C,district,36227.56,575.08,0
411,PT,urban,2,35-65,2,house,20-50yr,D,electric,9686.83,1816.82,1
412,PT,suburban,6,35-65,3,house,20-50yr,E,electric,24866.04,1132.2,0
413,IT,urban,1,35-65,4,apartment,<20yr,F,wood,6524.29,2191.25,1
414,LV,urban,6,>65,1,other,>50yr,F,district,23255.03,1396.76,0
415,IT,suburban,5,<35,1,apartment,>50yr,E,wood,17770.23,551.56,0
416,IT,suburban,3,>65,3,apartment,<20yr,F,electric,12274.96,2665.65,1
417,IT,urban,10,35-65,4,apartment,>50yr,F,wood,39200.73,692.98,0
418,PT,rural,3,>65,2,apartment,<20yr,B,gas,13126.97,1293.66,0
419,IT,urban,1,35-65,1,house,<20yr,E,wood,8604.39,1321.57,1
420,LV,urban,4,35-65,2,apartment,<20yr,A,oil,17972.99,402.9,0
421,PT,urban,8,35-65,3,apartment,>50yr,D,electric,42355.75,1034.54,0
422,IT,suburban,1,>65,5,other,20-50yr,F,wood,6934.69,3294.61,1
423,IT,suburban,5,<35,3,other,>50yr,F,oil,19544.97,959.85,0
424,IT,urban,5,<35,2,apartment,20-50yr,G,oil,24097.15,878.86,0
425,ES,rural,9,>65,2,other,20-50yr,D,district,42445.1,653.93,0
426,PT,suburban,1,<35,4,apartment,20-50yr,B,oil,8225.11,1161.2,1
427,IT,rural,1,35-65,2,apartment,<20yr,B,gas,10985.42,1052.9,0
428,PT,rural,6,<35,6,other,>50yr,C,gas,24064.67,809.91,0
429,IT,rural,2,<35,3,house,20-50yr,D,electric,10229.48,1178.53,1
430,PT,suburban,8,35-65,1,house,20-50yr,E,gas,31018.16,793.65,0
431,LV,urban,3,35-65,3,apartment,<20yr,E,oil,13405.64,2034.39,1
432,PT,urban,6,35-65,3,apartment,>50yr,C,wood,29140.86,474.55,0
433,PT,suburban,1,35-65,1,apartment,20-50yr,C,gas,8718.77,1435.89,1
434,PT,urban,7,35-65,1,other,20-50yr,C,district,37191.62,571.8,0
435,IT,suburban,6,>65,1,apartment,20-50yr,F,oil,26390.45,1010.52,0
436,IT,urban,1,35-65,3,apartment,20-50yr,D,district,5716.27,1671.23,1
437,IT,rural,3,35-65,5,apartment,20-50yr,C,gas,15385.41,1434.8,0
438,ES,urban,1,35-65,3,house,<20yr,D,electric,8126.09,1952.73,1
439,PT,rural,1,35-65,1,apartment,20-50yr,C,electric,8002.05,1491.68,1
440,ES,urban,7,35-65,2,house,<20yr,D,wood,36014.87,549.76,0
441,LV,urban,5,35-65,4,apartment,<20yr,F,district,20153.3,1657.95,0
442,IT,rural,9,35-65,1,apartment,<20yr,D,wood,46906.23,342.56,0
443,PT,rural,3,35-65,1,apartment,20-50yr,C,gas,11912.0,1086.61,0
444,IT,suburban,8,>65,5,apartment,20-50yr,C,electric,28667.93,902.68,0
445,IT,rural,7,35-65,3,house,20-50yr,A,oil,27422.85,268.92,0
446,PT,urban,7,35-65,2,house,20-50yr,G,gas,28621.13,1422.3,0
447,LV,rural,9,35-65,1,apartment,20-50yr,E,district,46684.16,736.14,0
448,ES,urban,8,35-65,1,apartment,20-50yr,D,oil,30535.84,451.1,0
449,IT,suburban,8,35-65,1,apartment,20-50yr,E,wood,45130.71,454.23,0
450,ES,urban,8,>65,3,house,>50yr,C,district,31145.8,671.18,0
451,IT,urban,5,35-65,1,other,>50yr,D,gas,20724.22,682.77,0
452,LV,suburban,8,<35,3,house,>50yr,D,electric,36062.86,893.72,0
453,PT,suburban,9,<35,1,apartment,>50yr,F,oil,44974.15,852.19,0
454,IT,urban,8,35-65,2,apartment,>50yr,F,wood,38518.44,642.68,0
455,IT,rural,7,>65,4,other,20-50yr,C,oil,42119.46,683.54,0
456,IT,suburban,1,35-65,1,apartment,20-50yr,F,gas,7308.56,1733.21,1
457,LV,urban,5,35-65,1,house,>50yr,B,electric,22008.6,604.85,0
458,ES,suburban,1,35-65,1,other,<20yr,C,gas,7900.37,1338.52,1
459,PT,urban,2,>65,5,house,20-50yr,B,electric,12747.47,2306.23,1
460,ES,urban,4,>65,1,house,>50yr,C,district,18718.87,685.07,0
461,ES,suburban,5,<35,3,apartment,20-50yr,C,gas,21703.79,580.62,0
462,IT,urban,6,35-65,5,other,<20yr,G,gas,19981.43,1642.0,0
463,LV,urban,10,35-65,3,apartment,20-50yr,D,electric,51385.92,849.18,0
464,IT,suburban,8,35-65,3,other,<20yr,D,wood,31094.54,583.62,0
465,ES,urban,5,35-65,5,apartment,20-50yr,B,gas,19637.59,601.5,0
466,PT,rural,4,35-65,3,house,20-50yr,B,gas,15460.94,661.79,0
467,ES,suburban,8,35-65,2,other,20-50yr,C,electric,33307.8,469.87,0
468,LV,urban,3,<35,4,house,20-50yr,B,electric,13162.98,1241.3,0
469,IT,suburban,9,<35,1,apartment,<20yr,D,gas,40535.12,463.63,0
470,ES,urban,8,35-65,1,apartment,20-50yr,C,wood,34445.63,283.06,0
471,ES,suburban,7,<35,1,house,<20yr,C,wood,26101.43,342.47,0
472,ES,urban,3,35-65,4,house,20-50yr,E,electric,14077.98,1580.57,1
473,IT,rural,7,>65,6,apartment,20-50yr,G,gas,26204.07,1553.53,0
474,IT,urban,9,>65,1,house,<20yr,A,electric,39305.79,264.79,0
475,IT,suburban,1,<35,2,other,>50yr,F,gas,7940.0,2235.8,1
476,IT,urban,2,<35,4,house,20-50yr,E,electric,7468.23,1875.26,1
477,ES,urban,6,35-65,5,house,20-50yr,E,wood,36328.74,929.12,0
478,ES,suburban,4,35-65,6,other,20-50yr,E,gas,18933.17,1217.8,0
479,ES,suburban,8,<35,1,house,<20yr,E,gas,37769.2,547.41,0
480,ES,rural,5,>65,3,apartment,<20yr,G,gas,19418.89,1615.61,0
481,ES,urban,10,<35,3,other,>50yr,C,gas,55780.76,478.99,0
482,IT,urban,3,<35,3,apartment,20-50yr,D,gas,11676.46,1022.28,0
483,ES,urban,4,35-65,3,other,>50yr,E,electric,18835.34,1056.6,0
484,IT,urban,1,35-65,3,house,20-50yr,G,wood,6214.43,2540.29,1
485,IT,rural,3,35-65,4,house,>50yr,D,gas,11573.57,1390.84,1
486,ES,rural,3,35-65,1,apartment,>50yr,G,gas,12585.78,1770.97,1
487,ES,rural,8,>65,4,apartment,<20yr,E,district,45150.64,1060.92,0
488,IT,urban,4,<35,2,apartment,<20yr,E,electric,14833.98,767.5,0
489,ES,urban,3,35-65,2,house,20-50yr,F,wood,14718.56,1123.09,0
490,ES,suburban,4,<35,4,house,20-50yr,F,electric,12842.77,1370.86,1
491,PT,urban,6,35-65,6,apartment,20-50yr,E,gas,25093.21,1534.03,0
492,ES,suburban,8,35-65,1,apartment,20-50yr,F,gas,46702.39,674.24,0
493,PT,urban,10,35-65,4,house,>50yr,A,wood,59285.88,287.64,0
494,IT,urban,1,<35,2,apartment,<20yr,G,wood,5861.93,2133.24,1
495,PT,rural,9,>65,3,apartment,>50yr,F,electric,43281.55,1756.75,0
496,ES,urban,4,35-65,2,apartment,20-50yr,E,electric,16323.38,1250.71,0
497,ES,rural,9,>65,2,house,<20yr,B,electric,51684.43,421.12,0
498,ES,urban,1,35-65,4,house,>50yr,C,gas,7880.69,1697.11,1
499,ES,urban,7,>65,2,house,20-50yr,C,gas,24171.6,677.7,0
500,ES,urban,10,35-65,7,apartment,>50yr,C,district,53886.65,596.28,0
501,PT,urban,1,35-65,3,apartment,>50yr,E,gas,7206.72,2759.27,1
502,LV,suburban,8,35-65,2,house,<20yr,G,gas,26036.17,1041.11,0
503,LV,urban,2,35-65,5,other,20-50yr,E,oil,10716.22,3740.42,1
504,ES,suburban,10,35-65,3,apartment,<20yr,D,electric,55036.79,560.07,0
505,ES,rural,8,35-65,1,house,<20yr,G,district,38119.21,862.49,0
506,PT,urban,10,35-65,3,house,>50yr,G,gas,64068.92,1210.93,0
507,IT,urban,9,35-65,1,other,>50yr,E,wood,41226.78,465.14,0
508,PT,urban,4,35-65,3,apartment,20-50yr,D,gas,13971.37,1058.03,0
509,ES,suburban,5,35-65,3,apartment,20-50yr,E,gas,18523.11,994.29,0
510,IT,suburban,7,35-65,4,apartment,>50yr,D,electric,29916.34,888.21,0
511,IT,urban,2,35-65,2,house,20-50yr,C,wood,13199.49,974.97,0
512,PT,suburban,4,35-65,7,house,<20yr,E,electric,17510.38,1970.87,1
513,IT,suburban,1,>65,1,apartment,>50yr,E,gas,7842.92,1895.55,1
514,IT,urban,9,35-65,1,apartment,>50yr,D,electric,41501.9,472.26,0
515,IT,urban,3,<35,1,apartment,<20yr,G,gas,13982.81,1564.42,1
516,IT,rural,5,<35,2,house,20-50yr,G,wood,27968.79,733.33,0
517,IT,urban,5,35-65,2,other,<20yr,E,district,20735.9,675.1,0
518,PT,urban,4,35-65,3,apartment,20-50yr,B,oil,16821.59,571.59,0
519,IT,urban,8,35-65,2,house,20-50yr,A,electric,36207.22,254.21,0
520,PT,suburban,10,<35,2,apartment,20-50yr,E,electric,49693.87,671.46,0
521,LV,urban,6,>65,3,house,>50yr,F,electric,19780.21,2098.44,1
522,ES,urban,9,35-65,4,house,20-50yr,E,gas,33122.07,959.45,0
523,IT,urban,2,35-65,1,apartment,>50yr,A,gas,9863.86,486.67,0
524,ES,suburban,10,<35,4,house,20-50yr,B,oil,65661.81,267.29,0
525,IT,urban,2,<35,3,house,20-50yr,C,wood,13104.54,913.11,0
526,ES,rural,1,<35,1,other,20-50yr,E,gas,6766.91,1715.12,1
527,LV,urban,1,35-65,4,house,20-50yr,D,wood,7812.44,2642.33,1
528,LV,urban,3,35-65,1,apartment,>50yr,B,wood,14278.96,750.91,0
529,PT,rural,9,<35,5,house,20-50yr,E,district,38569.46,1126.58,0
530,IT,rural,4,35-65,2,house,20-50yr,G,district,21295.67,1129.93,0
531,PT,urban,8,<35,4,apartment,>50yr,D,gas,40359.36,1089.36,0
532,PT,rural,5,35-65,1,other,>50yr,B,electric,22168.03,620.13,0
533,ES,suburban,2,<35,2,apartment,<20yr,E,wood,11113.63,1344.94,1
534,ES,urban,5,<35,2,other,<20yr,G,wood,16611.06,747.34,0
535,IT,rural,3,<35,1,apartment,20-50yr,B,gas,17160.37,480.94,0
536,IT,suburban,3,35-65,3,apartment,<20yr,C,electric,15273.73,1153.73,0
537,ES,urban,6,>65,2,apartment,>50yr,E,wood,26582.81,815.21,0
538,IT,suburban,8,35-65,2,house,20-50yr,D,gas,32227.7,552.68,0
539,IT,urban,6,<35,2,house,<20yr,G,gas,22673.43,880.76,0
540,PT,urban,3,>65,1,apartment,20-50yr,F,gas,15078.06,2371.76,1
541,LV,rural,8,>65,1,apartment,20-50yr,B,gas,42472.42,547.04,0
542,ES,suburban,7,35-65,6,other,20-50yr,G,electric,38858.38,1775.75,0
543,PT,suburban,3,<35,5,house,20-50yr,E,gas,12537.86,1961.91,1
544,LV,suburban,9,35-65,1,apartment,>50yr,D,wood,41987.36,580.69,0
545,IT,suburban,9,>65,2,house,>50yr,C,gas,31407.61,484.23,0
546,ES,urban,7,35-65,1,apartment,>50yr,E,wood,20739.27,563.76,0
547,ES,rural,3,35-65,2,apartment,<20yr,G,gas,15145.68,2009.98,1
548,IT,suburban,4,35-65,5,apartment,20-50yr,A,wood,15397.5,282.53,0
549,PT,suburban,5,>65,4,house,>50yr,D,gas,15619.78,1420.73,0
550,ES,suburban,2,<35,2,apartment,20-50yr,G,oil,9239.16,1870.58,1
551,ES,urban,4,<35,2,other,20-50yr,D,gas,18423.46,624.62,0
552,IT,urban,2,>65,2,apartment,>50yr,A,electric,11652.04,728.19,0
553,IT,urban,2,<35,1,other,>50yr,B,gas,8604.69,656.67,0
554,LV,urban,8,35-65,1,apartment,>50yr,E,gas,43335.92,935.77,0
555,IT,suburban,2,35-65,4,apartment,20-50yr,F,oil,9909.96,2477.84,1
556,IT,rural,5,<35,1,apartment,20-50yr,B,gas,21884.07,283.05,0
557,IT,urban,5,<35,5,apartment,20-50yr,C,district,21118.86,554.62,0
558,ES,urban,1,35-65,4,apartment,20-50yr,E,electric,7986.14,2568.45,1
559,ES,suburban,9,35-65,1,house,<20yr,E,gas,37362.2,619.33,0
560,ES,urban,10,35-65,1,house,>50yr,C,district,54799.75,354.14,0
561,IT,rural,7,35-65,1,house,20-50yr,D,gas,31236.98,489.4,0
562,IT,urban,7,>65,4,apartment,20-50yr,E,wood,29116.35,964.34,0
563,PT,urban,3,35-65,1,house,>50yr,A,gas,14213.55,686.47,0
564,ES,urban,9,>65,1,apartment,>50yr,C,electric,50727.73,574.01,0
565,ES,rural,8,35-65,3,house,<20yr,G,wood,33543.08,802.74,0
566,PT,urban,5,<35,6,house,20-50yr,G,gas,23162.3,1761.77,0
567,PT,suburban,8,35-65,3,apartment,20-50yr,D,oil,34881.52,794.62,0
568,IT,urban,10,>65,4,apartment,20-50yr,G,gas,68102.54,1166.88,0
569,ES,urban,7,<35,3,other,<20yr,E,oil,24295.73,757.0,0
570,ES,rural,2,35-65,1,apartment,20-50yr,G,gas,13376.05,1732.81,1
571,IT,urban,4,35-65,1,house,>50yr,G,gas,16158.63,1065.44,0
572,PT,urban,2,<35,3,other,>50yr,E,gas,15099.52,2381.35,1
573,ES,suburban,4,35-65,2,apartment,20-50yr,D,electric,18680.73,956.85,0
574,PT,rural,9,<35,2,apartment,20-50yr,B,district,48849.17,370.71,0
575,LV,urban,2,<35,4,apartment,<20yr,E,district,10737.66,2182.21,1
576,ES,urban,9,>65,1,house,>50yr,D,oil,47622.62,704.78,0
577,LV,rural,3,35-65,2,apartment,>50yr,E,wood,15504.09,1742.34,1
578,ES,suburban,5,35-65,5,apartment,>50yr,B,wood,20556.15,539.42,0
579,LV,rural,6,35-65,4,apartment,20-50yr,F,electric,28036.87,2063.97,0
580,IT,suburban,2,>65,7,other,20-50yr,G,gas,6644.33,4446.83,1
581,ES,suburban,2,35-65,1,house,20-50yr,C,oil,9986.9,963.82,0
582,ES,urban,4,35-65,2,house,20-50yr,E,gas,17556.27,1169.67,0
583,IT,urban,1,35-65,3,other,20-50yr,F,wood,8625.52,1670.42,1
584,ES,suburban,8,35-65,1,house,<20yr,E,electric,41650.82,709.88,0
585,LV,suburban,6,35-65,3,other,<20yr,G,gas,24070.12,1520.21,0
586,ES,rural,9,35-65,4,apartment,20-50yr,E,wood,40553.94,685.13,0
587,IT,suburban,9,35-65,2,apartment,>50yr,C,gas,49005.31,453.28,0
588,IT,urban,4,<35,2,house,>50yr,D,district,20799.58,522.96,0
589,IT,suburban,9,>65,2,apartment,>50yr,D,district,48046.99,581.15,0
590,IT,suburban,1,>65,3,apartment,20-50yr,C,electric,7818.44,1717.7,1
591,LV,urban,5,35-65,3,house,>50yr,F,oil,30778.23,1606.12,0
592,ES,suburban,7,35-65,2,house,20-50yr,E,gas,30359.22,749.13,0
593,IT,suburban,5,35-65,2,apartment,<20yr,D,electric,21692.95,794.67,0
594,ES,urban,8,35-65,2,apartment,20-50yr,D,wood,45991.65,467.35,0
595,IT,suburban,9,35-65,5,apartment,<20yr,D,gas,54076.96,747.24,0
596,IT,suburban,5,35-65,2,apartment,>50yr,D,gas,23351.22,745.71,0
597,PT,rural,3,<35,3,apartment,>50yr,E,gas,12228.96,1848.95,1
598,ES,urban,6,<35,4,apartment,20-50yr,D,oil,25426.07,698.06,0
599,LV,suburban,9,35-65,3,house,20-50yr,F,oil,46470.42,1199.49,0
600,ES,suburban,10,35-65,4,apartment,20-50yr,G,gas,73710.32,1104.84,0
601,ES,suburban,9,<35,3,apartment,<20yr,E,gas,66931.06,615.82,0
602,PT,urban,3,<35,4,house,20-50yr,F,wood,12796.93,1774.52,1
603,LV,rural,3,35-65,6,apartment,>50yr,G,gas,15910.14,4186.12,1
604,PT,rural,6,35-65,4,apartment,>50yr,C,gas,22123.22,997.49,0
605,LV,suburban,5,35-65,4,apartment,<20yr,C,gas,20610.33,955.44,0
606,PT,suburban,7,35-65,1,house,20-50yr,B,wood,26339.57,322.65,0
607,LV,urban,10,>65,3,apartment,<20yr,D,gas,70648.6,1093.88,0
608,IT,suburban,6,35-65,2,apartment,<20yr,D,gas,25907.97,740.28,0
609,PT,urban,4,>65,6,house,<20yr,E,electric,18287.49,2512.5,1
610,ES,suburban,9,<35,3,house,<20yr,D,gas,43318.9,546.25,0
611,ES,urban,5,35-65,6,house,20-50yr,C,district,22219.43,859.4,0
612,PT,suburban,7,<35,1,other,20-50yr,D,wood,31905.16,416.7,0
613,LV,urban,2,<35,1,house,20-50yr,A,electric,9925.58,764.22,0
614,LV,suburban,6,<35,1,apartment,20-50yr,E,electric,19408.36,951.17,0
615,IT,suburban,5,<35,3,apartment,<20yr,C,gas,17208.6,557.29,0
616,PT,urban,2,>65,3,apartment,>50yr,B,electric,8639.03,1872.44,1
617,PT,urban,3,35-65,5,apartment,>50yr,B,gas,14415.36,1268.5,0
618,IT,rural,8,>65,5,apartment,<20yr,F,electric,31850.31,1507.42,0
619,IT,suburban,2,35-65,3,apartment,20-50yr,C,gas,12742.09,1183.93,0
620,IT,urban,2,35-65,2,house,<20yr,E,oil,11404.35,1870.02,1
621,PT,urban,1,<35,5,house,>50yr,F,gas,6074.67,3511.84,1
622,ES,urban,1,35-65,2,apartment,20-50yr,D,electric,7522.28,1904.06,1
623,LV,suburban,5,35-65,2,apartment,<20yr,B,gas,15273.13,724.85,0
624,ES,suburban,5,>65,4,apartment,>50yr,E,gas,17688.1,1274.53,0
625,LV,urban,7,>65,5,apartment,>50yr,B,electric,27872.96,997.2,0
626,ES,suburban,6,<35,1,apartment,20-50yr,F,electric,21694.77,885.01,0
627,PT,suburban,6,35-65,3,apartment,20-50yr,F,district,33168.92,1462.5,0
628,IT,suburban,10,35-65,6,apartment,20-50yr,D,gas,61537.86,740.39,0
629,ES,urban,3,35-65,3,other,20-50yr,C,gas,13328.22,1137.54,0
630,PT,urban,8,<35,5,apartment,20-50yr,F,electric,44591.87,1157.84,0
631,LV,urban,1,35-65,2,house,>50yr,E,gas,6912.09,3281.77,1
632,PT,urban,9,35-65,1,apartment,>50yr,B,wood,40909.93,279.11,0
633,IT,urban,4,35-65,4,apartment,20-50yr,F,gas,19891.38,1181.89,0
634,ES,urban,4,35-65,1,apartment,20-50yr,D,wood,14803.4,557.61,0
635,IT,urban,2,<35,2,other,20-50yr,G,oil,12190.42,1677.09,1
636,IT,suburban,6,>65,2,apartment,20-50yr,F,gas,26122.4,945.75,0
637,PT,urban,4,<35,4,apartment,>50yr,C,electric,19113.83,785.33,0
638,PT,suburban,10,<35,4,other,<20yr,C,electric,72020.0,628.19,0
639,PT,urban,2,35-65,1,apartment,<20yr,D,electric,11777.91,2097.21,1
640,LV,suburban,5,>65,3,apartment,<20yr,F,gas,21400.8,2327.16,1
641,PT,urban,10,35-65,2,house,>50yr,B,electric,43935.82,466.55,0
642,PT,suburban,9,<35,4,apartment,20-50yr,D,oil,44377.96,730.85,0
643,IT,suburban,8,<35,4,other,20-50yr,E,electric,33499.39,866.17,0
644,IT,urban,6,35-65,1,apartment,20-50yr,A,electric,24542.51,292.98,0
645,ES,suburban,9,35-65,6,house,>50yr,B,wood,40052.26,404.85,0
646,LV,urban,3,<35,2,apartment,<20yr,F,electric,15071.18,2325.17,1
647,IT,suburban,9,>65,2,house,20-50yr,E,electric,37062.56,920.69,0
648,ES,urban,6,<35,4,house,>50yr,E,gas,25807.97,955.1,0
649,PT,urban,4,35-65,3,house,20-50yr,C,gas,14968.75,753.5,0
650,IT,urban,3,<35,2,house,20-50yr,E,gas,10689.34,1191.68,1
651,ES,rural,6,35-65,1,house,20-50yr,E,electric,23750.79,845.81,0
652,LV,urban,1,35-65,2,apartment,>50yr,D,wood,8576.5,1592.6,1
653,PT,suburban,8,35-65,1,apartment,20-50yr,G,gas,32039.5,1212.14,0
654,IT,urban,3,35-65,2,apartment,>50yr,A,oil,14289.8,493.59,0
655,LV,urban,4,>65,2,apartment,>50yr,D,gas,16572.65,1125.15,0
656,IT,urban,2,>65,2,apartment,>50yr,G,gas,9417.62,2658.03,1
657,LV,rural,5,35-65,4,house,<20yr,C,gas,22830.95,977.86,0
658,IT,suburban,4,35-65,2,house,20-50yr,G,electric,15871.13,1173.92,0
659,ES,urban,2,>65,4,other,20-50yr,D,gas,11635.82,2072.09,1
660,ES,suburban,9,<35,2,apartment,20-50yr,C,gas,34541.87,372.47,0
661,IT,urban,8,<35,1,house,20-50yr,B,electric,36746.41,309.11,0
662,LV,urban,4,<35,1,house,20-50yr,D,electric,19216.7,1029.56,0
663,IT,suburban,1,>65,1,other,20-50yr,G,electric,8433.46,3314.25,1
664,IT,urban,9,<35,4,house,20-50yr,G,gas,49160.05,829.45,0
665,IT,urban,7,35-65,2,apartment,20-50yr,E,gas,33050.0,804.79,0
666,PT,suburban,6,35-65,1,apartment,20-50yr,B,gas,26147.62,495.61,0
667,PT,urban,7,<35,4,other,20-50yr,D,gas,34059.16,640.13,0
668,LV,rural,1,35-65,1,house,20-50yr,D,electric,7563.83,2662.75,1
669,IT,suburban,5,35-65,2,house,<20yr,C,electric,22707.93,617.64,0
670,ES,rural,2,<35,2,house,>50yr,B,district,11036.0,682.63,0
671,IT,suburban,7,>65,4,house,20-50yr,D,wood,39598.43,636.21,0
672,ES,rural,10,<35,4,house,20-50yr,D,gas,57303.26,657.61,0
673,LV,urban,6,>65,2,other,>50yr,F,gas,20615.78,1781.29,0
674,PT,suburban,7,35-65,2,other,20-50yr,D,wood,31160.53,714.23,0
675,ES,suburban,7,<35,5,apartment,20-50yr,A,gas,26010.88,259.75,0
676,ES,rural,10,<35,5,apartment,>50yr,A,electric,61350.7,282.71,0
677,LV,urban,1,35-65,2,apartment,<20yr,E,oil,8947.87,2892.27,1
678,ES,suburban,4,35-65,2,apartment,20-50yr,E,electric,15972.05,1000.06,0
679,IT,suburban,3,<35,3,house,>50yr,C,gas,11981.72,774.38,0
680,ES,urban,8,>65,7,house,>50yr,G,gas,36724.12,1903.47,0
681,IT,rural,5,35-65,5,apartment,20-50yr,E,gas,18337.13,1007.15,0
682,IT,urban,8,>65,2,apartment,20-50yr,C,gas,31745.51,543.87,0
683,IT,urban,5,<35,1,apartment,20-50yr,C,gas,19464.9,470.1,0
684,ES,suburban,10,<35,3,house,>50yr,G,electric,60399.44,903.16,0
685,ES,urban,8,35-65,1,house,20-50yr,D,electric,28815.93,597.07,0
686,IT,urban,1,35-65,1,apartment,20-50yr,C,gas,7143.97,1014.0,1
687,ES,urban,10,<35,2,apartment,<20yr,E,gas,78818.19,546.91,0
688,LV,urban,10,<35,1,house,>50yr,C,district,73729.56,410.2,0
689,PT,suburban,1,<35,3,apartment,20-50yr,F,gas,9591.83,2563.08,1
690,ES,rural,4,35-65,6,house,>50yr,F,gas,17615.33,1734.44,0
691,IT,suburban,10,35-65,2,other,20-50yr,F,electric,61567.39,871.74,0
692,LV,urban,9,>65,3,apartment,20-50yr,E,gas,40588.83,1265.01,0
693,IT,suburban,5,<35,1,apartment,20-50yr,E,gas,13996.53,653.27,0
694,IT,rural,6,35-65,1,apartment,20-50yr,D,gas,22950.6,484.57,0
695,LV,suburban,1,35-65,5,apartment,20-50yr,G,district,7450.97,4768.3,1
696,ES,urban,6,35-65,1,apartment,<20yr,B,electric,25106.08,439.31,0
697,PT,urban,7,>65,4,apartment,20-50yr,C,electric,32254.04,992.81,0
698,ES,rural,4,>65,4,apartment,20-50yr,G,wood,22417.46,1507.06,0
699,PT,rural,4,<35,1,house,>50yr,G,electric,17583.62,1309.14,0
700,IT,urban,9,35-65,3,apartment,20-50yr,E,gas,36990.9,973.2,0
701,IT,rural,5,>65,2,house,20-50yr,D,electric,20391.81,1232.64,0
702,IT,urban,3,<35,5,apartment,20-50yr,B,electric,15420.12,901.01,0
703,IT,urban,4,35-65,1,apartment,<20yr,E,gas,17207.9,727.67,0
704,LV,suburban,5,35-65,1,apartment,20-50yr,A,wood,18615.5,302.8,0
705,IT,suburban,3,35-65,4,apartment,>50yr,D,gas,15146.1,1595.55,1
706,ES,urban,6,35-65,1,apartment,20-50yr,D,gas,21061.7,520.71,0
707,PT,rural,9,35-65,2,house,20-50yr,G,gas,37690.73,946.28,0
708,PT,rural,8,>65,3,other,>50yr,G,gas,38318.5,1540.9,0
709,ES,urban,3,35-65,2,apartment,>50yr,G,district,12444.46,1913.37,1
710,ES,suburban,5,>65,2,apartment,>50yr,F,electric,19918.32,1527.58,0
711,LV,suburban,6,35-65,1,apartment,20-50yr,C,gas,25059.72,731.49,0
712,PT,suburban,7,35-65,4,house,20-50yr,A,electric,29811.96,496.51,0
713,PT,rural,8,35-65,4,apartment,20-50yr,D,wood,31136.07,746.64,0
714,LV,suburban,5,35-65,2,apartment,20-50yr,C,electric,22061.95,889.73,0
715,PT,urban,4,>65,1,house,20-50yr,E,electric,15249.82,1481.57,0
716,IT,urban,7,<35,2,house,>50yr,D,oil,38428.31,593.76,0
717,ES,rural,2,>65,1,house,20-50yr,G,gas,10357.24,2708.29,1
718,IT,rural,7,35-65,3,apartment,>50yr,D,electric,32864.12,750.13,0
719,PT,urban,9,35-65,2,apartment,>50yr,D,electric,47998.6,834.86,0
720,LV,urban,8,35-65,4,apartment,20-50yr,F,wood,34133.79,1380.61,0
721,ES,suburban,5,35-65,1,house,<20yr,E,wood,18164.34,601.76,0
722,ES,urban,9,35-65,5,house,>50yr,C,district,47973.52,529.77,0
723,IT,urban,6,35-65,2,apartment,<20yr,E,gas,20196.03,750.87,0
724,LV,rural,6,<35,1,house,>50yr,E,wood,20664.31,774.47,0
725,IT,rural,9,35-65,3,apartment,<20yr,B,oil,47098.8,320.32,0
726,IT,rural,2,35-65,2,house,20-50yr,D,gas,10673.65,1476.74,1
727,IT,suburban,8,35-65,1,apartment,20-50yr,G,district,32378.19,644.37,0
728,IT,urban,7,35-65,2,apartment,20-50yr,C,wood,27837.86,386.41,0
729,ES,rural,6,<35,1,apartment,>50yr,D,wood,22188.0,416.18,0
730,ES,urban,1,35-65,1,house,<20yr,C,gas,11096.32,1439.51,1
731,IT,urban,8,35-65,2,apartment,<20yr,E,gas,41941.58,771.15,0
732,IT,rural,3,35-65,1,apartment,20-50yr,G,district,12371.68,1440.78,1
733,IT,suburban,9,35-65,2,house,>50yr,D,district,41029.97,467.21,0
734,ES,rural,8,35-65,4,house,20-50yr,F,gas,39371.47,984.68,0
735,IT,urban,4,35-65,3,house,>50yr,F,gas,15117.15,1013.62,0
736,PT,rural,5,<35,1,house,<20yr,C,electric,19311.75,721.62,0
737,IT,suburban,1,<35,2,house,>50yr,F,gas,7650.14,1769.55,1
738,IT,suburban,5,35-65,5,house,>50yr,G,electric,18399.34,1930.36,1
739,ES,rural,1,<35,2,apartment,>50yr,G,district,9430.06,2092.78,1
740,ES,urban,10,<35,3,apartment,20-50yr,E,gas,49411.3,605.46,0
741,IT,suburban,7,<35,1,apartment,>50yr,C,oil,29480.59,359.31,0
742,IT,suburban,3,35-65,4,apartment,20-50yr,B,electric,14247.18,1061.92,0
743,LV,suburban,9,>65,2,apartment,>50yr,C,gas,54550.23,752.96,0
744,IT,rural,1,<35,4,apartment,>50yr,E,electric,7897.11,2314.0,1
745,ES,suburban,6,35-65,2,apartment,20-50yr,D,electric,34446.9,758.85,0
746,ES,urban,2,>65,1,house,>50yr,E,wood,10417.54,1623.7,1
747,IT,urban,1,>65,4,house,>50yr,F,electric,7739.4,3697.02,1
748,ES,rural,3,<35,1,house,>50yr,C,district,16112.61,646.03,0
749,PT,rural,3,>65,3,other,20-50yr,G,gas,18672.82,3642.38,1
750,PT,rural,8,<35,1,apartment,>50yr,B,district,34599.65,276.35,0
751,IT,urban,9,35-65,3,apartment,20-50yr,C,electric,51760.32,614.56,0
752,IT,urban,8,<35,2,apartment,>50yr,F,gas,40879.62,701.54,0
753,IT,suburban,8,35-65,6,apartment,<20yr,C,gas,32117.54,637.89,0
754,ES,suburban,6,<35,1,apartment,20-50yr,C,gas,24932.23,434.33,0
755,PT,urban,4,35-65,3,house,<20yr,G,electric,17393.54,1773.27,1
756,IT,suburban,3,<35,1,apartment,>50yr,G,district,11993.07,1279.09,1
757,IT,urban,10,35-65,2,apartment,20-50yr,F,wood,56371.31,576.42,0
758,LV,suburban,6,35-65,2,apartment,>50yr,C,gas,25301.85,892.88,0
759,IT,urban,6,<35,5,apartment,>50yr,C,gas,26445.49,611.68,0
760,ES,urban,1,>65,1,house,20-50yr,C,electric,8084.25,1479.95,1
761,PT,urban,5,35-65,2,house,>50yr,C,wood,18999.87,626.34,0
762,IT,rural,7,<35,4,house,20-50yr,G,wood,43298.66,885.6,0
763,IT,suburban,5,<35,1,house,20-50yr,C,gas,21694.66,356.28,0
764,IT,rural,7,35-65,1,apartment,20-50yr,F,gas,36458.79,684.73,0
765,LV,suburban,9,<35,1,apartment,20-50yr,B,gas,45920.45,454.55,0
766,IT,urban,1,35-65,2,house,<20yr,E,electric,10029.08,2047.95,1
767,IT,urban,10,35-65,1,apartment,20-50yr,B,gas,48956.36,263.9,0
768,IT,suburban,9,35-65,3,apartment,20-50yr,B,gas,42430.32,363.23,0
769,IT,urban,5,35-65,2,apartment,20-50yr,C,wood,19634.97,415.72,0
770,ES,suburban,8,35-65,2,house,>50yr,G,electric,33040.17,907.47,0
771,IT,rural,1,35-65,4,apartment,<20yr,E,district,8327.54,1892.28,1
772,ES,rural,4,35-65,3,other,>50yr,E,wood,16865.47,769.99,0
773,ES,urban,2,>65,4,apartment,>50yr,C,gas,8880.18,1699.29,1
774,PT,suburban,7,<35,6,apartment,>50yr,F,gas,28668.2,1314.98,0
775,IT,urban,9,35-65,7,apartment,20-50yr,E,electric,40581.01,967.07,0
776,LV,urban,7,>65,1,apartment,<20yr,D,oil,34237.04,928.28,0
777,ES,suburban,8,35-65,1,apartment,>50yr,E,electric,28976.36,807.52,0
778,IT,suburban,2,>65,3,house,>50yr,G,district,10185.45,2590.18,1
779,PT,suburban,10,35-65,1,apartment,>50yr,G,wood,49144.96,760.16,0
780,LV,urban,2,35-65,4,apartment,20-50yr,G,electric,12300.49,5163.46,1
781,IT,rural,6,35-65,6,apartment,20-50yr,D,gas,23035.99,884.74,0
782,LV,rural,7,<35,5,apartment,20-50yr,A,gas,35096.68,572.04,0
783,ES,suburban,9,>65,2,other,20-50yr,C,electric,42697.39,694.06,0
784,ES,rural,10,<35,3,apartment,>50yr,C,gas,59192.76,410.14,0
785,LV,urban,6,>65,5,house,<20yr,D,wood,29510.06,1280.05,0
786,ES,suburban,6,35-65,1,apartment,<20yr,D,electric,20875.06,774.42,0
787,PT,rural,5,>65,1,apartment,<20yr,E,gas,20235.65,1148.75,0
788,IT,rural,6,>65,3,house,<20yr,E,wood,26630.06,837.76,0
789,PT,rural,7,35-65,3,apartment,20-50yr,E,electric,30903.82,1423.05,0
790,ES,suburban,7,>65,4,house,<20yr,G,gas,24696.17,1539.92,0
791,IT,rural,6,35-65,1,apartment,20-50yr,A,electric,27753.25,244.91,0
792,ES,suburban,5,35-65,3,apartment,20-50yr,A,oil,21150.87,288.87,0
793,IT,urban,2,35-65,1,other,>50yr,E,electric,11213.62,1339.62,1
794,IT,urban,1,<35,2,apartment,20-50yr,E,gas,7738.74,1810.61,1
795,IT,suburban,5,<35,2,other,<20yr,D,oil,13029.99,556.84,0
796,IT,suburban,4,35-65,4,other,>50yr,G,oil,18992.03,1507.22,0
797,IT,suburban,7,35-65,2,apartment,20-50yr,C,gas,32766.31,487.42,0
798,IT,rural,10,<35,2,apartment,20-50yr,E,gas,51630.77,498.99,0
799,PT,suburban,8,35-65,2,house,20-50yr,G,electric,28813.41,1280.73,0
800,PT,urban,9,35-65,2,apartment,>50yr,D,gas,39681.62,780.61,0
801,PT,urban,6,35-65,2,house,20-50yr,E,district,29024.06,871.78,0
802,IT,suburban,10,>65,7,apartment,>50yr,B,gas,51736.12,618.69,0
803,LV,suburban,10,>65,2,apartment,20-50yr,D,oil,55186.1,912.44,0
804,ES,suburban,2,>65,2,apartment,<20yr,A,district,10463.16,592.78,0
805,IT,suburban,7,35-65,1,house,<20yr,E,gas,31453.33,631.99,0
806,IT,suburban,6,<35,5,house,>50yr,E,electric,20518.95,982.51,0
807,PT,suburban,10,>65,2,house,20-50yr,G,gas,53356.48,1319.2,0
808,IT,rural,6,<35,2,apartment,20-50yr,E,electric,29468.37,889.76,0
809,ES,urban,1,<35,2,apartment,>50yr,A,district,6971.85,530.35,0
810,LV,suburban,3,35-65,2,apartment,20-50yr,F,district,13434.64,2161.69,1
811,IT,suburban,2,35-65,1,apartment,<20yr,D,electric,12882.04,1306.03,1
812,IT,urban,3,35-65,4,apartment,>50yr,F,wood,15659.26,1560.49,0
813,LV,suburban,1,<35,5,house,20-50yr,C,wood,8561.71,1642.03,1
814,ES,suburban,8,35-65,1,apartment,20-50yr,F,gas,38162.25,705.55,0
815,IT,suburban,5,<35,2,apartment,>50yr,G,wood,22208.51,799.98,0
816,LV,suburban,7,35-65,2,house,20-50yr,B,gas,28980.62,650.53,0
817,LV,urban,10,35-65,2,apartment,20-50yr,E,district,64887.29,790.25,0
818,ES,urban,7,35-65,2,other,20-50yr,E,wood,27964.01,655.46,0
819,ES,urban,5,35-65,1,apartment,<20yr,C,electric,18090.36,535.07,0
820,IT,urban,3,<35,1,apartment,20-50yr,D,gas,11375.6,890.47,0
821,IT,suburban,8,<35,4,house,20-50yr,E,district,32819.52,574.09,0
822,ES,rural,6,<35,1,house,20-50yr,C,gas,22747.82,384.36,0
823,IT,suburban,8,35-65,3,house,<20yr,A,electric,32356.36,260.86,0
824,PT,urban,1,>65,3,apartment,20-50yr,F,electric,6706.65,4507.86,1
825,PT,urban,2,35-65,3,apartment,20-50yr,E,gas,11634.78,2190.55,1
826,IT,urban,2,35-65,2,house,20-50yr,C,gas,9544.1,885.66,0
827,ES,suburban,7,>65,2,apartment,>50yr,G,gas,32572.41,1140.66,0
828,IT,urban,6,35-65,2,house,<20yr,G,district,27855.39,928.44,0
829,LV,suburban,4,<35,6,apartment,<20yr,G,wood,25742.7,1587.56,0
830,IT,suburban,4,35-65,2,apartment,>50yr,E,wood,16346.45,660.46,0
831,ES,suburban,7,35-65,4,apartment,<20yr,C,electric,29289.99,722.35,0
832,ES,urban,10,35-65,1,house,>50yr,C,oil,49174.91,335.2,0
833,ES,urban,10,35-65,3,apartment,20-50yr,G,electric,46136.29,1044.96,0
834,PT,suburban,5,35-65,1,other,20-50yr,G,oil,19717.08,1544.81,0
835,PT,suburban,7,35-65,2,apartment,20-50yr,F,wood,26703.56,890.75,0
836,ES,urban,1,35-65,2,apartment,20-50yr,E,gas,6698.19,1990.16,1
837,PT,rural,10,<35,2,apartment,>50yr,D,district,56987.6,540.69,0
838,LV,suburban,1,>65,1,house,<20yr,F,district,6811.68,3103.53,1
839,ES,suburban,4,35-65,1,house,>50yr,A,electric,19050.31,283.67,0
840,ES,urban,8,<35,4,apartment,>50yr,E,district,40931.24,684.14,0
841,IT,urban,10,<35,3,apartment,>50yr,E,wood,48309.34,471.74,0
842,PT,urban,2,<35,1,house,<20yr,F,gas,13567.43,1779.94,1
843,ES,urban,7,<35,4,apartment,>50yr,D,gas,31860.78,718.52,0
844,ES,suburban,2,<35,1,house,>50yr,F,oil,10880.4,1714.95,1
845,IT,suburban,1,<35,3,house,<20yr,B,wood,6126.64,600.46,0
846,LV,rural,5,>65,3,apartment,>50yr,C,gas,16241.08,1200.34,0
847,ES,rural,6,>65,5,house,<20yr,B,electric,31651.18,754.88,0
848,PT,urban,3,35-65,1,house,>50yr,D,electric,17064.55,1476.13,0
849,IT,urban,10,35-65,3,apartment,<20yr,D,electric,69914.79,644.39,0
850,LV,suburban,7,35-65,1,apartment,20-50yr,D,gas,39638.07,948.39,0
851,IT,rural,5,35-65,4,apartment,20-50yr,D,gas,25809.15,868.5,0
852,IT,rural,5,>65,3,house,<20yr,D,wood,21764.48,846.96,0
853,LV,urban,5,35-65,2,house,<20yr,D,gas,22839.55,1034.78,0
854,LV,urban,2,35-65,3,apartment,<20yr,F,electric,9926.88,3687.28,1
855,IT,urban,7,>65,1,apartment,>50yr,B,electric,31093.14,430.36,0
856,ES,rural,8,35-65,5,apartment,<20yr,D,district,40260.07,741.52,0
857,PT,suburban,5,<35,5,apartment,20-50yr,A,district,23552.85,366.64,0
858,LV,suburban,5,<35,3,apartment,20-50yr,A,district,20608.53,356.99,0
859,ES,suburban,10,35-65,4,apartment,20-50yr,E,electric,40564.38,736.45,0
860,ES,urban,7,<35,3,apartment,20-50yr,G,gas,23907.94,884.09,0
861,PT,suburban,3,<35,3,house,20-50yr,D,gas,15036.16,1654.1,1
862,PT,urban,1,<35,1,house,>50yr,D,electric,7415.98,2043.11,1
863,PT,suburban,9,35-65,3,apartment,>50yr,C,gas,47512.03,544.98,0
864,ES,suburban,7,>65,5,house,>50yr,B,gas,24993.43,618.02,0
865,IT,suburban,7,35-65,1,apartment,>50yr,G,gas,36797.7,817.78,0
866,LV,urban,3,<35,3,apartment,>50yr,E,gas,12163.19,2033.76,1
867,LV,rural,2,35-65,2,other,>50yr,F,electric,13727.12,3172.89,1
868,PT,suburban,5,35-65,2,apartment,20-50yr,G,district,16639.79,1423.29,0
869,IT,urban,8,35-65,3,apartment,>50yr,E,gas,39410.04,679.32,0
870,IT,urban,3,35-65,7,apartment,<20yr,C,gas,12174.42,1503.22,1
871,PT,suburban,6,<35,5,house,<20yr,F,electric,24966.77,1476.68,0
872,IT,urban,10,35-65,3,apartment,20-50yr,F,gas,64636.82,737.38,0
873,LV,urban,3,<35,6,other,20-50yr,D,district,16027.77,2020.62,1
874,ES,urban,3,35-65,3,apartment,20-50yr,E,electric,12373.94,1761.68,1
875,PT,urban,3,>65,2,apartment,20-50yr,D,gas,12770.94,1924.52,1
876,LV,suburban,10,>65,1,apartment,20-50yr,D,oil,43441.59,923.5,0
877,ES,suburban,6,<35,5,house,>50yr,E,electric,19107.45,1043.43,0
878,IT,urban,10,35-65,7,apartment,20-50yr,C,electric,48533.5,848.52,0
879,ES,suburban,10,35-65,3,other,20-50yr,D,gas,48381.82,474.12,0
880,ES,urban,5,>65,2,other,>50yr,D,gas,16753.01,912.91,0
881,ES,urban,1,35-65,2,apartment,20-50yr,E,gas,7757.4,1817.76,1
882,ES,urban,4,35-65,4,apartment,>50yr,G,wood,17415.13,1097.14,0
883,LV,suburban,6,<35,5,apartment,20-50yr,E,gas,24950.24,1253.51,0
884,ES,rural,4,<35,3,house,<20yr,F,gas,15523.49,1115.78,0
885,IT,suburban,1,35-65,3,house,>50yr,C,electric,7334.44,1505.67,1
886,ES,urban,10,35-65,3,apartment,<20yr,E,electric,52447.44,704.79,0
887,ES,urban,4,<35,2,other,20-50yr,B,gas,19781.72,419.21,0
888,IT,urban,7,>65,1,apartment,20-50yr,D,district,27103.98,550.55,0
889,IT,rural,10,35-65,3,house,20-50yr,E,electric,42756.78,884.65,0
890,PT,urban,6,>65,2,house,>50yr,C,district,23824.18,691.96,0
891,IT,rural,7,35-65,2,apartment,20-50yr,G,gas,28099.96,963.36,0
892,LV,suburban,1,>65,4,apartment,<20yr,D,electric,6278.82,4900.84,1
893,IT,suburban,7,35-65,3,apartment,>50yr,E,electric,28255.96,879.79,0
894,IT,rural,9,<35,3,other,<20yr,D,electric,37654.92,592.59,0
895,PT,urban,10,<35,3,apartment,20-50yr,F,gas,54361.07,889.84,0
896,LV,suburban,1,>65,2,house,20-50yr,E,gas,8519.97,3608.07,1
897,IT,urban,3,<35,1,apartment,20-50yr,B,wood,12917.36,389.77,0
898,IT,rural,1,35-65,4,apartment,20-50yr,G,wood,8637.39,2625.38,1
899,IT,suburban,10,35-65,1,other,20-50yr,E,gas,52531.76,621.58,0
900,ES,urban,3,<35,4,apartment,20-50yr,D,gas,13455.38,1053.3,0
901,ES,rural,6,<35,3,house,20-50yr,E,gas,23867.18,715.59,0
902,IT,urban,5,35-65,2,apartment,>50yr,C,electric,20397.92,576.68,0
903,IT,urban,7,35-65,4,apartment,<20yr,F,gas,24403.39,970.26,0
904,ES,suburban,9,35-65,1,apartment,>50yr,D,wood,32682.57,437.64,0
905,LV,suburban,4,<35,3,apartment,20-50yr,F,gas,20695.01,1360.84,0
906,PT,rural,8,35-65,3,house,20-50yr,C,oil,37160.75,661.98,0
907,ES,suburban,3,<35,3,apartment,>50yr,F,wood,12905.62,1511.75,1
908,IT,suburban,2,35-65,4,apartment,20-50yr,G,gas,12902.02,2263.62,1
909,IT,urban,2,<35,1,apartment,20-50yr,G,wood,16904.09,1382.69,0
910,IT,urban,4,<35,6,house,>50yr,F,district,13973.91,1114.01,0
911,PT,rural,6,>65,1,house,>50yr,F,electric,24854.36,1479.06,0
912,LV,urban,8,<35,3,house,20-50yr,E,gas,39788.97,905.65,0
913,LV,suburban,9,35-65,1,other,>50yr,B,electric,33672.27,463.17,0
914,LV,urban,6,35-65,5,apartment,20-50yr,E,gas,19883.42,1573.39,0
915,LV,urban,5,<35,3,apartment,>50yr,E,district,24226.36,1040.27,0
916,LV,suburban,2,35-65,4,apartment,<20yr,B,electric,10910.91,1796.97,1
917,IT,suburban,10,>65,3,apartment,<20yr,E,wood,49564.78,609.89,0
918,IT,suburban,4,35-65,3,house,20-50yr,B,electric,13682.22,464.91,0
919,IT,rural,8,<35,1,house,20-50yr,E,gas,37805.8,432.65,0
920,ES,urban,7,35-65,2,apartment,>50yr,D,electric,24312.03,729.72,0
921,IT,suburban,10,35-65,1,other,<20yr,G,wood,47204.59,626.23,0
922,PT,urban,10,35-65,1,apartment,<20yr,C,gas,47654.31,430.27,0
923,ES,suburban,8,>65,5,house,20-50yr,C,gas,34215.86,723.44,0
924,ES,urban,7,35-65,4,apartment,20-50yr,E,district,25432.61,1042.85,0
925,IT,suburban,2,35-65,3,house,>50yr,D,gas,9539.22,1748.7,1
926,IT,urban,1,35-65,6,apartment,20-50yr,C,wood,9218.29,1694.16,1
927,IT,rural,6,>65,1,other,<20yr,E,gas,25637.56,905.89,0
928,LV,rural,8,35-65,3,other,<20yr,G,wood,36083.14,1335.09,0
929,ES,rural,8,<35,2,apartment,20-50yr,F,electric,38434.24,783.02,0
930,PT,urban,3,>65,3,apartment,<20yr,C,gas,11943.73,1498.69,1
931,IT,rural,6,>65,2,house,>50yr,C,gas,26400.86,571.92,0
932,ES,urban,9,35-65,1,house,<20yr,E,gas,45842.99,615.8,0
933,ES,urban,1,35-65,2,apartment,>50yr,E,oil,6861.26,2116.94,1
934,PT,urban,4,35-65,1,house,20-50yr,G,gas,19138.56,1359.44,0
935,PT,urban,10,>65,2,house,20-50yr,B,gas,56979.2,542.34,0
936,IT,suburban,2,35-65,1,house,<20yr,E,electric,11441.46,1610.67,1
937,LV,urban,4,35-65,2,apartment,<20yr,G,district,22469.0,1623.31,0
938,IT,urban,5,35-65,5,other,20-50yr,B,gas,21388.99,598.44,0
939,LV,suburban,7,35-65,1,apartment,20-50yr,G,electric,26119.59,1661.1,0
940,IT,rural,3,<35,1,apartment,20-50yr,D,district,14276.33,816.11,0
941,IT,suburban,8,35-65,5,other,20-50yr,F,electric,36071.74,1453.79,0
942,PT,suburban,3,<35,2,apartment,20-50yr,D,district,11854.97,1162.32,0
943,IT,urban,4,35-65,2,apartment,>50yr,F,electric,12917.78,1281.55,0
944,ES,rural,6,>65,7,house,20-50yr,G,oil,24756.88,2169.64,0
945,ES,urban,1,35-65,1,house,<20yr,C,wood,9215.7,801.97,0
946,IT,urban,8,35-65,4,apartment,20-50yr,F,gas,41529.28,1149.45,0
947,PT,urban,7,>65,1,apartment,20-50yr,A,electric,31298.65,368.48,0
948,LV,suburban,9,<35,4,apartment,20-50yr,C,electric,54418.65,731.35,0
949,LV,urban,3,>65,5,apartment,20-50yr,E,gas,14371.3,3818.47,1
950,IT,suburban,4,<35,2,apartment,20-50yr,E,electric,16989.93,759.25,0
951,ES,urban,9,35-65,2,apartment,20-50yr,D,wood,44336.64,458.43,0
952,IT,suburban,1,35-65,6,other,<20yr,C,gas,7167.0,1979.17,1
953,IT,suburban,5,35-65,2,house,<20yr,C,electric,17364.55,561.34,0
954,IT,urban,5,35-65,2,house,>50yr,C,gas,18132.66,541.13,0
955,LV,urban,5,<35,1,other,20-50yr,B,gas,19543.01,454.58,0
956,LV,suburban,5,35-65,1,other,20-50yr,C,electric,23913.61,894.82,0
957,PT,suburban,8,<35,1,house,20-50yr,F,gas,28975.77,962.19,0
958,ES,urban,2,35-65,5,apartment,>50yr,C,electric,9504.68,1536.77,1
959,ES,suburban,9,35-65,2,house,<20yr,G,gas,48520.88,930.6,0
960,ES,urban,9,35-65,2,apartment,>50yr,C,district,40758.91,394.31,0
961,ES,urban,2,<35,1,apartment,20-50yr,D,wood,10675.97,886.47,0
962,ES,urban,10,35-65,1,apartment,>50yr,C,gas,51993.35,457.06,0
963,IT,suburban,3,35-65,1,apartment,20-50yr,A,gas,18707.95,430.78,0
964,IT,urban,1,35-65,3,apartment,>50yr,E,gas,8701.42,2021.33,1
965,LV,suburban,4,35-65,2,house,20-50yr,D,gas,18174.04,953.67,0
966,ES,urban,8,<35,3,apartment,>50yr,D,oil,37082.18,610.36,0
967,LV,suburban,9,<35,5,apartment,20-50yr,D,electric,45723.92,976.54,0
968,IT,urban,7,35-65,4,apartment,>50yr,F,electric,39584.16,1079.24,0
969,ES,suburban,9,<35,2,house,>50yr,D,wood,40654.54,404.56,0
970,IT,suburban,3,<35,3,apartment,20-50yr,B,wood,14358.82,560.29,0
971,IT,urban,9,35-65,4,apartment,20-50yr,C,electric,43188.31,566.78,0
972,IT,urban,7,35-65,1,house,20-50yr,E,electric,34353.7,661.43,0
973,IT,suburban,2,<35,3,house,>50yr,G,electric,14205.46,2640.01,1
974,LV,rural,2,<35,3,apartment,>50yr,B,electric,10070.97,1386.69,1
975,IT,rural,3,35-65,2,house,<20yr,D,gas,14984.63,1287.43,0
976,ES,urban,1,35-65,1,apartment,20-50yr,D,gas,8214.28,1452.03,1
977,ES,suburban,3,35-65,3,other,<20yr,G,gas,11360.57,2014.53,1
978,ES,urban,10,35-65,4,house,20-50yr,B,gas,63615.48,374.52,0
979,ES,urban,3,35-65,4,house,20-50yr,F,electric,17700.07,1989.89,1
980,IT,suburban,7,>65,2,apartment,>50yr,F,oil,33925.04,996.28,0
981,LV,suburban,10,35-65,6,house,<20yr,D,gas,50024.79,1033.45,0
982,PT,suburban,3,<35,2,apartment,>50yr,F,district,11422.05,1652.73,1
983,PT,rural,7,35-65,2,apartment,>50yr,E,gas,33028.2,996.31,0
984,ES,urban,5,<35,5,house,20-50yr,C,district,17860.79,601.95,0
985,IT,suburban,3,35-65,1,house,20-50yr,C,gas,12086.47,782.28,0
986,LV,urban,10,>65,2,apartment,20-50yr,D,gas,56754.39,849.61,0
987,IT,urban,7,35-65,3,house,20-50yr,D,gas,33500.93,596.03,0
988,IT,urban,5,<35,5,apartment,>50yr,F,gas,19967.39,1120.52,0
989,IT,rural,9,35-65,2,house,20-50yr,E,gas,41687.52,665.04,0
990,PT,suburban,10,>65,3,apartment,<20yr,F,electric,54084.49,1266.18,0
991,ES,urban,8,<35,2,apartment,>50yr,E,gas,31378.09,724.18,0
992,PT,suburban,9,35-65,2,house,20-50yr,D,gas,40616.82,792.47,0
993,PT,rural,4,>65,4,apartment,<20yr,B,gas,13729.94,804.48,0
994,IT,rural,4,35-65,2,other,>50yr,F,oil,19541.06,995.66,0
995,LV,suburban,3,35-65,1,apartment,<20yr,B,electric,21269.95,1012.48,0
996,ES,urban,7,35-65,3,house,<20yr,D,gas,30271.59,746.16,0
997,ES,suburban,9,35-65,1,apartment,20-50yr,E,gas,51411.35,626.28,0
998,IT,rural,7,35-65,3,house,20-50yr,F,oil,28845.41,979.32,0
999,LV,rural,6,<35,5,other,20-50yr,B,oil,20428.05,737.11,0
1000,IT,rural,8,35-65,1,house,20-50yr,E,electric,50460.84,705.07,0
1001,IT,suburban,2,>65,3,apartment,20-50yr,B,electric,9689.54,1339.18,1
1002,ES,urban,4,35-65,2,house,20-50yr,F,gas,20171.33,1247.25,0
1003,IT,suburban,8,35-65,1,house,<20yr,F,electric,37185.83,756.53,0
1004,IT,urban,1,<35,1,apartment,20-50yr,F,oil,9559.33,1468.07,1
1005,ES,urban,10,<35,3,house,>50yr,B,wood,54449.36,261.16,0
1006,ES,suburban,2,35-65,4,house,>50yr,E,gas,9237.94,1897.51,1
1007,LV,suburban,8,<35,3,house,>50yr,C,oil,32583.76,579.19,0
1008,IT,rural,7,35-65,1,apartment,20-50yr,D,electric,42692.87,704.28,0
1009,PT,suburban,9,35-65,1,apartment,20-50yr,G,oil,45112.16,829.49,0
1010,ES,rural,8,>65,1,other,>50yr,B,oil,49905.48,401.87,0
1011,PT,suburban,6,35-65,5,house,>50yr,E,wood,23658.94,969.36,0
1012,ES,suburban,8,35-65,2,apartment,>50yr,C,gas,40068.56,513.12,0
1013,ES,urban,4,35-65,2,other,20-50yr,E,gas,14434.4,1109.1,0
1014,LV,suburban,6,35-65,1,apartment,<20yr,E,gas,25111.9,948.65,0
1015,IT,urban,10,<35,4,apartment,<20yr,D,electric,76768.78,472.54,0
1016,IT,urban,1,>65,1,house,<20yr,E,electric,7112.61,2437.64,1
1017,PT,urban,4,35-65,2,house,20-50yr,G,oil,15778.44,1387.57,0
1018,PT,rural,1,<35,1,other,<20yr,F,electric,9057.39,2442.76,1
1019,IT,suburban,6,35-65,2,house,20-50yr,G,electric,25433.51,1197.63,0
1020,ES,rural,8,35-65,4,apartment,20-50yr,C,electric,47843.64,700.45,0
1021,LV,rural,1,35-65,1,apartment,20-50yr,G,gas,7716.04,3623.13,1
1022,PT,rural,6,>65,2,apartment,20-50yr,D,gas,25259.3,1090.5,0
1023,LV,urban,5,35-65,2,other,20-50yr,A,gas,22022.18,434.04,0
1024,ES,rural,8,<35,7,apartment,20-50yr,D,wood,30635.34,639.04,0
1025,PT,rural,3,35-65,5,apartment,>50yr,C,gas,11522.08,1605.19,1
1026,IT,rural,2,<35,1,apartment,20-50yr,F,gas,8930.13,1462.74,1
1027,LV,urban,1,35-65,3,apartment,>50yr,B,gas,4870.83,1699.1,1
1028,ES,urban,5,<35,3,apartment,20-50yr,E,electric,20733.85,854.25,0
1029,PT,rural,5,35-65,2,house,20-50yr,C,district,17277.71,679.28,0
1030,ES,urban,10,35-65,3,apartment,20-50yr,C,wood,50728.18,365.86,0
1031,ES,urban,5,35-65,1,other,20-50yr,G,gas,24472.11,965.91,0
1032,PT,suburban,2,<35,3,other,>50yr,E,electric,9544.94,2557.6,1
1033,ES,urban,7,<35,4,apartment,20-50yr,D,gas,33270.44,705.2,0
1034,LV,urban,1,>65,3,house,>50yr,F,wood,6311.74,3887.28,1
1035,ES,rural,4,35-65,1,apartment,>50yr,G,gas,15791.16,995.68,0
1036,ES,rural,7,35-65,1,apartment,>50yr,D,gas,38953.05,567.24,0
1037,IT,rural,3,35-65,1,apartment,<20yr,C,electric,13129.79,968.87,0
1038,ES,urban,6,>65,1,house,<20yr,G,electric,30327.28,1405.68,0
1039,ES,urban,5,35-65,1,house,>50yr,D,district,29899.26,755.79,0
1040,IT,urban,10,>65,1,apartment,>50yr,C,gas,51650.78,463.68,0
1041,IT,suburban,3,<35,3,house,>50yr,B,district,12669.5,556.59,0
1042,PT,urban,10,>65,3,house,20-50yr,B,gas,39777.24,542.86,0
1043,PT,suburban,7,<35,1,house,>50yr,G,gas,31342.28,916.8,0
1044,PT,rural,8,35-65,2,apartment,>50yr,G,oil,38107.39,1107.97,0
1045,IT,suburban,2,<35,2,house,>50yr,E,electric,12348.14,1569.66,1
1046,IT,urban,1,>65,3,house,20-50yr,E,wood,9856.63,2041.49,1
1047,IT,urban,8,>65,2,apartment,<20yr,F,electric,30865.28,1283.14,0
1048,PT,urban,5,35-65,1,house,20-50yr,E,electric,27804.23,1183.24,0
1049,LV,urban,4,35-65,2,apartment,20-50yr,E,gas,16775.75,1430.63,0
1050,IT,suburban,9,35-65,2,house,20-50yr,G,district,45410.82,767.74,0
1051,PT,urban,4,<35,1,house,20-50yr,C,oil,17323.96,611.55,0
1052,IT,suburban,5,35-65,4,apartment,>50yr,B,electric,18705.53,618.84,0
1053,IT,rural,8,<35,2,apartment,<20yr,F,wood,30075.01,651.27,0
1054,IT,urban,10,>65,1,house,20-50yr,F,gas,56762.67,751.99,0
1055,IT,urban,9,>65,1,house,20-50yr,C,wood,37209.9,389.25,0
1056,PT,urban,7,<35,1,house,>50yr,D,electric,29024.35,636.99,0
1057,LV,urban,2,35-65,3,house,20-50yr,E,wood,10340.55,2885.52,1
1058,IT,suburban,2,>65,2,apartment,20-50yr,D,oil,10418.23,1611.94,1
1059,ES,rural,7,>65,2,apartment,<20yr,G,electric,22903.73,1634.77,0
1060,PT,rural,6,35-65,1,house,20-50yr,F,wood,15546.1,884.66,0
1061,LV,suburban,2,<35,1,apartment,20-50yr,D,oil,12475.32,1628.38,1
1062,ES,urban,7,<35,3,house,>50yr,E,gas,35517.36,740.21,0
1063,IT,urban,10,35-65,7,apartment,20-50yr,E,oil,37452.74,992.45,0
1064,ES,urban,1,35-65,1,apartment,<20yr,B,electric,8517.9,1020.99,1
1065,IT,urban,9,35-65,6,house,>50yr,D,wood,44424.27,749.26,0
1066,LV,rural,4,35-65,2,house,<20yr,D,wood,14347.73,902.0,0
1067,ES,suburban,4,35-65,5,house,<20yr,G,gas,20022.96,1527.18,0
1068,PT,urban,8,<35,2,apartment,20-50yr,G,gas,42702.1,1113.77,0
1069,IT,urban,3,35-65,3,house,<20yr,B,gas,16411.19,778.32,0
1070,ES,urban,2,>65,2,apartment,<20yr,F,oil,14290.87,2202.3,1
1071,LV,rural,10,35-65,5,house,>50yr,E,wood,63901.78,1017.65,0
1072,ES,urban,4,<35,3,house,>50yr,A,oil,15448.04,259.65,0
1073,ES,urban,2,>65,2,apartment,>50yr,D,wood,11028.7,1427.98,1
1074,LV,urban,7,35-65,2,house,20-50yr,G,electric,31785.59,1642.61,0
1075,LV,rural,3,35-65,4,house,<20yr,D,electric,17582.45,1920.59,1
1076,IT,suburban,8,>65,4,apartment,>50yr,E,district,34669.27,921.66,0
1077,ES,suburban,1,35-65,1,house,20-50yr,E,gas,7276.09,1980.53,1
1078,ES,urban,6,>65,3,apartment,<20yr,E,electric,19507.21,1245.5,0
1079,ES,urban,5,>65,5,other,20-50yr,D,gas,23938.47,1007.37,0
1080,IT,rural,10,35-65,1,apartment,20-50yr,D,gas,56752.98,449.91,0
1081,IT,urban,6,35-65,2,apartment,<20yr,G,electric,21952.84,1211.87,0
1082,LV,urban,10,35-65,3,house,20-50yr,D,gas,61738.87,825.54,0
1083,LV,suburban,3,35-65,2,apartment,20-50yr,C,electric,13303.58,1499.31,1
1084,PT,urban,5,35-65,2,other,20-50yr,D,gas,17215.52,883.09,0
1085,LV,urban,9,35-65,3,apartment,<20yr,F,gas,52500.44,1357.43,0
1086,PT,rural,2,>65,3,apartment,20-50yr,D,gas,8072.24,2362.57,1
1087,PT,suburban,10,35-65,3,apartment,<20yr,F,wood,56199.21,894.26,0
1088,PT,urban,8,35-65,1,apartment,20-50yr,C,electric,35406.52,592.18,0
1089,ES,urban,7,35-65,2,apartment,20-50yr,E,wood,23462.04,711.74,0
1090,ES,suburban,3,35-65,6,apartment,20-50yr,G,electric,14700.33,2981.71,1
1091,IT,urban,9,<35,3,apartment,20-50yr,E,gas,38751.93,554.51,0
1092,ES,urban,9,35-65,4,apartment,20-50yr,E,oil,55353.37,855.46,0
1093,IT,suburban,3,35-65,2,apartment,<20yr,E,gas,16275.51,1470.38,0
1094,IT,suburban,6,<35,7,apartment,20-50yr,F,gas,25843.24,1265.58,0
1095,ES,rural,1,35-65,1,apartment,>50yr,D,electric,5505.17,1801.5,1
1096,ES,urban,4,35-65,1,apartment,20-50yr,E,wood,16100.48,594.04,0
1097,IT,urban,2,35-65,1,apartment,20-50yr,D,wood,10003.97,910.29,0
1098,PT,suburban,6,>65,7,apartment,20-50yr,D,gas,29977.0,1940.96,0
1099,LV,suburban,6,35-65,2,apartment,>50yr,D,oil,25676.38,976.56,0
1100,IT,urban,6,35-65,3,apartment,20-50yr,D,electric,26217.06,766.18,0
1101,IT,suburban,7,35-65,3,other,>50yr,A,wood,34945.96,184.7,0
1102,IT,urban,10,<35,2,apartment,20-50yr,F,district,70241.16,482.59,0
1103,PT,rural,2,35-65,3,apartment,20-50yr,E,electric,13690.72,2461.33,1
1104,PT,rural,3,<35,1,house,20-50yr,B,gas,15195.31,666.55,0
1105,IT,urban,3,<35,3,apartment,20-50yr,C,wood,13440.64,726.89,0
1106,PT,rural,10,35-65,2,apartment,<20yr,E,electric,58707.87,783.47,0
1107,IT,rural,1,<35,3,house,20-50yr,E,wood,7960.51,1379.35,1
1108,ES,urban,1,>65,5,house,20-50yr,F,electric,9001.05,3829.38,1
1109,LV,urban,2,35-65,5,other,20-50yr,D,district,10101.95,2390.31,1
1110,IT,suburban,8,35-65,5,other,>50yr,F,gas,41224.73,1381.81,0
1111,IT,urban,6,>65,1,house,>50yr,B,oil,25175.04,468.01,0
1112,ES,urban,10,35-65,4,house,20-50yr,E,gas,58278.91,836.66,0
1113,ES,urban,3,35-65,4,apartment,>50yr,D,oil,11700.33,1356.82,1
1114,LV,rural,4,35-65,2,house,>50yr,D,district,16796.29,883.67,0
1115,LV,urban,6,>65,6,house,>50yr,G,oil,26731.83,2677.63,1
1116,IT,suburban,1,<35,6,apartment,>50yr,G,oil,7784.21,2562.4,1
1117,IT,urban,10,<35,2,apartment,20-50yr,C,gas,38679.66,370.24,0
1118,PT,urban,9,>65,2,house,>50yr,B,gas,35733.7,536.02,0
1119,IT,rural,2,<35,2,apartment,20-50yr,G,electric,11578.7,2066.41,1
1120,LV,urban,9,35-65,2,house,>50yr,C,electric,53884.47,611.06,0
1121,PT,urban,5,35-65,2,apartment,20-50yr,G,gas,20279.98,1484.82,0
1122,IT,urban,4,35-65,1,house,<20yr,C,oil,16262.49,480.85,0
1123,PT,suburban,10,35-65,2,apartment,20-50yr,D,oil,64403.74,587.41,0
1124,IT,urban,6,>65,1,house,20-50yr,A,gas,25040.89,298.22,0
1125,ES,urban,3,<35,1,apartment,20-50yr,E,gas,15650.77,1072.68,0
1126,ES,urban,9,35-65,2,apartment,>50yr,C,gas,41134.3,475.51,0
1127,ES,urban,8,35-65,1,apartment,<20yr,D,electric,33872.03,640.31,0
1128,PT,urban,2,35-65,3,apartment,<20yr,G,wood,12443.38,2356.53,1
1129,PT,suburban,7,>65,4,apartment,20-50yr,C,electric,33184.12,1122.73,0
1130,LV,urban,7,35-65,4,house,<20yr,E,gas,28590.49,1375.3,0
1131,LV,urban,3,<35,1,apartment,20-50yr,C,wood,11827.47,958.07,0
1132,ES,suburban,5,>65,5,house,>50yr,E,gas,16348.65,1590.33,0
1133,IT,suburban,9,>65,2,house,>50yr,C,electric,34143.81,580.84,0
1134,PT,urban,2,<35,2,apartment,20-50yr,E,electric,10003.25,1985.75,1
1135,LV,urban,8,35-65,1,house,20-50yr,F,district,37750.85,994.55,0
1136,IT,urban,9,<35,1,house,>50yr,G,oil,33493.6,561.18,0
1137,ES,rural,10,<35,4,house,20-50yr,G,gas,43262.09,812.29,0
1138,ES,urban,4,35-65,1,house,>50yr,C,gas,18519.7,522.19,0
1139,IT,urban,3,>65,2,house,20-50yr,B,gas,17714.2,689.41,0
1140,PT,urban,10,<35,1,other,>50yr,A,gas,64757.58,186.26,0
1141,ES,urban,5,<35,3,apartment,<20yr,F,gas,15931.16,934.99,0
1142,PT,urban,6,35-65,3,apartment,>50yr,C,electric,26513.02,1126.78,0
1143,PT,urban,6,35-65,3,house,>50yr,F,wood,28853.91,1020.73,0
1144,PT,suburban,6,<35,2,apartment,<20yr,G,gas,23210.09,1270.93,0
1145,ES,suburban,7,<35,5,house,20-50yr,B,electric,28952.78,479.65,0
1146,IT,suburban,5,35-65,3,apartment,20-50yr,C,wood,22077.27,514.63,0
1147,PT,suburban,4,35-65,4,apartment,20-50yr,E,electric,18828.5,1407.27,0
1148,PT,urban,5,35-65,1,house,>50yr,D,electric,22222.18,773.58,0
1149,ES,rural,7,<35,3,apartment,<20yr,D,wood,33442.9,567.17,0
1150,LV,suburban,9,35-65,3,apartment,20-50yr,C,oil,44413.71,606.3,0
1151,IT,rural,6,35-65,2,house,<20yr,G,electric,22759.97,1339.42,0
1152,LV,suburban,7,35-65,3,house,20-50yr,E,district,28057.56,1074.75,0
1153,IT,urban,5,<35,5,house,>50yr,C,gas,18683.61,578.07,0
1154,IT,urban,8,35-65,3,apartment,20-50yr,A,gas,33594.42,246.15,0
1155,ES,urban,4,35-65,1,house,20-50yr,F,electric,19038.43,1236.4,0
1156,IT,urban,5,<35,2,house,<20yr,A,gas,18701.58,219.58,0
1157,IT,suburban,1,>65,1,house,>50yr,G,gas,9392.72,2744.31,1
1158,IT,urban,3,35-65,2,apartment,20-50yr,E,gas,12071.04,1543.06,1
1159,ES,urban,8,35-65,3,apartment,20-50yr,G,oil,37114.4,1090.12,0
1160,PT,rural,1,<35,1,apartment,20-50yr,F,electric,9068.57,3062.67,1
1161,IT,suburban,3,35-65,2,house,>50yr,G,wood,14974.93,1677.51,1
1162,PT,suburban,8,35-65,4,apartment,>50yr,F,gas,27286.64,1241.07,0
1163,PT,urban,9,>65,3,apartment,20-50yr,E,electric,43868.16,1522.44,0
1164,IT,suburban,5,35-65,2,house,20-50yr,C,gas,18799.93,457.15,0
1165,IT,rural,5,35-65,1,apartment,<20yr,F,gas,17222.01,930.85,0
1166,LV,suburban,6,35-65,4,apartment,20-50yr,E,oil,25849.93,1284.35,0
1167,PT,suburban,8,35-65,2,apartment,20-50yr,D,gas,29849.85,825.32,0
1168,ES,suburban,5,>65,1,house,>50yr,E,oil,21785.48,1126.86,0
1169,PT,urban,2,35-65,1,house,20-50yr,C,oil,13684.88,1055.69,0
1170,IT,suburban,5,35-65,1,house,20-50yr,D,oil,21973.96,641.36,0
1171,ES,rural,3,>65,3,other,20-50yr,B,electric,13519.54,1227.51,0
1172,PT,urban,7,>65,3,house,<20yr,D,wood,29285.48,980.66,0
1173,IT,urban,2,<35,2,apartment,>50yr,D,gas,12616.34,1067.41,0
1174,PT,urban,7,<35,4,house,>50yr,G,district,28655.86,1224.98,0
1175,ES,urban,2,35-65,3,other,20-50yr,E,gas,10258.34,1770.42,1
1176,PT,rural,10,>65,1,apartment,20-50yr,G,electric,47829.18,1389.02,0
1177,ES,suburban,7,35-65,3,house,20-50yr,G,district,26234.8,918.55,0
1178,ES,urban,2,35-65,5,apartment,<20yr,A,gas,12577.15,746.4,0
1179,IT,urban,10,35-65,4,house,<20yr,E,wood,51133.36,637.69,0
1180,IT,urban,6,<35,4,house,20-50yr,C,electric,27171.26,557.44,0
1181,PT,urban,7,<35,3,other,>50yr,G,wood,33002.98,959.98,0
1182,IT,suburban,1,<35,1,house,<20yr,D,gas,6931.24,1106.74,1
1183,IT,rural,2,<35,2,apartment,20-50yr,B,electric,9763.33,797.25,0
1184,IT,suburban,9,35-65,1,apartment,20-50yr,C,gas,46889.31,383.48,0
1185,IT,urban,5,35-65,3,other,20-50yr,E,gas,21447.14,858.17,0
1186,PT,suburban,7,<35,6,apartment,20-50yr,B,oil,29205.92,542.86,0
1187,ES,suburban,10,35-65,3,apartment,>50yr,D,oil,58944.19,577.64,0
1188,LV,urban,5,35-65,3,house,20-50yr,G,oil,24444.11,1578.29,0
1189,IT,suburban,4,35-65,1,apartment,>50yr,A,oil,17398.1,245.15,0
1190,PT,suburban,9,35-65,3,apartment,20-50yr,E,wood,39482.93,780.18,0
1191,ES,rural,1,<35,2,apartment,20-50yr,E,electric,8141.93,1929.32,1
1192,ES,urban,5,35-65,2,apartment,>50yr,D,gas,18612.17,693.27,0
1193,LV,urban,9,<35,1,house,20-50yr,B,wood,43930.53,315.98,0
1194,LV,suburban,3,<35,2,apartment,<20yr,B,oil,14004.02,933.24,0
1195,LV,urban,4,<35,4,apartment,>50yr,G,gas,15484.23,1939.19,1
1196,IT,urban,5,35-65,3,house,20-50yr,E,electric,19762.92,1037.28,0
1197,IT,suburban,1,<35,6,apartment,20-50yr,D,gas,7620.24,1707.34,1
1198,PT,urban,1,35-65,1,house,>50yr,F,wood,8930.02,2517.24,1
1199,IT,suburban,3,<35,4,apartment,20-50yr,B,gas,12277.76,731.33,0
1200,PT,rural,9,<35,3,apartment,20-50yr,B,electric,38083.62,468.8,0
1201,ES,suburban,3,>65,7,house,20-50yr,C,oil,13237.01,1695.58,1
1202,ES,suburban,8,35-65,1,house,20-50yr,F,district,39177.88,674.82,0
1203,PT,suburban,5,<35,3,other,20-50yr,D,electric,23420.69,1079.39,0
1204,PT,urban,8,35-65,1,apartment,20-50yr,E,wood,37442.28,717.57,0
1205,IT,urban,4,<35,3,apartment,<20yr,C,oil,19480.74,507.22,0
1206,IT,suburban,9,35-65,6,apartment,>50yr,F,gas,51189.56,1288.14,0
1207,ES,urban,4,<35,1,apartment,20-50yr,F,gas,17918.38,735.82,0
1208,ES,urban,8,35-65,3,apartment,<20yr,D,gas,31921.31,578.17,0
1209,IT,urban,9,>65,3,house,>50yr,C,gas,42503.56,500.91,0
1210,ES,rural,5,<35,1,house,>50yr,E,electric,17120.35,789.4,0
1211,PT,urban,7,<35,5,apartment,>50yr,C,gas,31829.89,698.72,0
1212,PT,suburban,2,35-65,2,apartment,20-50yr,B,wood,10217.95,874.11,0
1213,ES,urban,5,>65,1,apartment,20-50yr,E,gas,21356.01,1087.42,0
1214,ES,suburban,4,35-65,1,apartment,>50yr,E,gas,17278.47,848.23,0
1215,IT,urban,10,35-65,3,house,20-50yr,F,electric,51929.22,775.52,0
1216,ES,urban,10,<35,3,house,<20yr,C,wood,56891.27,383.0,0
1217,IT,suburban,8,35-65,3,apartment,<20yr,C,district,35332.27,453.18,0
1218,ES,suburban,10,35-65,2,apartment,>50yr,E,wood,50036.91,513.86,0
1219,PT,urban,10,35-65,3,apartment,20-50yr,F,wood,46648.73,788.46,0
1220,IT,urban,8,<35,3,apartment,20-50yr,D,gas,37974.42,492.65,0
1221,IT,urban,6,35-65,2,other,20-50yr,D,electric,20861.79,738.53,0
1222,IT,urban,3,<35,2,house,>50yr,B,gas,18325.24,515.01,0
1223,LV,suburban,9,35-65,2,house,20-50yr,D,district,52157.76,732.01,0
1224,ES,urban,2,35-65,3,house,20-50yr,G,gas,8666.11,3045.74,1
1225,IT,suburban,2,>65,1,apartment,>50yr,B,electric,12085.68,1094.99,0
1226,LV,urban,9,>65,4,house,20-50yr,E,gas,51006.23,1534.39,0
1227,ES,suburban,2,35-65,5,house,20-50yr,A,wood,10074.22,558.92,0
1228,ES,urban,2,35-65,1,apartment,<20yr,D,gas,11594.86,1291.73,1
1229,LV,suburban,6,<35,3,apartment,20-50yr,F,wood,24534.96,961.35,0
1230,IT,urban,6,>65,4,house,<20yr,E,district,27692.26,1250.51,0
1231,IT,rural,1,35-65,2,house,20-50yr,B,gas,7481.9,917.74,1
1232,ES,suburban,4,35-65,2,apartment,20-50yr,D,wood,20374.72,569.07,0
1233,IT,rural,3,35-65,2,house,>50yr,B,gas,13702.07,684.77,0
1234,PT,urban,4,35-65,4,other,20-50yr,D,electric,16687.15,1208.54,0
1235,IT,urban,2,>65,2,other,20-50yr,F,gas,12123.75,2481.72,1
1236,IT,urban,7,>65,5,apartment,20-50yr,C,electric,34339.78,1090.37,0
1237,IT,urban,5,35-65,3,apartment,>50yr,D,gas,14791.83,770.05,0
1238,ES,suburban,10,35-65,2,house,20-50yr,E,oil,35577.88,559.93,0
1239,IT,rural,1,>65,1,apartment,<20yr,G,wood,8420.7,2245.2,1
1240,IT,suburban,8,35-65,2,apartment,<20yr,B,gas,32596.94,308.16,0
1241,LV,suburban,10,35-65,1,house,>50yr,E,gas,45113.45,1088.28,0
1242,IT,urban,5,35-65,6,apartment,>50yr,A,gas,19854.44,479.1,0
1243,ES,urban,7,35-65,3,apartment,20-50yr,B,gas,46426.26,493.96,0
1244,IT,suburban,5,35-65,1,other,<20yr,C,district,17201.75,477.82,0
1245,ES,urban,6,35-65,4,apartment,20-50yr,F,gas,28551.91,1165.58,0
1246,IT,urban,10,>65,6,other,20-50yr,A,oil,49063.79,345.14,0
1247,ES,rural,6,>65,4,apartment,20-50yr,G,district,20106.59,1490.4,0
1248,IT,rural,6,35-65,3,apartment,<20yr,D,gas,22807.35,924.6,0
1249,LV,suburban,10,<35,3,apartment,20-50yr,F,electric,44439.36,1092.12,0
1250,LV,urban,5,35-65,7,apartment,20-50yr,C,wood,16598.52,977.48,0
1251,IT,rural,2,35-65,1,apartment,>50yr,D,electric,9866.64,1340.24,1
1252,IT,urban,7,35-65,1,house,<20yr,F,gas,25474.05,812.03,0
1253,IT,urban,7,>65,1,other,>50yr,D,wood,29349.97,388.83,0
1254,ES,urban,3,<35,6,apartment,20-50yr,E,district,14358.57,1698.06,1
1255,IT,rural,8,35-65,2,apartment,20-50yr,F,wood,31981.61,506.54,0
1256,LV,rural,1,>65,3,house,>50yr,E,wood,8792.3,3716.31,1
1257,PT,suburban,4,>65,5,apartment,20-50yr,F,wood,15840.63,1527.06,0
1258,PT,urban,9,35-65,2,apartment,<20yr,B,electric,42020.88,444.01,0
1259,ES,suburban,7,<35,1,apartment,20-50yr,E,gas,21667.4,489.57,0
1260,LV,urban,7,35-65,3,apartment,>50yr,E,district,30371.8,1335.45,0
1261,IT,rural,7,35-65,3,apartment,20-50yr,E,gas,42056.24,825.19,0
1262,ES,urban,2,35-65,2,apartment,20-50yr,E,wood,12393.13,1753.61,1
1263,IT,urban,10,35-65,4,house,20-50yr,F,gas,53594.66,1065.22,0
1264,LV,suburban,3,35-65,3,apartment,20-50yr,F,oil,11767.55,2929.57,1
1265,ES,suburban,8,35-65,4,apartment,20-50yr,C,wood,45985.85,418.56,0
1266,PT,rural,10,35-65,1,apartment,>50yr,B,wood,53687.69,295.15,0
1267,IT,urban,3,35-65,3,apartment,20-50yr,B,gas,12654.84,891.44,0
1268,LV,rural,7,35-65,3,house,20-50yr,C,electric,27219.66,944.85,0
1269,ES,urban,1,35-65,3,house,20-50yr,E,gas,10917.75,2175.24,1
1270,ES,urban,7,35-65,4,house,>50yr,D,gas,29472.93,828.03,0
1271,LV,suburban,5,>65,2,apartment,<20yr,D,electric,22468.36,1493.79,0
1272,ES,urban,1,35-65,2,apartment,<20yr,G,district,7759.94,2103.0,1
1273,ES,suburban,7,35-65,1,apartment,20-50yr,G,district,29707.95,791.08,0
1274,ES,urban,10,35-65,1,apartment,<20yr,E,electric,51603.91,674.67,0
1275,IT,urban,1,>65,2,house,<20yr,D,wood,9902.53,1750.35,1
1276,IT,suburban,9,35-65,3,apartment,<20yr,C,gas,43285.09,497.97,0
1277,IT,urban,9,35-65,3,apartment,<20yr,D,gas,34814.19,583.22,0
1278,IT,suburban,6,>65,3,apartment,20-50yr,D,oil,26522.51,849.23,0
1279,LV,suburban,10,<35,3,apartment,<20yr,A,wood,54061.36,214.53,0
1280,ES,urban,4,35-65,7,apartment,20-50yr,F,oil,18529.61,1575.53,0
1281,ES,suburban,8,35-65,3,house,>50yr,D,gas,34253.21,744.69,0
1282,ES,urban,7,>65,2,other,<20yr,C,gas,27661.41,833.84,0
1283,ES,urban,6,35-65,5,apartment,20-50yr,E,gas,28588.31,982.36,0
1284,ES,urban,9,<35,1,apartment,>50yr,D,wood,56830.37,395.95,0
1285,LV,rural,9,>65,1,apartment,20-50yr,D,gas,32536.64,946.81,0
1286,LV,suburban,8,35-65,2,apartment,20-50yr,C,electric,36445.75,655.92,0
1287,ES,suburban,6,35-65,2,house,20-50yr,B,electric,23054.32,452.64,0
1288,IT,rural,10,<35,4,apartment,>50yr,E,gas,47968.81,624.7,0
1289,ES,urban,6,<35,1,other,<20yr,D,gas,18090.7,523.18,0
1290,ES,rural,7,35-65,5,house,<20yr,A,oil,31668.29,368.01,0
1291,ES,suburban,2,35-65,1,apartment,>50yr,F,gas,10230.54,2216.69,1
1292,PT,rural,4,>65,2,other,<20yr,F,electric,16131.12,2129.81,1
1293,ES,rural,10,35-65,3,house,20-50yr,D,district,65873.65,550.24,0
1294,IT,rural,5,35-65,1,other,<20yr,F,gas,19660.49,890.21,0
1295,IT,urban,6,<35,3,apartment,20-50yr,D,gas,23256.92,762.84,0
1296,ES,suburban,9,35-65,5,other,20-50yr,C,oil,35191.45,526.07,0
1297,IT,rural,4,<35,1,apartment,20-50yr,E,electric,15271.98,823.21,0
1298,IT,suburban,3,35-65,2,apartment,20-50yr,D,district,17444.42,935.98,0
1299,PT,urban,1,<35,3,other,<20yr,D,gas,8768.62,1733.86,1
1300,ES,rural,3,35-65,1,apartment,20-50yr,G,wood,16982.77,1492.1,0
1301,IT,urban,6,35-65,5,apartment,>50yr,D,electric,22038.45,815.29,0
1302,ES,suburban,8,35-65,4,apartment,<20yr,C,gas,38004.16,578.73,0
1303,PT,suburban,4,<35,3,apartment,20-50yr,B,electric,20478.47,695.14,0
1304,IT,urban,5,35-65,2,apartment,20-50yr,G,electric,22906.48,1112.43,0
1305,PT,suburban,3,35-65,1,apartment,20-50yr,A,gas,17745.04,661.8,0
1306,LV,urban,9,<35,4,apartment,20-50yr,G,gas,45672.77,1087.74,0
1307,ES,suburban,6,<35,4,house,>50yr,B,gas,24993.13,479.21,0
1308,PT,rural,2,35-65,1,apartment,20-50yr,F,electric,7727.12,2201.29,1
1309,IT,urban,7,35-65,3,house,<20yr,C,gas,31935.48,540.2,0
1310,LV,suburban,4,>65,2,house,>50yr,C,gas,19141.27,1117.35,0
1311,ES,urban,9,<35,3,house,<20yr,C,gas,51076.92,423.91,0
1312,LV,rural,3,35-65,2,house,>50yr,B,oil,12427.01,971.94,0
1313,ES,rural,9,35-65,2,other,<20yr,B,district,42783.96,269.56,0
1314,IT,urban,7,35-65,2,apartment,20-50yr,C,gas,23634.24,571.07,0
1315,IT,suburban,2,35-65,3,house,20-50yr,E,district,8635.79,1469.78,1
1316,PT,suburban,8,>65,3,other,<20yr,E,oil,38879.37,1088.63,0
1317,ES,suburban,8,35-65,2,house,>50yr,C,district,43532.11,438.94,0
1318,IT,suburban,5,>65,2,apartment,20-50yr,E,electric,25527.67,1065.79,0
1319,PT,suburban,2,35-65,2,house,20-50yr,F,electric,11747.79,3092.86,1
1320,LV,suburban,5,>65,2,house,>50yr,G,wood,28543.16,1575.76,0
1321,ES,urban,7,>65,5,apartment,20-50yr,D,electric,28284.71,1199.0,0
1322,ES,urban,2,>65,1,house,20-50yr,D,wood,12586.59,1314.57,1
1323,IT,rural,4,35-65,2,house,20-50yr,G,wood,14361.08,1028.56,0
1324,PT,urban,8,>65,3,apartment,<20yr,G,electric,22465.86,1803.1,0
1325,IT,suburban,6,<35,6,apartment,>50yr,G,electric,23258.52,1199.49,0
1326,LV,urban,10,35-65,3,apartment,20-50yr,E,electric,54013.66,1035.35,0
1327,ES,rural,3,35-65,5,house,20-50yr,E,oil,14501.34,2096.84,1
1328,ES,suburban,8,35-65,2,apartment,20-50yr,G,oil,35008.64,968.85,0
1329,IT,urban,5,35-65,3,house,20-50yr,D,oil,22169.74,704.44,0
1330,IT,urban,3,<35,3,apartment,<20yr,C,gas,18176.02,886.68,0
1331,PT,urban,10,<35,1,house,<20yr,G,district,61437.13,720.87,0
1332,ES,rural,7,<35,3,house,20-50yr,F,gas,26745.14,935.71,0
1333,ES,suburban,6,35-65,4,house,20-50yr,B,gas,17149.86,525.3,0
1334,LV,suburban,3,>65,2,apartment,<20yr,B,gas,11914.56,1276.11,1
1335,LV,suburban,9,35-65,2,apartment,20-50yr,G,gas,52596.58,1438.31,0
1336,LV,urban,1,35-65,4,house,20-50yr,D,electric,7417.96,3638.25,1
1337,IT,urban,2,>65,3,apartment,20-50yr,E,gas,12178.76,2105.73,1
1338,ES,urban,2,35-65,1,apartment,>50yr,B,gas,12108.89,712.57,0
1339,LV,urban,7,35-65,3,apartment,20-50yr,C,gas,29750.49,1050.41,0
1340,ES,suburban,2,35-65,4,apartment,<20yr,F,gas,10857.72,2663.37,1
1341,IT,rural,8,<35,3,house,>50yr,G,district,32585.67,937.25,0
1342,PT,rural,2,35-65,2,apartment,20-50yr,E,electric,15363.22,2665.32,1
1343,ES,rural,7,35-65,2,apartment,20-50yr,A,gas,25992.33,273.93,0
1344,ES,suburban,8,35-65,4,apartment,>50yr,C,electric,42591.79,534.73,0
1345,LV,urban,9,35-65,6,apartment,<20yr,C,electric,48706.75,922.63,0
1346,ES,suburban,3,<35,2,apartment,20-50yr,G,electric,15353.25,1965.64,1
1347,ES,rural,1,35-65,2,house,20-50yr,D,gas,7857.43,1546.43,1
1348,ES,suburban,8,<35,5,house,<20yr,G,oil,28833.88,1044.87,0
1349,ES,suburban,5,>65,2,other,20-50yr,G,gas,17677.88,1601.39,0
1350,IT,suburban,10,<35,2,apartment,20-50yr,D,gas,48965.56,439.68,0
1351,PT,suburban,2,35-65,2,apartment,<20yr,A,district,11627.33,691.9,0
1352,PT,rural,6,35-65,2,apartment,20-50yr,G,electric,28573.2,1768.88,0
1353,IT,suburban,2,35-65,1,house,20-50yr,A,gas,11530.5,571.44,0
1354,IT,urban,5,35-65,3,house,20-50yr,G,gas,21834.23,1224.29,0
1355,LV,urban,1,<35,3,house,<20yr,D,oil,9354.04,2451.71,1
1356,IT,suburban,8,35-65,1,apartment,20-50yr,D,gas,26312.02,470.91,0
1357,ES,urban,7,>65,1,house,20-50yr,D,gas,21545.32,743.42,0
1358,ES,rural,1,35-65,3,other,20-50yr,D,gas,6342.58,1990.54,1
1359,PT,suburban,5,35-65,1,apartment,>50yr,E,gas,24127.53,974.63,0
1360,IT,suburban,5,>65,1,house,>50yr,E,electric,15535.39,993.43,0
1361,PT,urban,7,35-65,2,house,<20yr,C,gas,29955.71,590.96,0
1362,ES,suburban,5,>65,2,apartment,20-50yr,E,electric,18319.47,1201.91,0
1363,ES,suburban,5,35-65,1,other,>50yr,D,gas,21494.58,553.25,0
1364,IT,urban,9,35-65,1,house,20-50yr,G,district,42095.92,690.58,0
1365,ES,rural,6,<35,2,house,>50yr,G,electric,25956.57,1042.32,0
1366,ES,urban,9,<35,1,apartment,>50yr,E,gas,40500.95,563.74,0
1367,IT,urban,9,35-65,1,apartment,>50yr,G,gas,47813.49,691.31,0
1368,IT,urban,9,>65,1,house,<20yr,D,oil,53555.71,597.08,0
1369,IT,suburban,10,<35,2,apartment,20-50yr,B,oil,66489.4,261.73,0
1370,IT,suburban,7,>65,3,apartment,20-50yr,A,gas,28412.73,343.49,0
1371,IT,rural,6,35-65,2,apartment,20-50yr,F,gas,21957.71,960.57,0
1372,LV,urban,6,35-65,4,apartment,>50yr,D,electric,25744.4,1359.33,0
1373,ES,rural,3,>65,5,house,>50yr,G,gas,18828.4,2531.34,1
1374,PT,suburban,9,>65,4,apartment,20-50yr,D,gas,42658.33,1015.64,0
1375,LV,urban,7,35-65,1,apartment,20-50yr,A,gas,34022.04,409.45,0
1376,IT,urban,9,35-65,1,apartment,>50yr,E,wood,48364.57,498.19,0
1377,PT,urban,8,<35,1,apartment,>50yr,E,gas,40420.01,663.86,0
1378,LV,rural,5,35-65,1,apartment,>50yr,D,gas,25417.8,957.88,0
1379,ES,urban,3,35-65,4,apartment,20-50yr,F,gas,11490.67,2261.96,1
1380,ES,suburban,10,35-65,1,apartment,>50yr,E,electric,47600.77,737.32,0
1381,ES,suburban,8,35-65,3,apartment,20-50yr,D,electric,36257.71,723.67,0
1382,IT,rural,9,<35,5,house,<20yr,F,oil,51715.33,776.45,0
1383,ES,suburban,6,35-65,6,apartment,<20yr,D,electric,30056.69,1046.95,0
1384,LV,suburban,6,35-65,3,house,20-50yr,F,electric,24828.04,1590.47,0
1385,LV,urban,1,35-65,5,apartment,>50yr,C,electric,9292.13,2656.98,1
1386,IT,rural,1,35-65,3,house,20-50yr,E,district,7509.77,1960.96,1
1387,PT,urban,8,>65,2,house,20-50yr,D,wood,31802.86,745.54,0
1388,IT,urban,3,>65,1,apartment,20-50yr,B,gas,11469.68,772.79,0
1389,LV,rural,1,35-65,2,house,>50yr,E,oil,7836.98,3307.21,1
1390,IT,urban,8,<35,4,house,<20yr,D,gas,34176.18,550.54,0
1391,LV,urban,7,>65,5,apartment,20-50yr,E,gas,34872.87,1922.63,0
1392,PT,suburban,2,>65,6,house,<20yr,E,gas,11968.95,3571.85,1
1393,IT,urban,5,>65,1,house,20-50yr,A,wood,21171.52,270.16,0
1394,IT,urban,5,35-65,1,apartment,20-50yr,C,district,21184.38,495.71,0
1395,PT,suburban,1,<35,1,other,20-50yr,F,oil,7512.5,1970.26,1
1396,IT,suburban,7,35-65,1,apartment,20-50yr,D,oil,22973.13,488.09,0
1397,ES,suburban,4,35-65,3,house,>50yr,D,gas,14655.85,913.95,0
1398,LV,urban,9,35-65,1,house,>50yr,A,district,48385.6,255.33,0
1399,ES,suburban,2,35-65,1,other,20-50yr,D,gas,10773.88,1497.46,1
1400,ES,rural,9,35-65,5,house,<20yr,E,district,35318.98,736.95,0
1401,ES,urban,1,35-65,1,house,<20yr,G,gas,9820.79,2681.48,1
1402,IT,urban,8,35-65,4,apartment,<20yr,E,gas,46443.92,1069.85,0
1403,LV,urban,8,35-65,3,apartment,20-50yr,E,electric,43129.0,1334.35,0
1404,IT,suburban,5,35-65,3,house,>50yr,D,gas,22378.95,722.02,0
1405,IT,urban,3,<35,2,apartment,>50yr,E,gas,14614.11,1100.77,0
1406,IT,suburban,2,>65,2,house,20-50yr,F,oil,10959.51,2265.72,1
1407,LV,rural,4,35-65,2,apartment,>50yr,C,oil,17934.33,889.19,0
1408,IT,urban,7,35-65,3,apartment,>50yr,F,gas,32966.91,830.17,0
1409,LV,suburban,8,35-65,1,apartment,20-50yr,C,electric,40030.17,663.41,0
1410,PT,urban,2,35-65,1,apartment,>50yr,A,electric,11775.4,731.87,0
1411,PT,urban,1,35-65,1,apartment,>50yr,B,gas,4893.43,1332.24,1
1412,LV,suburban,6,<35,1,apartment,>50yr,A,electric,29712.08,394.12,0
1413,PT,urban,6,>65,4,other,>50yr,C,electric,25759.41,1160.74,0
1414,LV,rural,10,<35,2,house,20-50yr,B,wood,44867.55,279.54,0
1415,IT,suburban,8,>65,4,house,20-50yr,B,electric,37085.42,596.36,0
1416,PT,urban,6,35-65,1,apartment,>50yr,B,oil,26160.49,451.1,0
1417,ES,urban,6,<35,1,apartment,20-50yr,A,electric,19751.99,259.23,0
1418,ES,urban,7,35-65,6,house,20-50yr,D,oil,27243.41,858.58,0
1419,LV,rural,5,35-65,6,apartment,20-50yr,F,wood,17790.05,1522.33,0
1420,LV,suburban,7,>65,1,apartment,20-50yr,E,electric,25924.03,1361.64,0
1421,PT,urban,2,35-65,2,other,<20yr,B,gas,11982.54,1071.03,0
1422,ES,suburban,9,35-65,5,apartment,>50yr,D,wood,39168.47,593.44,0
1423,ES,suburban,9,35-65,4,other,20-50yr,D,electric,43605.88,711.38,0
1424,ES,suburban,5,>65,7,apartment,20-50yr,C,electric,23456.91,1103.28,0
1425,ES,urban,5,35-65,4,apartment,20-50yr,D,electric,19676.77,1044.68,0
1426,ES,urban,5,35-65,5,apartment,20-50yr,D,gas,23597.76,1000.78,0
1427,IT,urban,9,35-65,2,other,>50yr,D,electric,52692.33,554.99,0
1428,IT,urban,2,35-65,6,house,>50yr,E,electric,12488.75,2866.59,1
1429,PT,suburban,4,35-65,2,house,>50yr,D,gas,19147.76,808.43,0
1430,ES,urban,7,35-65,1,apartment,20-50yr,B,gas,34102.37,334.89,0
1431,LV,urban,7,>65,3,house,>50yr,B,wood,31830.98,633.14,0
1432,ES,urban,3,35-65,2,house,20-50yr,G,electric,15901.05,2420.78,1
1433,IT,urban,2,35-65,1,house,20-50yr,E,oil,9224.23,1327.73,1
1434,IT,rural,6,35-65,1,house,20-50yr,E,gas,24722.18,783.1,0
1435,IT,suburban,7,35-65,2,house,20-50yr,G,electric,31817.55,1021.77,0
1436,LV,urban,8,35-65,1,house,20-50yr,E,gas,35597.55,1013.01,0
1437,IT,suburban,1,>65,4,apartment,20-50yr,B,oil,11644.1,1652.5,1
1438,ES,urban,1,35-65,1,house,20-50yr,F,electric,7773.56,2096.88,1
1439,LV,rural,4,35-65,3,apartment,>50yr,C,electric,13394.22,1085.51,0
1440,LV,suburban,6,>65,3,other,20-50yr,E,district,25207.54,1558.23,0
1441,IT,suburban,1,35-65,1,apartment,20-50yr,D,gas,9058.36,1258.81,1
1442,IT,rural,2,35-65,3,apartment,>50yr,A,electric,9650.07,707.09,0
1443,IT,rural,5,35-65,1,apartment,<20yr,B,oil,20884.72,331.57,0
1444,IT,rural,3,<35,5,house,20-50yr,D,electric,13847.11,1336.57,0
1445,IT,urban,8,<35,1,apartment,20-50yr,E,oil,35679.62,481.51,0
1446,ES,urban,1,35-65,3,house,<20yr,C,district,7313.38,1288.77,1
1447,LV,suburban,9,>65,2,house,20-50yr,B,oil,50690.63,633.05,0
1448,ES,suburban,2,<35,3,apartment,>50yr,D,gas,15226.07,1380.7,0
1449,ES,suburban,5,>65,3,apartment,<20yr,F,gas,18515.26,1790.94,0
1450,IT,suburban,10,35-65,1,house,20-50yr,F,wood,45208.88,481.51,0
1451,PT,urban,7,>65,4,house,<20yr,E,gas,28094.42,1588.21,0
1452,ES,urban,10,35-65,2,apartment,<20yr,D,electric,67923.78,583.65,0
1453,LV,suburban,1,>65,4,other,20-50yr,D,district,7696.3,2911.52,1
1454,LV,urban,8,>65,4,apartment,>50yr,C,wood,38033.06,1002.82,0
1455,IT,suburban,1,>65,4,house,20-50yr,B,gas,6976.82,1487.83,1
1456,IT,suburban,7,35-65,5,house,20-50yr,A,oil,39203.6,290.37,0
1457,IT,suburban,4,<35,1,apartment,20-50yr,G,gas,16741.52,917.23,0
1458,ES,suburban,8,35-65,1,apartment,20-50yr,D,district,37372.32,546.1,0
1459,LV,suburban,2,35-65,3,house,20-50yr,A,electric,9762.03,933.08,0
1460,ES,suburban,9,<35,2,apartment,20-50yr,E,electric,37613.87,650.8,0
1461,PT,urban,5,>65,1,apartment,<20yr,C,gas,20988.59,910.79,0
1462,ES,suburban,6,<35,5,apartment,20-50yr,D,gas,25393.33,797.95,0
1463,IT,suburban,6,>65,3,house,20-50yr,E,electric,28454.1,1271.39,0
1464,IT,urban,1,35-65,4,apartment,>50yr,F,oil,6210.75,2539.13,1
1465,PT,suburban,4,>65,4,apartment,20-50yr,F,electric,15173.6,1954.06,1
1466,PT,rural,8,>65,4,other,20-50yr,G,wood,32473.79,1482.83,0
1467,ES,urban,10,35-65,4,house,20-50yr,C,gas,55999.83,497.97,0
1468,IT,suburban,10,35-65,1,apartment,20-50yr,E,gas,46427.93,538.42,0
1469,PT,rural,6,<35,2,apartment,20-50yr,G,electric,24644.68,1238.71,0
1470,IT,rural,3,>65,2,apartment,20-50yr,D,oil,12711.45,1408.89,1
1471,LV,urban,5,>65,3,apartment,>50yr,F,electric,20577.3,2146.21,1
1472,IT,suburban,5,35-65,3,apartment,20-50yr,G,gas,18696.25,1334.92,0
1473,IT,rural,4,<35,4,apartment,20-50yr,E,gas,15036.27,966.53,0
1474,ES,suburban,4,35-65,2,apartment,20-50yr,C,oil,18264.55,533.18,0
1475,ES,urban,9,<35,1,house,>50yr,C,district,50812.75,355.99,0
1476,ES,urban,4,>65,4,apartment,<20yr,E,wood,19770.98,1049.85,0
1477,ES,suburban,1,35-65,5,apartment,>50yr,G,oil,9453.13,3066.09,1
1478,LV,urban,8,>65,6,house,<20yr,A,electric,43294.42,772.34,0
1479,ES,urban,7,>65,2,apartment,<20yr,D,wood,29286.09,616.46,0
1480,ES,urban,4,>65,7,house,>50yr,C,wood,23169.54,967.01,0
1481,ES,suburban,7,35-65,1,apartment,20-50yr,D,gas,33603.02,511.15,0
1482,IT,suburban,10,35-65,2,house,20-50yr,F,gas,47696.27,688.74,0
1483,ES,rural,10,>65,1,apartment,20-50yr,E,wood,49751.13,567.97,0
1484,IT,suburban,8,35-65,1,apartment,>50yr,E,wood,36824.11,478.51,0
1485,ES,rural,6,>65,1,house,>50yr,E,oil,28530.0,833.3,0
1486,IT,rural,1,35-65,6,apartment,20-50yr,E,gas,7730.04,2791.33,1
1487,LV,urban,6,<35,2,apartment,>50yr,E,wood,21611.25,886.64,0
1488,ES,suburban,9,>65,3,apartment,20-50yr,B,gas,48413.19,437.72,0
1489,LV,urban,9,>65,2,apartment,20-50yr,A,gas,36367.23,318.48,0
1490,ES,rural,8,<35,1,apartment,>50yr,F,electric,37678.96,810.81,0
1491,IT,urban,10,35-65,1,apartment,>50yr,D,electric,55357.13,467.17,0
1492,PT,suburban,6,<35,2,apartment,20-50yr,C,gas,20440.29,561.73,0
1493,ES,rural,2,35-65,2,house,>50yr,D,electric,14360.62,1522.89,1
1494,PT,urban,5,35-65,4,house,20-50yr,E,oil,21052.77,1126.56,0
1495,ES,rural,4,35-65,5,apartment,>50yr,B,gas,14648.02,591.76,0
1496,ES,urban,9,<35,3,house,<20yr,E,gas,43314.29,636.03,0
1497,LV,urban,8,35-65,1,apartment,20-50yr,B,oil,27771.23,462.95,0
1498,ES,suburban,5,35-65,1,apartment,>50yr,G,district,22168.8,885.84,0
1499,IT,urban,4,<35,2,house,20-50yr,E,wood,19912.84,466.0,0
1500,PT,suburban,2,35-65,2,house,20-50yr,F,gas,16496.99,2261.87,1
1501,PT,rural,1,35-65,4,apartment,>50yr,F,electric,8118.3,4499.92,1
1502,LV,urban,4,35-65,2,other,20-50yr,F,wood,15853.05,1126.03,0
1503,ES,suburban,3,35-65,7,other,<20yr,D,gas,14440.89,2022.64,1
1504,ES,rural,3,<35,1,apartment,<20yr,B,electric,17376.34,571.68,0
1505,PT,suburban,10,<35,2,house,20-50yr,G,electric,59291.68,1104.07,0
1506,ES,urban,7,>65,3,house,20-50yr,G,oil,33991.12,1394.57,0
1507,PT,rural,6,>65,1,other,<20yr,G,gas,28019.04,1345.1,0
1508,ES,urban,2,>65,2,house,>50yr,G,gas,11867.99,2600.99,1
1509,IT,suburban,9,>65,1,apartment,20-50yr,E,gas,34845.5,628.1,0
1510,PT,suburban,7,35-65,1,house,>50yr,E,electric,24113.01,1062.02,0
1511,IT,suburban,6,>65,4,apartment,>50yr,F,gas,19726.82,1237.34,0
1512,IT,urban,5,35-65,2,house,20-50yr,B,electric,17547.28,440.51,0
1513,ES,urban,6,35-65,5,house,>50yr,F,electric,21253.49,1410.67,0
1514,PT,suburban,9,>65,2,house,<20yr,F,gas,56835.36,1304.39,0
1515,LV,urban,8,35-65,4,apartment,20-50yr,E,gas,32378.38,1225.23,0
1516,IT,suburban,5,35-65,3,apartment,>50yr,D,gas,21316.93,657.33,0
1517,IT,suburban,7,35-65,4,house,>50yr,E,district,28922.32,724.95,0
1518,LV,suburban,10,35-65,2,apartment,20-50yr,G,gas,56619.79,1102.43,0
1519,IT,urban,4,35-65,3,apartment,20-50yr,C,electric,17684.89,546.96,0
1520,IT,urban,10,>65,1,apartment,20-50yr,D,electric,45555.76,651.21,0
1521,IT,rural,7,35-65,1,house,>50yr,E,gas,32814.11,695.23,0
1522,ES,urban,2,<35,2,apartment,20-50yr,F,wood,9933.58,1250.41,1
1523,LV,urban,10,35-65,3,house,20-50yr,E,oil,49418.62,1104.67,0
1524,PT,urban,7,35-65,3,apartment,20-50yr,E,electric,28652.12,1198.94,0
1525,PT,urban,4,35-65,2,house,20-50yr,B,gas,19757.75,634.78,0
1526,IT,rural,3,35-65,4,apartment,20-50yr,D,gas,12747.99,1540.62,1
1527,ES,urban,10,35-65,3,apartment,20-50yr,G,gas,55762.43,944.84,0
1528,ES,urban,9,35-65,2,apartment,20-50yr,D,electric,45678.48,518.24,0
1529,IT,suburban,1,35-65,2,apartment,20-50yr,D,district,8314.21,1472.44,1
1530,IT,urban,7,35-65,2,house,20-50yr,D,electric,30923.26,718.46,0
1531,IT,urban,2,35-65,1,house,20-50yr,D,gas,8911.65,1153.42,1
1532,IT,rural,3,35-65,1,house,20-50yr,D,gas,14268.98,1053.61,0
1533,ES,suburban,6,<35,2,house,>50yr,F,gas,21794.72,821.77,0
1534,PT,urban,3,35-65,1,house,20-50yr,D,gas,10751.67,1256.7,1
1535,IT,urban,6,35-65,2,other,20-50yr,E,gas,23323.89,779.5,0
1536,ES,urban,5,35-65,5,house,20-50yr,D,district,19427.61,833.68,0
1537,PT,urban,6,>65,2,apartment,<20yr,G,electric,38974.39,1998.12,0
1538,PT,suburban,9,35-65,4,apartment,>50yr,C,gas,49780.84,671.96,0
1539,PT,suburban,2,>65,3,house,>50yr,B,gas,12373.3,1433.28,1
1540,ES,suburban,8,35-65,2,house,20-50yr,D,electric,33864.24,574.86,0
1541,PT,rural,3,35-65,1,house,20-50yr,G,gas,13616.3,2757.9,1
1542,IT,urban,1,>65,3,apartment,20-50yr,E,wood,11765.56,2043.78,1
1543,ES,rural,5,35-65,1,house,20-50yr,E,electric,19089.4,766.05,0
1544,IT,suburban,4,>65,2,apartment,<20yr,D,electric,18182.13,1064.73,0
1545,ES,urban,2,>65,3,apartment,>50yr,C,oil,14499.16,1572.39,1
1546,ES,rural,5,35-65,4,house,<20yr,G,gas,18839.75,1510.12,0
1547,IT,urban,9,>65,2,house,>50yr,D,gas,43977.08,729.64,0
1548,PT,suburban,6,>65,7,apartment,<20yr,F,electric,24932.04,2923.28,1
1549,IT,suburban,8,35-65,4,apartment,20-50yr,F,gas,31506.74,897.13,0
1550,IT,urban,2,<35,1,house,20-50yr,E,gas,12355.96,1274.37,1
1551,IT,rural,1,35-65,3,apartment,20-50yr,C,district,6767.58,1095.63,1
1552,ES,urban,4,>65,4,apartment,>50yr,C,wood,19659.88,729.67,0
1553,IT,rural,8,>65,1,house,20-50yr,A,gas,38395.92,277.18,0
1554,ES,urban,9,>65,3,house,<20yr,G,wood,49199.87,938.14,0
1555,IT,urban,2,35-65,3,apartment,>50yr,F,gas,10684.19,2693.1,1
1556,PT,urban,5,<35,3,apartment,20-50yr,D,wood,22263.32,698.94,0
1557,LV,rural,4,35-65,1,house,<20yr,G,electric,20412.1,1427.44,0
1558,ES,urban,8,35-65,1,apartment,<20yr,C,electric,29142.08,516.72,0
1559,ES,rural,3,<35,4,apartment,20-50yr,A,oil,11678.96,606.88,0
1560,LV,urban,5,<35,4,apartment,>50yr,B,gas,22914.86,517.77,0
1561,LV,suburban,9,<35,3,apartment,<20yr,G,district,48649.8,1197.97,0
1562,ES,urban,5,<35,3,house,>50yr,C,gas,21431.21,500.3,0
1563,LV,urban,8,35-65,2,apartment,20-50yr,B,district,41326.85,469.85,0
1564,LV,rural,7,35-65,1,other,20-50yr,C,gas,28413.58,579.85,0
1565,PT,urban,6,35-65,3,apartment,>50yr,D,gas,30233.39,1058.6,0
1566,ES,suburban,3,35-65,3,house,>50yr,D,gas,13848.32,1325.13,0
1567,IT,suburban,10,>65,1,apartment,20-50yr,C,gas,48936.48,509.41,0
1568,IT,suburban,3,35-65,1,house,20-50yr,F,electric,17336.04,1440.46,0
1569,ES,suburban,10,35-65,1,house,<20yr,G,electric,62262.76,825.46,0
1570,ES,rural,10,35-65,3,apartment,>50yr,C,wood,51407.77,303.92,0
1571,ES,suburban,6,35-65,1,apartment,20-50yr,G,electric,23437.44,1404.84,0
1572,ES,suburban,9,35-65,1,other,20-50yr,F,electric,47055.68,957.21,0
1573,ES,suburban,8,35-65,3,other,20-50yr,G,gas,30982.94,1360.88,0
1574,PT,suburban,8,35-65,1,other,>50yr,B,oil,37773.14,459.26,0
1575,IT,urban,1,35-65,2,apartment,<20yr,F,district,7800.07,1904.84,1
1576,IT,suburban,2,35-65,4,apartment,20-50yr,E,gas,11360.13,2022.53,1
1577,PT,urban,1,35-65,4,apartment,20-50yr,A,gas,5907.62,1076.36,1
1578,PT,suburban,1,35-65,1,house,20-50yr,F,gas,6982.36,2762.66,1
1579,LV,rural,9,35-65,3,apartment,20-50yr,C,gas,44667.7,653.36,0
1580,LV,rural,2,35-65,3,apartment,20-50yr,F,electric,12881.44,3170.22,1
1581,LV,rural,1,35-65,1,house,20-50yr,E,gas,7844.15,2244.92,1
1582,IT,suburban,10,<35,2,apartment,>50yr,D,wood,61296.12,332.51,0
1583,ES,suburban,3,35-65,1,house,20-50yr,A,gas,11210.18,423.98,0
1584,IT,urban,9,35-65,1,apartment,<20yr,G,gas,40201.77,743.18,0
1585,ES,suburban,10,35-65,4,house,20-50yr,B,gas,57357.96,405.06,0
1586,LV,urban,6,35-65,1,apartment,20-50yr,F,gas,24767.22,1066.54,0
1587,IT,urban,10,<35,3,house,20-50yr,E,wood,61665.57,424.78,0
1588,ES,rural,10,<35,2,apartment,>50yr,B,district,52921.12,229.14,0
1589,IT,rural,2,35-65,4,apartment,<20yr,E,electric,10599.72,2425.34,1
1590,IT,suburban,2,<35,5,apartment,<20yr,G,gas,12133.13,2561.74,1
1591,IT,urban,4,35-65,5,house,20-50yr,G,oil,16144.7,1528.26,0
1592,IT,suburban,6,35-65,2,apartment,>50yr,B,oil,21817.81,340.63,0
1593,LV,urban,8,>65,4,apartment,20-50yr,C,oil,38599.79,1019.86,0
1594,ES,rural,2,35-65,2,house,20-50yr,C,electric,9519.47,1190.73,1
1595,PT,rural,2,<35,3,apartment,20-50yr,F,electric,13608.25,2494.43,1
1596,PT,urban,4,35-65,1,apartment,>50yr,C,gas,13275.06,717.22,0
1597,IT,urban,3,35-65,2,apartment,>50yr,B,gas,13387.47,656.0,0
1598,IT,urban,10,35-65,1,apartment,20-50yr,D,district,70198.52,403.96,0
1599,PT,urban,4,>65,1,apartment,>50yr,G,gas,23537.07,1681.99,0
1600,IT,urban,9,35-65,2,apartment,>50yr,D,gas,42415.46,486.18,0
1601,LV,urban,1,<35,1,apartment,20-50yr,F,gas,9440.77,2401.9,1
1602,IT,urban,2,<35,1,apartment,20-50yr,B,gas,12356.26,593.63,0
1603,PT,urban,9,>65,1,house,20-50yr,E,district,39943.63,842.04,0
1604,PT,urban,3,>65,2,house,20-50yr,E,gas,15016.33,1947.95,1
1605,IT,suburban,1,>65,2,apartment,>50yr,G,electric,7030.12,3280.2,1
1606,IT,urban,6,35-65,2,apartment,20-50yr,F,wood,19778.05,804.99,0
1607,LV,rural,2,35-65,2,house,20-50yr,B,gas,11864.32,1302.32,1
1608,IT,urban,1,<35,2,apartment,20-50yr,D,gas,8705.14,1309.85,1
1609,ES,urban,5,35-65,3,house,20-50yr,A,gas,17578.94,288.74,0
1610,ES,urban,6,35-65,3,apartment,<20yr,C,gas,24470.44,621.81,0
1611,IT,suburban,6,>65,2,apartment,20-50yr,G,gas,20925.3,1445.53,0
1612,PT,urban,6,35-65,1,apartment,<20yr,D,electric,23328.56,995.48,0
1613,PT,suburban,1,35-65,4,house,>50yr,G,gas,7493.01,3968.28,1
1614,ES,urban,3,<35,1,apartment,<20yr,A,electric,15645.55,368.14,0
1615,PT,rural,4,35-65,6,apartment,<20yr,G,district,16235.29,2121.54,1
1616,IT,urban,3,<35,4,apartment,>50yr,G,gas,11585.9,2009.71,1
1617,IT,urban,6,>65,3,house,<20yr,E,gas,32337.74,1094.64,0
1618,ES,rural,3,<35,2,apartment,20-50yr,B,gas,15078.86,589.27,0
1619,LV,urban,7,35-65,1,house,20-50yr,G,gas,34315.64,1159.75,0
1620,IT,urban,10,35-65,1,apartment,>50yr,G,gas,60253.57,776.41,0
1621,IT,rural,7,35-65,4,apartment,<20yr,C,electric,34548.17,728.98,0
1622,ES,urban,4,35-65,6,apartment,<20yr,G,gas,18684.29,1715.52,0
1623,PT,urban,5,35-65,1,other,20-50yr,G,gas,22517.47,1558.28,0
1624,IT,urban,6,35-65,2,apartment,>50yr,C,gas,25482.05,537.43,0
1625,ES,urban,8,35-65,2,apartment,>50yr,D,oil,33705.25,574.68,0
1626,PT,rural,4,>65,6,house,20-50yr,D,gas,19989.39,1559.21,0
1627,ES,suburban,1,35-65,1,apartment,20-50yr,D,oil,7688.69,1206.01,1
1628,IT,suburban,8,35-65,3,apartment,<20yr,G,electric,36641.42,1083.56,0
1629,IT,urban,7,>65,5,apartment,20-50yr,G,gas,31712.46,1714.47,0
1630,ES,suburban,2,35-65,1,house,20-50yr,C,electric,11776.16,1444.24,1
1631,ES,suburban,7,>65,4,apartment,>50yr,E,gas,25765.74,1207.27,0
1632,LV,urban,1,>65,5,house,<20yr,E,oil,8245.12,4849.72,1
1633,ES,rural,7,>65,3,house,>50yr,D,gas,25740.82,836.31,0
1634,PT,suburban,8,35-65,1,apartment,<20yr,F,electric,36977.4,1086.89,0
1635,LV,suburban,1,35-65,1,apartment,>50yr,E,electric,8992.66,2844.79,1
1636,ES,urban,8,35-65,2,house,20-50yr,C,electric,47157.75,492.86,0
1637,ES,urban,2,35-65,2,house,<20yr,D,oil,11995.71,1587.82,1
1638,LV,suburban,3,>65,1,house,>50yr,G,gas,15937.12,3068.98,1
1639,IT,suburban,8,35-65,2,apartment,20-50yr,D,electric,30580.29,716.5,0
1640,PT,urban,4,35-65,4,house,>50yr,D,gas,18971.29,1189.15,0
1641,PT,urban,10,35-65,1,house,>50yr,G,gas,46526.29,936.14,0
1642,IT,rural,10,<35,1,other,>50yr,G,gas,65871.1,570.53,0
1643,ES,urban,10,35-65,3,apartment,>50yr,E,electric,46871.0,762.82,0
1644,IT,urban,2,35-65,3,house,20-50yr,D,electric,9500.31,1959.94,1
1645,IT,suburban,2,35-65,1,house,20-50yr,E,wood,12318.54,1080.37,0
1646,ES,urban,2,>65,1,house,20-50yr,E,electric,14152.07,2292.09,1
1647,IT,urban,6,35-65,2,house,20-50yr,D,oil,29299.0,604.2,0
1648,PT,urban,5,>65,4,house,20-50yr,A,wood,19914.05,478.85,0
1649,LV,rural,8,35-65,4,apartment,20-50yr,D,gas,31035.03,1091.55,0
1650,PT,urban,3,>65,2,apartment,20-50yr,E,oil,13129.75,1939.53,1
1651,IT,suburban,2,35-65,1,apartment,20-50yr,G,gas,11209.41,2002.83,1
1652,IT,rural,7,35-65,2,house,<20yr,F,gas,29653.73,1077.29,0
1653,IT,suburban,7,>65,4,apartment,>50yr,B,district,25709.65,527.17,0
1654,IT,suburban,7,<35,3,house,>50yr,D,gas,36383.75,642.07,0
1655,LV,suburban,4,35-65,4,other,20-50yr,E,district,21293.24,1486.97,0
1656,ES,urban,6,35-65,2,house,<20yr,D,wood,33169.09,599.48,0
1657,IT,suburban,10,35-65,3,house,>50yr,A,wood,42873.82,168.87,0
1658,PT,rural,7,>65,2,house,20-50yr,G,electric,26573.2,1795.7,0
1659,ES,suburban,10,35-65,1,apartment,20-50yr,G,electric,57108.92,920.21,0
1660,IT,urban,5,>65,1,apartment,>50yr,G,electric,21015.24,1307.72,0
1661,IT,urban,1,35-65,3,apartment,20-50yr,D,electric,7478.32,2182.05,1
1662,ES,rural,8,35-65,3,house,20-50yr,F,wood,31661.14,692.93,0
1663,PT,urban,5,>65,3,apartment,<20yr,F,gas,18081.04,1806.09,0
1664,IT,rural,1,35-65,2,apartment,20-50yr,E,electric,10841.32,2062.92,1
1665,LV,urban,2,<35,2,house,20-50yr,B,district,8880.4,1241.55,1
1666,LV,suburban,4,35-65,2,apartment,<20yr,C,gas,13854.0,841.36,0
1667,PT,rural,2,35-65,1,house,>50yr,C,wood,9204.26,1095.71,1
1668,IT,suburban,7,35-65,2,apartment,>50yr,G,gas,30877.52,812.42,0
1669,IT,urban,7,35-65,5,house,20-50yr,E,gas,28796.17,882.16,0
1670,LV,rural,4,35-65,4,apartment,20-50yr,G,electric,18620.17,2425.27,1
1671,IT,urban,1,>65,4,house,20-50yr,E,electric,7195.39,3150.1,1
1672,ES,urban,1,35-65,5,house,20-50yr,B,wood,8106.39,1057.27,1
1673,PT,suburban,10,35-65,1,apartment,20-50yr,D,gas,55703.75,585.46,0
1674,IT,urban,4,35-65,1,apartment,<20yr,B,gas,22162.85,381.67,0
1675,PT,suburban,2,<35,2,house,20-50yr,G,wood,14364.31,1693.24,1
1676,LV,urban,8,35-65,1,apartment,<20yr,C,electric,35194.05,678.38,0
1677,PT,urban,9,35-65,2,house,<20yr,C,electric,48883.52,627.6,0
1678,ES,rural,2,>65,4,apartment,20-50yr,E,gas,11271.2,2982.09,1
1679,LV,urban,10,35-65,2,house,>50yr,F,district,61740.91,1048.47,0
1680,ES,suburban,8,<35,1,apartment,20-50yr,E,district,38139.4,378.56,0
1681,PT,suburban,3,35-65,2,house,>50yr,A,electric,15633.97,635.82,0
1682,PT,rural,8,>65,1,house,20-50yr,F,gas,40914.3,1448.46,0
1683,PT,suburban,5,35-65,1,apartment,20-50yr,A,district,22380.92,323.51,0
1684,IT,rural,7,35-65,3,apartment,>50yr,E,wood,30621.86,694.21,0
1685,IT,urban,2,>65,3,house,<20yr,E,electric,12862.53,2414.85,1
1686,IT,urban,3,<35,3,house,<20yr,C,electric,13720.08,1043.88,0
1687,ES,rural,8,35-65,3,other,>50yr,D,electric,33019.7,646.61,0
1688,ES,rural,9,35-65,3,house,20-50yr,A,gas,34058.18,242.39,0
1689,ES,suburban,1,35-65,4,house,>50yr,C,oil,8526.99,1627.69,1
1690,ES,suburban,3,>65,3,house,<20yr,E,oil,15532.0,2071.52,1
1691,PT,suburban,7,<35,2,other,>50yr,C,electric,23164.27,631.52,0
1692,LV,urban,10,35-65,1,apartment,20-50yr,A,wood,50162.44,226.47,0
1693,IT,rural,7,35-65,2,apartment,20-50yr,E,electric,33577.24,831.48,0
1694,PT,rural,8,>65,4,house,>50yr,F,wood,35232.45,1289.27,0
1695,PT,suburban,4,>65,2,other,20-50yr,G,gas,17645.63,2222.91,1
1696,ES,urban,1,35-65,3,apartment,20-50yr,G,district,9173.67,3259.53,1
1697,IT,urban,8,<35,3,apartment,>50yr,D,gas,35420.83,548.01,0
1698,PT,urban,8,35-65,2,house,>50yr,D,gas,38136.21,691.38,0
1699,LV,suburban,5,>65,3,house,<20yr,E,electric,17856.83,1860.29,1
1700,PT,suburban,6,35-65,3,apartment,<20yr,F,gas,26353.68,1372.67,0
1701,LV,urban,3,35-65,1,house,>50yr,D,gas,11452.77,1246.83,1
1702,LV,suburban,5,>65,2,apartment,20-50yr,G,oil,17287.94,2256.45,1
1703,ES,rural,3,>65,2,apartment,20-50yr,E,gas,12981.72,1732.6,1
1704,ES,urban,5,35-65,1,house,<20yr,D,wood,22801.97,478.59,0
1705,ES,suburban,2,>65,1,apartment,<20yr,F,gas,11086.93,2198.37,1
1706,LV,suburban,7,<35,1,house,>50yr,C,gas,26650.48,535.87,0
1707,IT,urban,3,35-65,2,apartment,20-50yr,G,gas,15969.49,1876.85,1
1708,ES,suburban,8,>65,6,house,>50yr,D,electric,37763.07,1323.11,0
1709,LV,suburban,6,<35,4,apartment,20-50yr,E,electric,29242.82,1533.21,0
1710,IT,urban,9,<35,2,other,20-50yr,E,gas,37622.0,603.56,0
1711,PT,urban,3,35-65,5,house,20-50yr,B,gas,17360.55,1132.22,0
1712,ES,rural,3,35-65,3,apartment,>50yr,F,gas,17749.29,1894.43,1
1713,LV,urban,3,<35,4,other,20-50yr,D,electric,16051.49,2020.44,1
1714,LV,suburban,7,35-65,1,apartment,20-50yr,D,electric,32277.74,937.17,0
1715,IT,suburban,2,35-65,6,apartment,20-50yr,B,gas,11850.39,1260.61,1
1716,PT,rural,7,35-65,4,other,<20yr,F,gas,31525.52,1424.76,0
1717,IT,suburban,9,>65,2,other,20-50yr,G,wood,34995.74,867.27,0
1718,ES,rural,7,35-65,1,house,20-50yr,B,gas,27423.46,382.1,0
1719,PT,suburban,2,35-65,2,other,<20yr,F,district,10829.68,2296.27,1
1720,PT,urban,5,<35,2,apartment,20-50yr,G,gas,17992.68,1381.94,0
1721,IT,urban,6,35-65,2,apartment,<20yr,B,district,31003.67,384.32,0
1722,IT,urban,4,35-65,1,apartment,>50yr,G,electric,18863.97,1318.8,0
1723,PT,urban,5,>65,2,apartment,>50yr,A,electric,27436.51,519.05,0
1724,ES,urban,8,>65,5,house,>50yr,F,gas,40529.9,1659.49,0
1725,ES,urban,9,35-65,1,apartment,20-50yr,E,district,34872.32,537.48,0
1726,IT,urban,4,>65,5,house,20-50yr,G,gas,21290.21,2012.36,0
1727,IT,urban,4,<35,2,apartment,20-50yr,D,oil,16356.13,635.47,0
1728,LV,urban,3,35-65,2,apartment,20-50yr,D,gas,17179.85,1581.42,0
1729,IT,suburban,5,35-65,1,house,<20yr,F,electric,26330.7,911.51,0
1730,ES,suburban,6,35-65,7,apartment,>50yr,F,oil,30619.27,1340.24,0
1731,LV,rural,8,>65,1,house,<20yr,E,electric,42289.06,1275.67,0
1732,IT,suburban,3,<35,1,house,20-50yr,E,electric,14940.34,1102.94,0
1733,PT,rural,3,35-65,1,house,20-50yr,E,wood,13978.34,1341.32,0
1734,IT,suburban,1,<35,2,house,20-50yr,A,electric,10614.34,595.16,0
1735,LV,urban,1,<35,2,other,20-50yr,B,gas,8333.63,1193.1,1
1736,PT,rural,1,35-65,3,apartment,20-50yr,C,gas,7550.77,1929.68,1
1737,LV,urban,3,>65,3,house,20-50yr,C,oil,14959.47,1724.98,1
1738,IT,suburban,7,35-65,1,apartment,>50yr,F,gas,35641.91,707.42,0
1739,ES,suburban,8,35-65,2,apartment,20-50yr,D,electric,42534.72,600.99,0
1740,PT,urban,10,<35,2,house,20-50yr,D,gas,46731.49,483.65,0
1741,IT,suburban,6,<35,3,house,>50yr,B,district,29397.86,312.62,0
1742,IT,urban,5,<35,2,house,<20yr,G,electric,23287.65,1093.41,0
1743,IT,urban,9,>65,2,house,20-50yr,A,electric,40828.47,294.83,0
1744,LV,urban,2,<35,4,house,<20yr,B,wood,9720.43,1037.32,1
1745,PT,urban,7,35-65,2,house,20-50yr,F,wood,37177.75,888.64,0
1746,ES,urban,9,35-65,1,apartment,20-50yr,B,gas,54083.3,373.41,0
1747,PT,suburban,6,35-65,1,apartment,20-50yr,F,gas,31637.45,1106.81,0
1748,ES,suburban,3,35-65,3,apartment,>50yr,D,electric,11506.01,1421.61,1
1749,ES,suburban,7,<35,1,house,20-50yr,F,gas,29071.4,622.48,0
1750,ES,suburban,10,35-65,1,apartment,20-50yr,B,gas,55471.93,340.96,0
1751,ES,urban,3,35-65,2,apartment,20-50yr,D,gas,17539.04,1070.15,0
1752,IT,urban,6,<35,4,apartment,>50yr,D,gas,28219.52,629.54,0
1753,LV,suburban,1,35-65,2,house,20-50yr,E,gas,7735.85,2666.44,1
1754,PT,rural,3,<35,4,apartment,20-50yr,F,gas,14344.35,2254.12,1
1755,IT,urban,8,>65,1,apartment,20-50yr,C,gas,40068.41,537.14,0
1756,ES,urban,5,>65,2,apartment,20-50yr,E,electric,23492.35,1214.47,0
1757,IT,suburban,2,<35,1,apartment,20-50yr,C,gas,14153.66,807.24,0
1758,LV,rural,4,35-65,3,apartment,>50yr,F,gas,21773.19,1479.2,0
1759,LV,urban,2,35-65,2,other,20-50yr,G,wood,13262.7,3201.95,1
1760,LV,urban,8,>65,1,apartment,<20yr,A,electric,32101.04,439.16,0
1761,IT,urban,10,35-65,3,apartment,>50yr,B,wood,49496.44,288.05,0
1762,IT,suburban,2,35-65,1,house,>50yr,F,district,9480.94,1449.91,1
1763,IT,rural,3,<35,3,house,20-50yr,G,electric,14917.44,1882.06,1
1764,IT,suburban,9,<35,4,apartment,20-50yr,E,wood,40075.48,613.15,0
1765,IT,urban,9,35-65,4,apartment,>50yr,D,gas,47019.04,536.0,0
1766,IT,suburban,8,35-65,1,other,20-50yr,F,oil,40226.46,744.17,0
1767,LV,rural,8,>65,1,other,20-50yr,C,electric,37355.71,834.49,0
1768,IT,suburban,9,>65,4,apartment,20-50yr,G,oil,49267.17,1323.61,0
1769,IT,rural,4,35-65,2,house,20-50yr,F,gas,15956.18,1205.48,0
1770,PT,urban,9,35-65,5,apartment,20-50yr,G,district,34604.44,1334.37,0
1771,ES,urban,9,>65,3,apartment,>50yr,G,electric,38854.18,1076.72,0
1772,PT,suburban,3,>65,1,apartment,20-50yr,G,wood,15946.55,1983.15,1
1773,ES,suburban,1,>65,1,house,<20yr,B,district,10591.47,1017.05,0
1774,LV,rural,6,>65,3,apartment,20-50yr,G,wood,31357.94,2063.28,0
1775,ES,suburban,8,35-65,3,apartment,20-50yr,C,gas,35109.19,526.37,0
1776,ES,urban,9,35-65,4,apartment,>50yr,D,electric,49916.64,905.82,0
1777,PT,urban,2,35-65,1,apartment,>50yr,D,electric,8980.38,1431.21,1
1778,ES,suburban,4,<35,7,apartment,20-50yr,C,electric,22194.81,851.38,0
1779,IT,urban,8,35-65,5,apartment,>50yr,D,electric,39174.66,948.91,0
1780,ES,suburban,1,35-65,4,house,20-50yr,E,oil,9060.86,2592.26,1
1781,IT,urban,8,35-65,4,apartment,20-50yr,B,district,27187.64,316.59,0
1782,PT,urban,3,<35,1,apartment,20-50yr,D,gas,15101.33,1080.36,0
1783,IT,suburban,1,35-65,1,house,>50yr,D,gas,10619.08,1406.01,1
1784,IT,urban,3,35-65,1,apartment,<20yr,E,oil,14734.48,1106.01,0
1785,IT,suburban,8,35-65,1,apartment,<20yr,E,electric,35759.42,769.17,0
1786,PT,suburban,9,<35,6,house,20-50yr,F,district,41678.17,1129.22,0
1787,IT,suburban,1,35-65,3,house,20-50yr,F,oil,7232.21,2051.31,1
1788,PT,suburban,5,<35,3,apartment,20-50yr,E,gas,21440.41,1095.86,0
1789,LV,suburban,3,35-65,2,apartment,>50yr,C,electric,11750.83,1620.8,1
1790,IT,rural,7,35-65,3,apartment,<20yr,E,wood,32335.04,589.2,0
1791,PT,urban,8,>65,2,apartment,20-50yr,D,gas,42839.35,889.14,0
1792,IT,urban,10,35-65,1,house,<20yr,B,gas,51953.69,253.46,0
1793,IT,suburban,4,35-65,2,house,20-50yr,G,electric,18675.96,1470.92,0
1794,PT,suburban,3,>65,1,apartment,20-50yr,B,gas,13970.83,1027.69,0
1795,LV,suburban,4,35-65,3,apartment,20-50yr,G,district,18707.75,1402.78,0
1796,IT,suburban,8,>65,1,apartment,20-50yr,A,gas,41578.02,229.81,0
1797,ES,suburban,5,<35,2,apartment,20-50yr,F,gas,22515.84,934.48,0
1798,IT,urban,1,35-65,2,apartment,>50yr,C,district,9170.59,1108.55,1
1799,ES,suburban,10,<35,2,apartment,<20yr,G,gas,59925.46,647.95,0
1800,ES,urban,2,35-65,4,house,>50yr,F,gas,12614.96,2408.82,1
1801,ES,urban,10,>65,1,house,20-50yr,A,gas,58106.49,264.08,0
1802,ES,suburban,2,35-65,3,other,<20yr,A,district,11647.51,726.99,0
1803,IT,suburban,6,35-65,1,house,20-50yr,E,district,27942.04,626.22,0
1804,PT,urban,4,35-65,1,other,<20yr,B,gas,17441.37,544.41,0
1805,PT,rural,7,>65,5,other,<20yr,A,oil,32336.04,518.04,0
1806,PT,suburban,5,35-65,2,apartment,20-50yr,G,oil,18510.1,1434.64,0
1807,IT,suburban,4,35-65,2,apartment,20-50yr,E,gas,13434.23,797.51,0
1808,ES,rural,5,>65,5,apartment,>50yr,A,gas,21451.85,563.12,0
1809,ES,urban,10,35-65,4,house,>50yr,D,wood,49152.31,503.08,0
1810,IT,suburban,3,35-65,1,house,20-50yr,C,gas,18840.06,743.08,0
1811,IT,urban,3,<35,2,apartment,>50yr,F,electric,12506.05,1413.79,1
1812,ES,urban,1,<35,3,house,>50yr,A,gas,9035.44,683.51,0
1813,PT,urban,8,>65,1,house,20-50yr,D,electric,32583.53,886.25,0
1814,IT,urban,7,35-65,5,house,20-50yr,C,gas,30096.27,769.21,0
1815,PT,suburban,7,>65,3,apartment,20-50yr,G,gas,25542.29,1957.26,0
1816,ES,urban,1,<35,2,apartment,>50yr,B,gas,6716.95,941.06,1
1817,PT,suburban,8,35-65,3,apartment,>50yr,F,district,37825.83,1044.0,0
1818,ES,urban,9,35-65,4,apartment,<20yr,D,gas,40781.32,662.87,0
1819,ES,urban,10,35-65,2,house,>50yr,F,electric,61884.73,832.26,0
1820,ES,rural,10,35-65,3,apartment,20-50yr,C,electric,66756.78,467.72,0
1821,LV,suburban,3,35-65,2,apartment,20-50yr,G,gas,11094.59,2934.78,1
1822,ES,rural,8,35-65,3,apartment,20-50yr,G,wood,42411.96,959.63,0
1823,ES,suburban,5,>65,2,house,20-50yr,C,gas,18180.07,682.15,0
1824,ES,urban,6,35-65,4,apartment,<20yr,C,electric,23781.7,798.07,0
1825,PT,suburban,4,35-65,1,other,20-50yr,G,electric,14181.24,1559.86,1
1826,IT,suburban,7,35-65,2,apartment,>50yr,D,wood,24419.9,554.26,0
1827,ES,urban,10,35-65,5,other,<20yr,F,wood,41081.34,948.08,0
1828,ES,rural,7,<35,6,apartment,>50yr,F,gas,28233.94,1215.7,0
1829,LV,suburban,10,>65,2,apartment,20-50yr,D,wood,55507.47,761.15,0
1830,ES,suburban,10,<35,1,other,20-50yr,C,wood,52019.13,293.85,0
1831,ES,suburban,2,<35,1,house,<20yr,D,district,8408.97,998.91,1
1832,LV,suburban,10,35-65,3,house,>50yr,E,district,41008.92,894.47,0
1833,ES,urban,9,<35,6,house,>50yr,D,oil,43065.29,633.33,0
1834,IT,rural,5,<35,1,apartment,<20yr,F,electric,23638.5,813.74,0
1835,IT,urban,7,<35,1,house,20-50yr,E,gas,31136.03,621.22,0
1836,IT,urban,7,<35,2,apartment,>50yr,F,wood,39701.28,532.09,0
1837,IT,urban,8,35-65,7,house,<20yr,B,district,35794.75,432.75,0
1838,ES,suburban,9,>65,1,other,20-50yr,D,gas,45083.44,567.58,0
1839,PT,rural,2,35-65,1,house,>50yr,A,electric,10965.39,800.02,0
1840,PT,rural,1,35-65,5,house,20-50yr,B,gas,7115.05,1780.22,1
1841,IT,suburban,3,35-65,2,house,>50yr,D,gas,13659.31,1351.71,0
1842,ES,rural,6,35-65,2,apartment,<20yr,G,gas,28350.7,1052.04,0
1843,IT,suburban,9,35-65,1,apartment,>50yr,D,gas,49049.77,430.07,0
1844,LV,urban,7,35-65,5,house,>50yr,C,oil,31652.97,1100.55,0
1845,IT,suburban,2,35-65,4,house,<20yr,E,gas,13946.6,1887.44,1
1846,ES,urban,8,35-65,2,apartment,20-50yr,F,electric,38557.17,1014.31,0
1847,IT,urban,5,<35,2,house,20-50yr,D,electric,22054.92,566.65,0
1848,ES,urban,4,>65,1,apartment,>50yr,C,wood,21922.88,557.18,0
1849,ES,urban,8,>65,3,house,<20yr,D,gas,32338.69,841.17,0
1850,PT,rural,3,>65,3,house,20-50yr,C,gas,17344.27,1498.66,0
1851,IT,rural,7,<35,3,apartment,>50yr,D,oil,25922.35,671.76,0
1852,LV,urban,2,35-65,3,apartment,20-50yr,C,oil,10569.71,1605.33,1
1853,ES,suburban,4,35-65,1,house,20-50yr,E,electric,13286.37,822.27,0
1854,PT,urban,6,<35,2,apartment,20-50yr,G,electric,25960.14,1225.81,0
1855,PT,urban,7,>65,2,other,>50yr,C,district,36599.64,597.98,0
1856,LV,urban,10,35-65,4,apartment,<20yr,C,gas,47782.62,724.35,0
1857,IT,urban,3,<35,4,apartment,>50yr,G,gas,13418.51,1816.06,1
1858,IT,urban,9,>65,1,apartment,20-50yr,E,district,41593.86,724.55,0
1859,IT,urban,9,<35,4,house,>50yr,F,wood,41634.82,656.59,0
1860,IT,urban,4,35-65,1,house,<20yr,G,gas,14954.65,913.35,0
1861,ES,urban,2,<35,3,house,20-50yr,E,wood,11062.06,1241.75,1
1862,LV,rural,3,<35,1,other,>50yr,F,gas,17717.6,2295.91,1
1863,LV,urban,7,>65,5,house,>50yr,D,wood,27828.58,1131.29,0
1864,ES,urban,8,35-65,2,apartment,<20yr,G,electric,37264.89,1176.46,0
1865,ES,suburban,7,35-65,4,apartment,20-50yr,F,electric,31016.79,1150.17,0
1866,LV,urban,8,35-65,1,house,<20yr,B,district,33925.66,379.83,0
1867,LV,suburban,2,>65,2,apartment,<20yr,E,wood,11468.85,2361.68,1
1868,IT,urban,6,>65,3,house,>50yr,B,gas,23611.88,633.36,0
1869,ES,suburban,9,>65,1,house,>50yr,E,oil,45779.88,631.26,0
1870,PT,suburban,4,>65,3,house,20-50yr,B,wood,17315.9,691.97,0
1871,IT,suburban,9,35-65,1,house,<20yr,E,electric,34825.01,724.72,0
1872,ES,suburban,2,35-65,3,other,20-50yr,D,gas,8398.37,1537.26,1
1873,LV,urban,10,>65,3,house,20-50yr,E,gas,39910.54,1409.5,0
1874,LV,urban,8,<35,1,house,<20yr,E,district,33851.93,776.5,0
1875,LV,urban,7,<35,3,apartment,>50yr,C,electric,33980.94,712.64,0
1876,PT,suburban,7,35-65,3,apartment,<20yr,D,electric,26888.21,918.3,0
1877,IT,urban,10,35-65,2,apartment,<20yr,D,electric,53000.29,552.75,0
1878,IT,urban,4,35-65,1,other,>50yr,E,gas,15865.17,786.06,0
1879,ES,suburban,2,>65,2,house,<20yr,G,gas,9705.08,2817.96,1
1880,ES,urban,10,35-65,3,house,20-50yr,D,gas,76533.11,633.29,0
1881,ES,urban,2,35-65,1,apartment,20-50yr,E,gas,9758.95,1443.4,1
1882,ES,suburban,7,35-65,4,house,<20yr,G,wood,24492.4,934.11,0
1883,ES,urban,3,35-65,5,apartment,20-50yr,F,gas,12241.3,2299.15,1
1884,PT,rural,10,<35,2,house,20-50yr,D,gas,55620.22,591.71,0
1885,IT,rural,10,<35,2,apartment,20-50yr,D,electric,50466.66,544.02,0
1886,IT,rural,5,35-65,3,house,20-50yr,G,wood,21920.26,1030.74,0
1887,IT,urban,6,35-65,1,house,20-50yr,D,gas,22406.07,626.08,0
1888,IT,urban,5,35-65,4,apartment,20-50yr,C,gas,19227.21,654.2,0
1889,LV,suburban,5,35-65,2,apartment,<20yr,E,oil,18885.97,1144.87,0
1890,ES,suburban,10,<35,4,apartment,<20yr,C,electric,54251.09,462.12,0
1891,IT,suburban,3,35-65,3,apartment,20-50yr,E,electric,15581.58,1742.28,1
1892,PT,urban,10,35-65,2,apartment,<20yr,G,gas,62191.06,1104.61,0
1893,ES,urban,7,35-65,1,apartment,<20yr,G,wood,37052.18,751.43,0
1894,IT,urban,10,>65,6,apartment,>50yr,E,electric,45170.98,1191.82,0
1895,IT,urban,7,35-65,1,apartment,20-50yr,G,wood,25667.33,702.02,0
1896,IT,urban,9,<35,1,house,20-50yr,F,district,37464.94,614.3,0
1897,PT,rural,5,35-65,1,apartment,20-50yr,G,oil,20989.47,1282.32,0
1898,IT,urban,5,<35,1,apartment,<20yr,G,gas,17866.94,887.51,0
1899,IT,suburban,3,<35,4,house,>50yr,G,oil,12625.24,1930.29,1
1900,IT,rural,3,35-65,3,apartment,>50yr,C,electric,15513.74,1120.78,0
1901,ES,urban,1,<35,2,house,>50yr,C,gas,9392.89,1214.66,1
1902,IT,suburban,4,35-65,4,other,<20yr,A,gas,19417.1,357.14,0
1903,PT,suburban,10,>65,3,house,<20yr,E,gas,57708.89,1000.72,0
1904,IT,urban,10,35-65,2,apartment,>50yr,G,district,49796.35,693.38,0
1905,ES,suburban,7,>65,4,apartment,20-50yr,G,wood,30095.85,1561.26,0
1906,ES,rural,4,>65,2,house,<20yr,G,oil,20765.77,1643.0,0
1907,ES,suburban,6,35-65,1,house,20-50yr,F,wood,27608.1,669.17,0
1908,IT,rural,8,35-65,5,apartment,<20yr,E,electric,41108.55,1098.1,0
1909,PT,rural,1,35-65,3,house,>50yr,D,wood,9226.13,1942.83,1
1910,LV,urban,10,35-65,1,house,>50yr,E,gas,52359.73,971.93,0
1911,IT,suburban,9,35-65,7,house,20-50yr,A,gas,47288.22,335.82,0
1912,IT,suburban,10,<35,3,apartment,20-50yr,F,electric,51954.5,759.05,0
1913,LV,suburban,1,<35,3,apartment,>50yr,E,wood,8747.05,2014.06,1
1914,ES,suburban,10,35-65,1,apartment,20-50yr,C,wood,66111.4,302.34,0
1915,IT,suburban,7,<35,2,apartment,>50yr,E,district,37874.25,432.46,0
1916,IT,rural,6,35-65,3,house,20-50yr,E,wood,27332.63,718.25,0
1917,PT,urban,2,>65,4,apartment,>50yr,F,gas,11669.54,4367.08,1
1918,PT,suburban,5,35-65,2,apartment,20-50yr,F,gas,25859.66,1531.13,0
1919,ES,urban,4,35-65,5,apartment,20-50yr,C,electric,15371.51,947.37,0
1920,LV,suburban,10,<35,5,house,>50yr,F,oil,68320.41,1112.39,0
1921,ES,suburban,4,>65,4,house,>50yr,C,electric,17846.5,952.96,0
1922,IT,suburban,3,35-65,2,house,>50yr,D,gas,14292.85,1112.26,0
1923,ES,urban,10,35-65,4,other,20-50yr,D,electric,51403.02,617.2,0
1924,ES,suburban,2,>65,2,other,20-50yr,F,wood,9224.97,1995.97,1
1925,IT,urban,10,<35,1,apartment,20-50yr,G,gas,68584.74,545.74,0
1926,IT,urban,10,35-65,1,apartment,20-50yr,A,electric,58436.14,188.01,0
1927,ES,urban,4,<35,2,house,<20yr,F,gas,16557.26,897.18,0
1928,PT,rural,7,<35,2,house,20-50yr,G,electric,31617.1,1277.38,0
1929,IT,urban,8,35-65,3,apartment,>50yr,G,oil,34227.14,835.05,0
1930,ES,rural,6,35-65,6,other,>50yr,C,gas,19358.98,773.29,0
1931,ES,urban,7,35-65,7,apartment,20-50yr,C,oil,29209.21,828.17,0
1932,ES,suburban,2,35-65,3,other,<20yr,D,oil,8907.12,1775.14,1
1933,PT,suburban,6,>65,1,house,20-50yr,G,gas,25908.0,1543.68,0
1934,PT,suburban,6,>65,2,apartment,<20yr,D,wood,31714.08,1089.76,0
1935,PT,suburban,6,<35,4,house,<20yr,E,wood,22707.03,935.76,0
1936,IT,suburban,10,35-65,2,house,>50yr,G,electric,61927.97,903.68,0
1937,ES,rural,9,<35,2,house,20-50yr,D,gas,39064.48,555.51,0
1938,ES,suburban,7,35-65,3,house,<20yr,E,electric,29908.24,911.88,0
1939,IT,urban,5,35-65,2,apartment,>50yr,G,gas,18408.79,997.84,0
1940,IT,urban,5,35-65,1,apartment,<20yr,D,gas,23044.36,675.52,0
1941,IT,suburban,1,<35,5,apartment,20-50yr,C,electric,9790.5,1686.7,1
1942,ES,suburban,6,35-65,1,apartment,20-50yr,C,district,25732.19,492.02,0
1943,ES,suburban,3,<35,1,apartment,<20yr,E,gas,15171.04,1236.3,0
1944,IT,suburban,9,<35,6,apartment,20-50yr,C,oil,46583.71,623.78,0
1945,PT,urban,8,35-65,4,apartment,>50yr,C,electric,34682.37,723.36,0
1946,LV,suburban,10,35-65,3,house,20-50yr,C,oil,66916.18,623.87,0
1947,IT,suburban,10,35-65,2,apartment,>50yr,E,wood,50890.76,475.99,0
1948,LV,suburban,5,35-65,2,apartment,>50yr,F,gas,16587.75,1634.33,0
1949,IT,suburban,5,35-65,4,other,>50yr,E,electric,18289.25,1159.75,0
1950,LV,rural,7,35-65,1,other,>50yr,F,gas,32902.82,1300.32,0
1951,LV,suburban,5,35-65,4,house,>50yr,G,gas,19815.84,2089.82,1
1952,IT,rural,3,>65,3,apartment,>50yr,F,electric,14196.26,2490.19,1
1953,PT,urban,8,<35,2,house,20-50yr,E,gas,34734.62,849.02,0
1954,LV,suburban,5,35-65,2,apartment,<20yr,A,gas,21577.6,426.53,0
1955,LV,suburban,10,35-65,3,house,>50yr,D,gas,64801.97,884.3,0
1956,LV,suburban,3,<35,1,house,>50yr,C,gas,17599.8,1128.77,0
1957,ES,urban,5,35-65,2,apartment,>50yr,E,gas,18158.2,916.12,0
1958,IT,suburban,6,35-65,2,other,20-50yr,G,gas,28751.21,1158.16,0
1959,PT,urban,10,35-65,6,house,>50yr,D,gas,56647.1,987.9,0
1960,ES,rural,6,35-65,1,apartment,>50yr,C,oil,20809.22,475.86,0
1961,ES,urban,1,35-65,1,apartment,20-50yr,F,oil,8615.63,1810.76,1
1962,ES,urban,4,35-65,3,house,<20yr,G,district,23091.68,1358.39,0
1963,ES,suburban,9,35-65,1,apartment,20-50yr,F,district,38493.49,767.02,0
1964,IT,urban,3,35-65,1,apartment,<20yr,B,wood,13527.85,415.6,0
1965,PT,urban,4,35-65,3,apartment,<20yr,E,oil,13753.79,1312.7,0
1966,IT,suburban,2,35-65,1,other,20-50yr,D,gas,10809.01,1213.36,1
1967,PT,suburban,8,<35,2,apartment,<20yr,E,gas,36875.5,778.66,0
1968,PT,urban,2,<35,3,other,>50yr,E,district,14790.25,2005.76,1
1969,ES,suburban,4,35-65,2,house,20-50yr,F,district,15211.56,966.69,0
1970,ES,suburban,8,>65,2,apartment,20-50yr,C,electric,41600.29,704.27,0
1971,IT,suburban,9,35-65,3,apartment,<20yr,G,electric,44983.73,1031.43,0
1972,LV,urban,3,<35,2,house,>50yr,C,gas,19573.36,1382.93,0
1973,PT,urban,4,<35,3,apartment,20-50yr,B,gas,17966.05,538.12,0
1974,ES,rural,2,<35,5,apartment,20-50yr,F,electric,10915.46,2364.73,1
1975,IT,suburban,5,35-65,3,apartment,20-50yr,D,gas,23843.56,796.67,0
1976,IT,urban,10,35-65,1,house,20-50yr,D,electric,59184.88,458.99,0
1977,ES,rural,4,35-65,3,house,20-50yr,D,wood,20136.88,700.25,0
1978,LV,urban,3,>65,1,apartment,>50yr,A,wood,15229.67,733.46,0
1979,PT,suburban,4,<35,4,apartment,>50yr,C,wood,14025.55,643.38,0
1980,IT,suburban,9,35-65,1,apartment,20-50yr,F,gas,46503.12,594.22,0
1981,LV,rural,6,35-65,3,house,>50yr,C,electric,26942.51,923.15,0
1982,ES,rural,7,35-65,1,apartment,20-50yr,G,electric,26849.48,1109.87,0
1983,LV,urban,8,>65,4,other,20-50yr,F,electric,37598.18,2080.33,0
1984,IT,suburban,8,35-65,3,house,20-50yr,F,district,27334.19,875.79,0
1985,ES,urban,6,35-65,3,apartment,20-50yr,G,gas,25975.95,1155.72,0
1986,LV,suburban,6,35-65,1,house,20-50yr,F,gas,27704.36,1175.29,0
1987,IT,suburban,6,<35,3,house,>50yr,D,gas,28869.95,660.18,0
1988,PT,urban,2,>65,1,house,20-50yr,G,electric,12219.2,4242.78,1
1989,LV,urban,5,35-65,2,apartment,>50yr,D,gas,18385.96,999.36,0
1990,IT,urban,9,<35,2,other,<20yr,B,gas,34514.97,279.89,0
1991,IT,urban,1,35-65,1,apartment,20-50yr,E,gas,9213.05,1909.62,1
1992,PT,urban,9,35-65,1,house,<20yr,B,electric,45692.65,433.32,0
1993,IT,rural,6,>65,4,apartment,20-50yr,E,oil,26919.53,1217.96,0
1994,IT,suburban,4,>65,2,apartment,20-50yr,G,gas,22519.73,1353.98,0
1995,ES,suburban,2,35-65,4,other,20-50yr,E,wood,8643.53,1716.08,1
1996,PT,rural,8,35-65,4,apartment,>50yr,C,electric,47180.43,785.96,0
1997,IT,suburban,1,>65,3,apartment,20-50yr,B,gas,7353.06,1129.19,1
1998,IT,urban,6,<35,2,house,<20yr,D,gas,28293.03,510.48,0
1999,PT,rural,2,35-65,1,apartment,20-50yr,B,gas,10978.31,1030.11,0
2000,ES,suburban,10,>65,4,house,20-50yr,E,gas,52220.92,1043.55,0
2001,PT,suburban,2,<35,1,other,20-50yr,F,electric,8771.94,2320.53,1
2002,ES,rural,9,>65,2,apartment,20-50yr,E,district,38874.46,819.8,0
2003,LV,suburban,6,35-65,2,house,>50yr,E,gas,26814.12,1155.05,0
2004,PT,suburban,1,>65,1,other,>50yr,D,gas,8437.59,1978.04,1
2005,IT,rural,8,35-65,3,other,20-50yr,C,wood,41526.11,369.89,0
2006,LV,suburban,9,35-65,7,apartment,>50yr,E,electric,38762.65,1880.69,0
2007,ES,rural,3,35-65,4,house,>50yr,D,electric,15659.46,1521.59,0
2008,IT,urban,10,<35,2,house,<20yr,D,electric,55548.51,473.59,0
2009,IT,urban,8,35-65,4,apartment,>50yr,E,gas,39584.58,860.74,0
2010,PT,suburban,8,>65,4,house,20-50yr,D,gas,38880.58,1034.33,0
2011,IT,urban,4,>65,3,apartment,>50yr,C,district,16305.07,753.62,0
2012,IT,rural,2,>65,3,apartment,>50yr,D,electric,11424.1,2465.43,1
2013,IT,urban,5,35-65,1,apartment,>50yr,C,gas,22503.22,491.56,0
2014,ES,suburban,9,35-65,1,house,>50yr,F,district,48384.17,629.21,0
2015,ES,urban,6,35-65,6,apartment,>50yr,A,gas,31332.26,356.37,0
2016,ES,rural,7,35-65,1,apartment,20-50yr,G,gas,27276.87,905.11,0
2017,IT,urban,8,35-65,3,apartment,>50yr,D,district,30221.73,615.64,0
2018,IT,urban,4,<35,1,apartment,20-50yr,A,oil,21225.42,209.17,0
2019,ES,urban,1,<35,3,other,>50yr,B,wood,6596.17,734.43,1
2020,ES,suburban,9,35-65,3,apartment,>50yr,G,gas,50211.18,1134.57,0
2021,PT,rural,7,35-65,4,apartment,<20yr,E,gas,26175.4,1180.47,0
2022,IT,rural,6,35-65,2,other,20-50yr,F,district,22746.92,792.06,0
2023,IT,urban,6,<35,5,apartment,>50yr,G,gas,24705.23,1206.65,0
2024,IT,suburban,9,>65,3,apartment,>50yr,D,wood,34587.54,692.32,0
2025,ES,urban,8,>65,3,house,>50yr,E,wood,31125.13,808.21,0
2026,ES,suburban,7,35-65,1,house,20-50yr,E,gas,23341.1,638.55,0
2027,PT,suburban,8,>65,3,apartment,20-50yr,F,wood,39801.39,1277.46,0
2028,ES,urban,3,>65,4,house,20-50yr,D,district,13975.68,1637.66,1
2029,ES,suburban,8,<35,3,house,20-50yr,G,wood,36077.97,786.65,0
2030,ES,rural,10,<35,4,house,>50yr,E,electric,54498.29,601.83,0
2031,IT,urban,3,<35,2,apartment,20-50yr,G,electric,13962.93,1751.37,1
2032,ES,urban,6,<35,2,house,20-50yr,B,gas,23256.2,344.53,0
2033,IT,urban,7,35-65,2,house,20-50yr,D,gas,34627.62,562.95,0
2034,ES,urban,6,35-65,3,house,>50yr,C,district,19190.24,490.75,0
2035,IT,urban,10,>65,2,other,20-50yr,G,district,44297.94,893.17,0
2036,PT,suburban,5,35-65,2,house,20-50yr,C,gas,25745.41,663.8,0
2037,LV,urban,3,35-65,1,house,20-50yr,F,oil,14572.25,1537.56,1
2038,IT,suburban,2,>65,2,apartment,20-50yr,B,district,8118.9,831.27,1
2039,ES,rural,9,>65,1,apartment,20-50yr,C,electric,45110.37,499.56,0
2040,PT,rural,7,35-65,3,house,>50yr,D,gas,23635.91,920.69,0
2041,IT,suburban,6,35-65,5,apartment,20-50yr,F,gas,30384.57,1087.44,0
2042,PT,urban,5,>65,2,house,20-50yr,C,electric,24107.73,1015.67,0
2043,ES,urban,5,35-65,7,house,20-50yr,F,district,28763.59,1302.55,0
2044,LV,urban,10,>65,5,house,20-50yr,F,gas,52587.92,1931.42,0
2045,LV,rural,7,<35,2,apartment,20-50yr,G,gas,24994.34,1312.34,0
2046,IT,rural,10,35-65,1,house,20-50yr,E,wood,50716.41,422.58,0
2047,ES,urban,9,35-65,2,house,<20yr,E,wood,39787.31,562.07,0
2048,ES,urban,8,<35,5,apartment,20-50yr,E,district,38143.31,798.07,0
2049,IT,suburban,6,<35,5,house,>50yr,B,wood,18994.36,359.11,0
2050,IT,urban,3,<35,5,apartment,>50yr,E,electric,13988.77,1769.74,1
2051,LV,rural,7,35-65,3,house,<20yr,G,district,25765.36,1204.59,0
2052,IT,urban,8,<35,1,apartment,<20yr,A,electric,33333.85,184.09,0
2053,ES,urban,6,35-65,3,house,>50yr,B,electric,30763.35,469.83,0
2054,PT,urban,1,>65,1,apartment,<20yr,E,gas,9298.43,3167.12,1
2055,IT,urban,10,35-65,3,apartment,>50yr,F,electric,61362.44,839.75,0
2056,ES,urban,9,35-65,1,apartment,>50yr,D,gas,47307.43,479.53,0
2057,LV,rural,4,<35,3,apartment,<20yr,G,wood,16819.4,1400.99,0
2058,ES,urban,5,>65,2,house,<20yr,D,gas,20847.79,785.01,0
2059,IT,suburban,2,<35,2,house,>50yr,D,gas,8688.58,1167.23,1
2060,IT,urban,10,35-65,2,apartment,20-50yr,G,district,45707.1,603.05,0
2061,LV,urban,3,35-65,4,apartment,20-50yr,D,wood,14268.65,1591.83,1
2062,IT,urban,4,>65,3,house,20-50yr,E,wood,14794.12,928.03,0
2063,ES,urban,5,>65,4,apartment,20-50yr,G,oil,23289.1,1963.88,0
2064,IT,urban,3,35-65,2,apartment,>50yr,C,gas,13896.02,919.33,0
2065,ES,urban,7,35-65,1,apartment,20-50yr,B,gas,28690.43,319.12,0
2066,LV,rural,10,35-65,1,house,<20yr,G,wood,50214.55,859.36,0
2067,ES,suburban,9,35-65,1,other,20-50yr,E,wood,46008.01,568.79,0
2068,LV,rural,6,<35,4,apartment,20-50yr,G,gas,27675.54,1332.06,0
2069,IT,urban,2,35-65,2,other,20-50yr,G,gas,9639.39,2394.16,1
2070,ES,suburban,9,>65,5,house,>50yr,E,gas,39747.34,1198.87,0
2071,LV,suburban,3,>65,4,other,20-50yr,D,electric,13610.26,2906.2,1
2072,ES,urban,10,35-65,6,house,<20yr,D,gas,57712.87,754.26,0
2073,IT,urban,4,<35,1,house,>50yr,C,gas,18328.24,508.74,0
2074,LV,suburban,6,<35,2,house,20-50yr,D,gas,24619.59,898.83,0
2075,ES,suburban,5,35-65,3,house,20-50yr,F,electric,23353.62,1127.58,0
2076,ES,suburban,5,<35,3,apartment,<20yr,G,electric,20576.66,1217.84,0
2077,LV,urban,2,35-65,1,house,20-50yr,G,gas,8920.89,3346.72,1
2078,IT,rural,6,<35,3,house,20-50yr,G,gas,30552.78,1046.23,0
2079,IT,urban,5,<35,5,apartment,20-50yr,A,gas,24325.28,322.3,0
2080,IT,rural,9,35-65,2,apartment,>50yr,E,electric,34975.14,633.53,0
2081,ES,rural,5,35-65,6,apartment,20-50yr,C,gas,21569.92,1064.61,0
2082,IT,rural,10,35-65,1,apartment,<20yr,E,district,66847.84,526.54,0
2083,PT,suburban,3,35-65,4,apartment,>50yr,G,gas,13375.47,3635.06,1
2084,IT,urban,4,35-65,3,apartment,>50yr,G,wood,19647.42,1068.51,0
2085,PT,suburban,1,35-65,1,apartment,20-50yr,G,gas,9450.09,3035.74,1
2086,IT,suburban,8,35-65,5,house,>50yr,D,electric,37477.77,801.98,0
2087,ES,suburban,1,35-65,2,apartment,20-50yr,E,oil,11033.08,2127.6,1
2088,IT,urban,3,35-65,1,apartment,<20yr,C,gas,15433.43,963.44,0
2089,PT,urban,10,35-65,7,apartment,<20yr,E,gas,55848.49,1409.47,0
2090,ES,urban,7,35-65,2,apartment,20-50yr,D,gas,29257.61,819.58,0
2091,ES,suburban,6,>65,4,apartment,20-50yr,F,electric,24823.46,1650.91,0
2092,LV,suburban,9,>65,5,other,<20yr,D,district,39509.12,1156.13,0
2093,ES,rural,8,35-65,6,apartment,20-50yr,F,electric,30462.49,1405.06,0
2094,IT,suburban,9,>65,2,apartment,>50yr,G,oil,37574.54,1125.8,0
2095,LV,suburban,7,<35,1,house,>50yr,C,gas,29365.57,547.25,0
2096,IT,urban,5,35-65,3,house,20-50yr,E,electric,23689.19,1011.34,0
2097,IT,suburban,2,<35,2,apartment,20-50yr,F,oil,11552.18,1599.7,1
2098,ES,urban,4,35-65,4,apartment,>50yr,G,gas,17949.39,1580.94,0
2099,IT,urban,8,35-65,4,house,20-50yr,C,gas,49480.19,577.98,0
2100,IT,urban,3,35-65,2,apartment,20-50yr,E,gas,18020.07,1429.52,0
2101,PT,urban,7,35-65,3,apartment,20-50yr,D,gas,26162.24,978.27,0
2102,IT,urban,2,>65,5,other,<20yr,C,district,12225.92,1794.92,1
2103,PT,suburban,1,35-65,1,other,20-50yr,C,gas,6694.93,1447.2,1
2104,LV,urban,4,>65,1,house,20-50yr,E,gas,18217.21,1213.41,0
2105,ES,urban,3,>65,2,apartment,<20yr,D,gas,11394.08,1387.23,1
2106,PT,urban,9,>65,1,house,20-50yr,E,gas,39257.98,1017.86,0
2107,PT,suburban,4,<35,2,other,>50yr,C,gas,19216.79,614.38,0
2108,LV,suburban,5,35-65,1,other,20-50yr,A,gas,19616.16,379.3,0
2109,IT,urban,5,35-65,2,apartment,20-50yr,F,gas,17862.25,964.04,0
2110,IT,urban,4,>65,3,apartment,<20yr,C,gas,15785.16,815.44,0
2111,ES,rural,10,<35,3,apartment,<20yr,C,wood,47739.94,341.98,0
2112,ES,suburban,8,35-65,2,house,>50yr,C,electric,38297.43,610.19,0
2113,IT,suburban,2,35-65,1,apartment,<20yr,D,oil,13174.81,1167.69,0
2114,ES,suburban,3,35-65,1,apartment,20-50yr,D,gas,13592.33,986.09,0
2115,IT,rural,1,>65,3,apartment,>50yr,F,gas,9335.91,3217.0,1
2116,LV,rural,3,<35,4,apartment,20-50yr,E,district,12846.45,2108.12,1
2117,IT,urban,7,35-65,4,house,20-50yr,B,gas,29548.27,362.72,0
2118,IT,suburban,10,35-65,4,apartment,20-50yr,C,electric,71874.47,510.61,0
2119,IT,urban,5,35-65,3,apartment,<20yr,F,gas,20447.19,1080.45,0
2120,IT,suburban,1,<35,2,house,20-50yr,C,gas,9392.72,1039.44,1
2121,IT,urban,1,35-65,1,house,20-50yr,C,electric,7180.96,1271.51,1
2122,IT,urban,5,35-65,3,house,20-50yr,A,electric,20936.65,318.1,0
2123,IT,rural,3,>65,2,house,20-50yr,F,gas,12308.98,2241.72,1
2124,IT,rural,6,35-65,2,apartment,20-50yr,F,electric,25250.51,1015.6,0
2125,ES,urban,2,>65,4,apartment,<20yr,D,gas,11402.29,1865.78,1
2126,ES,rural,3,<35,4,apartment,<20yr,A,electric,15682.65,605.5,0
2127,IT,urban,6,35-65,3,house,20-50yr,F,wood,22919.81,884.03,0
2128,IT,suburban,3,35-65,3,other,20-50yr,B,oil,13653.18,735.97,0
2129,IT,rural,4,35-65,3,apartment,20-50yr,D,gas,20915.75,673.91,0
2130,IT,urban,3,35-65,1,house,<20yr,F,gas,11678.07,1588.53,1
2131,IT,suburban,1,<35,1,house,>50yr,C,oil,5518.82,831.47,1
2132,PT,suburban,4,<35,3,other,>50yr,D,gas,15866.06,885.42,0
2133,LV,urban,4,>65,1,apartment,20-50yr,E,district,19177.2,1238.98,0
2134,LV,urban,9,>65,1,apartment,>50yr,E,wood,43537.98,757.51,0
2135,ES,urban,9,<35,2,house,20-50yr,D,gas,37254.44,490.86,0
2136,ES,suburban,5,35-65,4,house,<20yr,D,wood,21226.14,729.42,0
2137,IT,urban,3,35-65,4,house,20-50yr,D,gas,13250.78,1441.86,1
2138,PT,urban,5,35-65,3,house,20-50yr,D,gas,16604.73,1004.75,0
2139,PT,suburban,7,35-65,2,apartment,>50yr,D,district,28506.89,690.2,0
2140,PT,urban,4,>65,3,house,20-50yr,C,wood,19568.17,1000.73,0
2141,LV,urban,8,35-65,1,apartment,20-50yr,D,electric,34530.22,871.36,0
2142,ES,suburban,10,35-65,3,apartment,>50yr,D,wood,43832.93,436.04,0
2143,PT,suburban,5,35-65,1,apartment,20-50yr,D,gas,27204.86,857.76,0
2144,PT,urban,2,35-65,2,apartment,20-50yr,E,oil,9477.42,2183.49,1
2145,IT,rural,2,<35,4,apartment,20-50yr,E,district,11632.75,1652.71,1
2146,LV,suburban,9,>65,2,house,>50yr,G,wood,48738.48,1307.98,0
2147,IT,urban,5,35-65,4,house,<20yr,E,electric,22371.36,1049.87,0
2148,LV,suburban,4,>65,5,apartment,>50yr,F,gas,16900.49,2224.96,1
2149,PT,suburban,7,>65,2,apartment,20-50yr,B,wood,22845.25,470.12,0
2150,IT,suburban,10,35-65,1,apartment,>50yr,F,gas,65574.65,538.11,0
2151,PT,suburban,5,35-65,2,apartment,>50yr,E,district,17628.83,1027.73,0
2152,IT,suburban,4,<35,1,apartment,>50yr,G,gas,20247.23,750.52,0
2153,PT,rural,9,35-65,2,house,<20yr,G,gas,50796.82,1125.67,0
2154,PT,suburban,1,35-65,2,other,20-50yr,C,gas,6660.83,1840.08,1
2155,ES,rural,9,<35,4,apartment,>50yr,G,electric,35720.86,1030.0,0
2156,LV,suburban,6,<35,5,house,20-50yr,E,gas,23568.41,1330.56,0
2157,IT,rural,1,>65,4,house,>50yr,F,gas,9183.29,3585.9,1
2158,IT,rural,3,35-65,2,apartment,>50yr,D,district,12799.49,1105.05,0
2159,ES,urban,7,35-65,2,apartment,20-50yr,D,gas,30425.45,725.61,0
2160,IT,urban,8,35-65,2,apartment,<20yr,F,electric,33388.36,950.18,0
2161,ES,suburban,2,35-65,5,apartment,20-50yr,A,electric,12375.86,888.98,0
2162,IT,urban,7,35-65,5,house,20-50yr,E,electric,27274.74,896.34,0
2163,ES,suburban,10,35-65,2,apartment,20-50yr,B,electric,49363.74,364.2,0
2164,ES,suburban,7,35-65,3,apartment,<20yr,C,wood,25695.84,549.03,0
2165,LV,rural,8,<35,2,apartment,>50yr,F,electric,30692.63,1221.7,0
2166,IT,urban,2,35-65,4,apartment,<20yr,F,electric,12903.51,2872.52,1
2167,LV,suburban,7,<35,2,other,20-50yr,G,gas,28432.3,1181.66,0
2168,ES,urban,8,>65,3,apartment,20-50yr,F,electric,31214.12,1307.66,0
2169,IT,suburban,2,<35,2,house,20-50yr,E,gas,8561.18,1494.86,1
2170,ES,urban,4,<35,4,apartment,<20yr,G,electric,16804.23,1470.72,0
2171,ES,suburban,9,35-65,3,apartment,>50yr,E,electric,38018.54,916.04,0
2172,IT,suburban,10,<35,3,apartment,>50yr,E,wood,47263.71,413.06,0
2173,ES,suburban,2,35-65,2,other,20-50yr,G,electric,9794.07,2377.01,1
2174,IT,suburban,8,35-65,1,apartment,>50yr,F,electric,36663.65,701.45,0
2175,ES,urban,6,>65,1,house,20-50yr,F,gas,21004.44,1105.53,0
2176,ES,urban,6,<35,1,apartment,<20yr,E,oil,23877.8,585.45,0
2177,ES,urban,6,35-65,3,house,<20yr,E,district,28551.67,815.05,0
2178,PT,rural,9,35-65,2,house,>50yr,E,electric,39574.62,898.96,0
2179,IT,rural,5,<35,4,house,<20yr,F,gas,17901.92,925.8,0
2180,LV,urban,6,35-65,1,apartment,>50yr,E,electric,29287.61,1154.95,0
2181,PT,urban,7,>65,4,apartment,20-50yr,C,gas,29606.12,1128.05,0
2182,LV,urban,6,35-65,2,house,>50yr,C,electric,24353.61,1013.01,0
2183,PT,suburban,9,>65,3,house,20-50yr,D,gas,46495.81,1184.73,0
2184,IT,urban,3,35-65,1,apartment,>50yr,C,electric,13819.67,870.63,0
2185,ES,urban,10,35-65,5,apartment,20-50yr,D,wood,55579.63,510.45,0
2186,IT,urban,7,>65,2,apartment,20-50yr,B,gas,23701.78,507.68,0
2187,PT,urban,10,<35,3,apartment,>50yr,B,electric,48492.6,481.77,0
2188,ES,urban,4,35-65,5,apartment,20-50yr,F,gas,23140.11,1497.66,0
2189,IT,urban,5,35-65,1,apartment,>50yr,E,gas,17966.02,737.03,0
2190,LV,suburban,1,>65,4,apartment,>50yr,F,electric,8082.82,5316.16,1
2191,IT,suburban,10,>65,1,house,>50yr,A,oil,71423.31,228.91,0
2192,ES,urban,9,<35,1,other,20-50yr,C,wood,47666.03,295.61,0
2193,PT,suburban,3,35-65,1,house,<20yr,A,gas,14623.34,568.83,0
2194,IT,suburban,1,<35,2,apartment,<20yr,A,gas,7093.64,488.18,0
2195,ES,suburban,7,35-65,2,house,20-50yr,A,electric,27322.24,260.57,0
2196,PT,rural,7,35-65,4,apartment,<20yr,E,electric,28640.5,1320.48,0
2197,IT,urban,6,<35,4,house,>50yr,B,oil,26296.73,431.18,0
2198,ES,rural,2,>65,1,apartment,>50yr,F,wood,13313.52,1992.71,1
2199,IT,suburban,10,35-65,3,apartment,<20yr,E,wood,55978.44,523.02,0
2200,PT,suburban,5,35-65,2,house,>50yr,C,gas,19276.63,615.37,0
2201,IT,urban,8,>65,2,apartment,20-50yr,F,district,35481.96,1049.75,0
2202,LV,urban,9,35-65,2,house,20-50yr,E,district,46492.87,1002.76,0
2203,LV,urban,6,35-65,2,house,20-50yr,D,gas,26295.64,996.42,0
2204,IT,rural,1,<35,2,apartment,>50yr,E,gas,7707.01,1567.03,1
2205,IT,suburban,9,<35,3,apartment,>50yr,E,wood,36348.7,480.72,0
2206,ES,urban,7,<35,3,house,<20yr,E,electric,35260.08,894.99,0
2207,PT,suburban,9,35-65,1,house,20-50yr,G,gas,41343.88,1093.99,0
2208,ES,urban,7,35-65,1,house,20-50yr,D,gas,31124.71,557.04,0
2209,IT,urban,10,35-65,5,apartment,20-50yr,D,electric,49691.47,932.76,0
2210,IT,suburban,9,35-65,2,house,<20yr,G,wood,38700.86,600.55,0
2211,LV,suburban,3,<35,6,apartment,>50yr,E,wood,15084.43,1941.79,1
2212,ES,suburban,2,35-65,3,apartment,>50yr,G,district,9096.89,2207.63,1
2213,LV,suburban,2,>65,1,house,20-50yr,F,electric,9238.41,3593.0,1
2214,ES,suburban,8,<35,2,apartment,>50yr,E,wood,45142.56,562.56,0
2215,LV,rural,3,35-65,5,apartment,20-50yr,E,gas,15847.05,3041.22,1
2216,IT,urban,5,<35,2,apartment,20-50yr,D,electric,22354.77,655.79,0
2217,IT,suburban,8,35-65,1,house,>50yr,B,district,30650.33,245.14,0
2218,LV,suburban,5,35-65,1,other,20-50yr,D,wood,21706.62,812.76,0
2219,LV,urban,1,<35,5,other,20-50yr,C,oil,7912.08,1849.74,1
2220,IT,urban,4,35-65,3,apartment,20-50yr,E,gas,16376.67,933.72,0
2221,ES,urban,1,>65,2,apartment,>50yr,E,gas,7893.16,2520.24,1
2222,ES,urban,4,<35,4,house,<20yr,G,oil,14119.62,1120.86,0
2223,ES,suburban,8,35-65,7,apartment,20-50yr,B,gas,26393.44,528.96,0
2224,IT,urban,6,35-65,2,apartment,20-50yr,D,gas,26138.76,716.94,0
2225,LV,suburban,7,<35,1,apartment,20-50yr,D,wood,30736.04,649.75,0
2226,IT,urban,2,35-65,2,house,20-50yr,E,gas,11423.55,1649.87,1
2227,PT,urban,8,35-65,3,house,<20yr,B,gas,40405.18,433.91,0
2228,IT,urban,5,<35,4,apartment,>50yr,D,gas,22674.84,739.95,0
2229,IT,urban,3,>65,1,apartment,20-50yr,E,gas,17492.53,1450.62,0
2230,PT,rural,7,35-65,2,house,20-50yr,D,gas,35805.92,856.54,0
2231,IT,urban,2,35-65,4,house,>50yr,E,gas,11096.89,2092.4,1
2232,PT,urban,5,<35,1,apartment,>50yr,C,electric,21504.35,508.65,0
2233,IT,urban,5,<35,2,apartment,<20yr,D,electric,21719.44,622.74,0
2234,LV,urban,2,35-65,4,other,20-50yr,G,electric,8739.24,4753.39,1
2235,PT,suburban,10,35-65,3,house,20-50yr,A,wood,63138.67,239.68,0
2236,LV,suburban,4,35-65,3,house,20-50yr,C,electric,19106.0,958.17,0
2237,IT,urban,1,35-65,1,house,>50yr,G,electric,6238.94,2679.25,1
2238,IT,suburban,5,35-65,4,other,<20yr,B,electric,26494.99,472.95,0
2239,ES,suburban,10,35-65,3,apartment,20-50yr,D,electric,51578.95,673.94,0
2240,ES,rural,7,35-65,2,apartment,20-50yr,D,gas,29446.13,619.75,0
2241,IT,suburban,7,35-65,2,apartment,20-50yr,E,district,29361.64,698.91,0
2242,IT,urban,10,35-65,1,house,<20yr,E,electric,53600.17,585.25,0
2243,ES,suburban,1,35-65,4,apartment,>50yr,E,electric,11457.5,2867.28,1
2244,IT,rural,6,35-65,1,apartment,20-50yr,G,electric,24039.68,1176.1,0
2245,ES,suburban,4,>65,1,apartment,20-50yr,D,wood,16668.73,733.17,0
2246,IT,rural,7,>65,1,house,>50yr,D,electric,30087.76,810.32,0
2247,IT,rural,9,35-65,4,house,<20yr,G,electric,37861.79,1246.72,0
2248,ES,urban,1,35-65,2,apartment,20-50yr,B,electric,8357.99,941.06,1
2249,ES,suburban,2,>65,2,apartment,20-50yr,G,wood,9725.2,2358.19,1
2250,IT,suburban,10,>65,1,house,<20yr,G,gas,59290.66,932.0,0
2251,ES,suburban,5,<35,2,apartment,20-50yr,G,district,17958.78,945.64,0
2252,PT,suburban,4,35-65,2,house,<20yr,B,wood,16024.56,462.63,0
2253,ES,rural,2,35-65,3,apartment,>50yr,E,gas,9460.79,2094.0,1
2254,ES,suburban,4,>65,4,other,>50yr,F,gas,16157.63,1495.4,0
2255,LV,suburban,1,>65,1,apartment,<20yr,D,district,6119.31,2936.22,1
2256,ES,urban,3,>65,2,house,<20yr,E,gas,9701.43,1952.83,1
2257,LV,urban,2,35-65,5,apartment,>50yr,C,gas,10481.21,2021.3,1
2258,PT,rural,1,>65,3,apartment,20-50yr,B,gas,6353.73,2040.68,1
2259,IT,suburban,10,<35,1,house,20-50yr,G,gas,71336.5,551.75,0
2260,ES,urban,8,35-65,1,house,20-50yr,G,electric,34112.69,963.98,0
2261,PT,rural,10,35-65,2,house,<20yr,B,wood,61167.8,330.38,0
2262,LV,rural,3,35-65,7,house,>50yr,B,oil,14664.4,1489.01,1
2263,ES,suburban,3,35-65,4,house,<20yr,E,gas,11937.15,1783.85,1
2264,IT,urban,3,<35,4,house,>50yr,B,electric,13143.94,804.84,0
2265,ES,suburban,6,<35,1,apartment,20-50yr,E,gas,27937.69,564.01,0
2266,IT,urban,2,>65,3,house,<20yr,F,electric,12173.02,3044.68,1
2267,PT,urban,3,<35,4,apartment,20-50yr,D,electric,15942.9,1777.78,1
2268,ES,suburban,10,35-65,1,apartment,>50yr,F,district,49842.36,732.74,0
2269,PT,rural,4,<35,2,house,20-50yr,B,wood,19102.53,460.01,0
2270,LV,urban,8,35-65,1,apartment,<20yr,D,oil,32877.45,686.5,0
2271,ES,rural,3,35-65,1,apartment,>50yr,F,electric,16292.25,1661.77,1
2272,ES,rural,10,35-65,1,apartment,<20yr,B,electric,63709.47,294.83,0
2273,PT,urban,7,35-65,2,apartment,<20yr,C,electric,24412.39,708.75,0
2274,PT,urban,9,35-65,4,house,<20yr,E,wood,44817.28,932.13,0
2275,LV,suburban,6,>65,3,apartment,>50yr,C,district,21212.02,974.1,0
2276,IT,suburban,10,<35,2,apartment,<20yr,D,district,62272.06,371.38,0
2277,ES,urban,4,35-65,1,apartment,<20yr,F,electric,14775.41,1119.1,0
2278,IT,suburban,5,<35,5,apartment,>50yr,C,oil,22041.1,491.49,0
2279,LV,suburban,1,>65,4,apartment,20-50yr,D,gas,8937.46,3536.08,1
2280,ES,suburban,2,<35,1,apartment,20-50yr,A,gas,11111.54,506.74,0
2281,ES,suburban,8,35-65,1,house,20-50yr,F,oil,40966.87,838.62,0
2282,IT,urban,4,35-65,4,house,20-50yr,D,district,18286.87,913.71,0
2283,IT,urban,2,35-65,2,apartment,20-50yr,G,wood,13913.91,1567.54,1
2284,PT,urban,3,>65,3,apartment,20-50yr,B,wood,11867.58,916.0,0
2285,IT,rural,4,<35,2,apartment,20-50yr,F,electric,16520.59,908.29,0
2286,IT,rural,8,35-65,2,apartment,>50yr,F,oil,26992.84,776.63,0
2287,LV,suburban,1,>65,2,apartment,20-50yr,F,electric,7651.89,4303.64,1
2288,PT,urban,1,>65,1,other,<20yr,F,electric,6695.21,3093.0,1
2289,IT,suburban,8,35-65,3,house,20-50yr,C,gas,29238.63,568.8,0
2290,IT,urban,2,35-65,2,apartment,>50yr,D,electric,8710.94,1644.11,1
2291,LV,urban,5,35-65,3,apartment,>50yr,D,gas,19561.42,1088.04,0
2292,PT,urban,7,35-65,2,house,>50yr,C,oil,31164.49,674.25,0
2293,ES,rural,6,>65,2,other,>50yr,D,district,26858.47,856.21,0
2294,IT,urban,2,>65,3,apartment,>50yr,E,oil,12783.89,1728.61,1
2295,IT,suburban,8,35-65,2,house,>50yr,D,gas,41477.47,621.96,0
2296,IT,rural,1,35-65,2,apartment,20-50yr,G,electric,6754.04,2805.56,1
2297,PT,suburban,3,35-65,2,house,20-50yr,F,electric,12524.27,1862.77,1
2298,IT,urban,2,<35,2,apartment,20-50yr,D,oil,11322.78,1238.35,1
2299,IT,rural,6,>65,2,house,<20yr,D,gas,25794.32,826.67,0
2300,PT,suburban,7,35-65,6,apartment,<20yr,E,electric,36899.98,1342.88,0
2301,LV,suburban,7,<35,1,apartment,20-50yr,D,wood,28731.85,584.6,0
2302,PT,suburban,2,35-65,2,house,20-50yr,C,gas,12342.38,1504.43,1
2303,ES,rural,4,35-65,1,house,>50yr,E,oil,17128.96,823.09,0
2304,ES,suburban,2,<35,3,house,20-50yr,E,wood,11606.4,1092.47,0
2305,ES,suburban,4,35-65,7,apartment,<20yr,D,wood,18549.66,929.25,0
2306,IT,suburban,3,35-65,1,house,>50yr,C,district,13953.22,676.76,0
2307,ES,urban,8,35-65,1,apartment,20-50yr,C,wood,31097.2,344.55,0
2308,ES,suburban,8,<35,2,house,20-50yr,D,electric,37525.47,485.69,0
2309,ES,urban,9,35-65,1,apartment,20-50yr,C,electric,47355.36,403.72,0
2310,LV,urban,3,<35,3,apartment,<20yr,F,gas,14226.52,2698.38,1
2311,LV,urban,1,>65,3,apartment,>50yr,E,gas,5285.75,4503.34,1
2312,IT,urban,1,35-65,1,other,20-50yr,C,electric,7790.86,1382.54,1
2313,ES,urban,9,>65,2,house,>50yr,G,gas,47606.99,1337.13,0
2314,IT,suburban,10,<35,4,apartment,20-50yr,E,gas,47482.58,527.69,0
2315,ES,urban,3,<35,1,house,>50yr,B,wood,16427.57,443.99,0
2316,IT,urban,9,35-65,3,apartment,<20yr,F,gas,39224.13,871.5,0
2317,IT,rural,6,35-65,2,apartment,20-50yr,F,gas,23829.25,883.64,0
2318,PT,rural,2,>65,4,apartment,20-50yr,E,oil,11345.49,2670.36,1
2319,ES,suburban,4,35-65,3,house,20-50yr,C,gas,15241.27,747.19,0
2320,LV,urban,3,35-65,3,other,>50yr,F,electric,16052.07,3184.56,1
2321,IT,urban,8,<35,1,other,>50yr,B,gas,43517.6,248.47,0
2322,IT,urban,2,35-65,1,apartment,20-50yr,D,wood,9326.69,1071.87,1
2323,ES,urban,2,35-65,2,apartment,>50yr,F,electric,10698.12,2279.73,1
2324,IT,rural,8,>65,2,house,<20yr,F,electric,47823.38,1196.12,0
2325,IT,suburban,4,35-65,2,apartment,>50yr,E,gas,20637.55,798.36,0
2326,LV,urban,3,35-65,1,house,20-50yr,A,oil,10990.5,605.25,0
2327,IT,rural,9,>65,7,other,<20yr,D,gas,51226.4,1089.96,0
2328,IT,urban,10,<35,5,apartment,20-50yr,G,electric,32923.28,994.58,0
2329,ES,urban,6,35-65,3,apartment,<20yr,F,gas,27414.47,824.54,0
2330,ES,urban,9,>65,1,house,>50yr,F,gas,37814.11,913.3,0
2331,ES,urban,9,35-65,2,house,20-50yr,B,gas,46071.35,354.68,0
2332,ES,rural,6,35-65,1,other,<20yr,G,gas,25943.09,896.09,0
2333,PT,urban,9,>65,3,house,>50yr,C,gas,43872.08,857.71,0
2334,IT,suburban,1,<35,1,apartment,20-50yr,D,gas,8734.61,1241.77,1
2335,ES,urban,1,>65,1,house,<20yr,F,wood,7426.43,2194.78,1
2336,PT,rural,9,35-65,1,house,20-50yr,D,electric,39305.58,686.4,0
2337,LV,suburban,2,35-65,4,other,<20yr,E,electric,12647.74,2825.44,1
2338,ES,suburban,8,35-65,3,apartment,>50yr,E,gas,36030.84,693.41,0
2339,ES,urban,5,35-65,1,apartment,20-50yr,G,gas,19280.34,1113.67,0
2340,IT,rural,8,<35,1,apartment,20-50yr,C,district,35051.11,284.39,0
2341,IT,suburban,7,<35,1,apartment,20-50yr,B,gas,28831.95,259.36,0
2342,IT,urban,1,35-65,4,other,20-50yr,E,wood,7595.56,2046.61,1
2343,PT,rural,4,35-65,1,other,20-50yr,F,oil,18702.71,928.07,0
2344,IT,urban,8,35-65,1,apartment,20-50yr,G,electric,31594.4,776.97,0
2345,PT,urban,10,<35,2,other,>50yr,D,oil,69092.49,594.54,0
2346,IT,suburban,9,<35,3,apartment,20-50yr,F,wood,44468.29,583.24,0
2347,LV,urban,9,<35,1,house,>50yr,D,wood,32647.8,406.13,0
2348,PT,suburban,10,35-65,1,house,<20yr,D,electric,57316.7,636.67,0
2349,IT,urban,9,<35,3,house,>50yr,A,gas,37399.25,210.22,0
2350,IT,urban,6,<35,2,house,<20yr,C,electric,24897.02,439.56,0
2351,IT,urban,4,35-65,3,house,>50yr,C,gas,17104.3,560.76,0
2352,LV,urban,6,35-65,3,house,20-50yr,C,gas,27675.37,738.88,0
2353,IT,rural,8,35-65,3,apartment,<20yr,C,electric,39784.47,620.6,0
2354,ES,suburban,5,35-65,3,house,20-50yr,G,gas,21709.02,1442.51,0
2355,ES,suburban,9,>65,3,apartment,>50yr,C,wood,57262.16,553.21,0
2356,PT,urban,8,35-65,4,apartment,>50yr,F,district,32291.34,1354.55,0
2357,ES,suburban,3,35-65,1,house,>50yr,G,gas,17182.77,1990.23,1
2358,ES,urban,10,<35,4,house,20-50yr,D,gas,67785.16,480.88,0
2359,LV,urban,9,<35,1,other,20-50yr,F,electric,45231.82,1054.76,0
2360,IT,suburban,6,35-65,1,apartment,20-50yr,D,gas,26780.96,589.78,0
2361,PT,suburban,2,<35,3,apartment,20-50yr,A,gas,12686.05,843.63,0
2362,IT,suburban,3,35-65,6,apartment,20-50yr,F,district,13352.31,2978.29,1
2363,ES,rural,9,35-65,2,house,>50yr,E,gas,39856.29,679.13,0
2364,LV,rural,1,<35,3,other,>50yr,D,gas,7473.29,2203.8,1
2365,PT,urban,5,<35,3,house,20-50yr,G,electric,21941.64,1477.12,0
2366,PT,urban,7,<35,1,apartment,20-50yr,F,gas,27961.65,880.24,0
2367,IT,urban,3,35-65,4,house,20-50yr,D,wood,12562.63,1167.24,0
2368,ES,suburban,9,<35,4,apartment,<20yr,B,wood,36812.11,374.67,0
2369,ES,rural,6,35-65,2,other,20-50yr,G,gas,21569.96,1124.06,0
2370,ES,rural,1,35-65,2,house,20-50yr,G,gas,7268.03,2594.73,1
2371,ES,urban,4,35-65,4,apartment,20-50yr,E,wood,15953.27,904.06,0
2372,IT,rural,4,>65,6,house,20-50yr,F,oil,17783.88,1611.99,0
2373,IT,suburban,3,>65,1,house,>50yr,E,electric,12461.22,1446.44,1
2374,IT,rural,10,35-65,2,apartment,20-50yr,C,gas,59209.7,402.24,0
2375,ES,suburban,4,35-65,3,apartment,>50yr,G,electric,23508.64,1900.28,0
2376,IT,urban,6,35-65,2,house,>50yr,E,gas,30153.67,860.46,0
2377,LV,urban,6,>65,4,other,<20yr,E,electric,21321.62,1891.75,0
2378,ES,rural,3,35-65,3,house,20-50yr,E,oil,13385.67,1615.22,1
2379,IT,urban,6,<35,4,apartment,>50yr,E,electric,20661.58,1156.92,0
2380,PT,urban,4,35-65,3,house,20-50yr,B,oil,18019.63,627.97,0
2381,PT,urban,1,<35,4,apartment,20-50yr,E,oil,8309.44,2316.88,1
2382,IT,urban,5,35-65,5,apartment,>50yr,A,wood,21555.2,297.52,0
2383,IT,rural,6,<35,3,apartment,>50yr,C,electric,21358.9,581.44,0
2384,IT,urban,2,<35,5,apartment,>50yr,C,gas,9978.85,1309.25,1
2385,IT,urban,8,35-65,3,apartment,>50yr,D,oil,41549.57,711.85,0
2386,PT,suburban,7,35-65,4,apartment,<20yr,G,wood,31840.13,1305.51,0
2387,LV,suburban,4,35-65,1,apartment,20-50yr,B,gas,15363.41,461.38,0
2388,IT,urban,6,>65,3,house,>50yr,D,wood,20620.48,764.22,0
2389,PT,urban,4,>65,4,apartment,20-50yr,F,district,17310.07,1948.2,1
2390,IT,urban,7,35-65,3,apartment,<20yr,G,oil,29453.52,1082.57,0
2391,ES,urban,2,>65,5,apartment,<20yr,F,gas,9069.88,3133.91,1
2392,PT,urban,7,35-65,2,house,>50yr,G,oil,28644.38,1532.84,0
2393,ES,urban,1,<35,1,house,20-50yr,E,gas,7439.11,1376.74,1
2394,IT,suburban,1,>65,1,apartment,>50yr,F,gas,7325.35,2261.63,1
2395,ES,rural,3,35-65,3,house,20-50yr,D,gas,13129.5,1337.05,1
2396,LV,rural,2,>65,2,house,20-50yr,D,oil,11462.06,2817.15,1
2397,IT,urban,5,<35,3,house,<20yr,D,electric,21284.01,825.1,0
2398,IT,urban,2,<35,3,apartment,>50yr,F,electric,13278.93,2147.74,1
2399,IT,rural,3,<35,3,apartment,20-50yr,E,gas,14421.64,1445.45,1
2400,ES,suburban,1,35-65,4,apartment,>50yr,F,electric,9026.49,2797.28,1
2401,ES,suburban,9,>65,7,apartment,20-50yr,E,electric,35257.22,1249.74,0
2402,PT,urban,8,35-65,3,apartment,<20yr,F,electric,36829.19,1281.97,0
2403,PT,urban,3,<35,5,other,<20yr,C,gas,13239.37,1540.62,1
2404,LV,suburban,2,35-65,2,apartment,>50yr,D,gas,12261.68,2275.96,1
2405,PT,suburban,9,35-65,1,apartment,<20yr,E,gas,44670.62,712.87,0
2406,IT,urban,7,35-65,5,other,>50yr,A,wood,37995.29,239.77,0
2407,ES,rural,9,35-65,3,house,20-50yr,G,electric,37390.72,1268.51,0
2408,IT,suburban,2,<35,3,apartment,20-50yr,C,wood,9886.79,853.29,0
2409,IT,suburban,4,35-65,3,other,20-50yr,B,electric,18419.03,434.57,0
2410,LV,urban,2,35-65,3,apartment,<20yr,E,gas,10787.95,2475.65,1
2411,PT,suburban,5,35-65,2,apartment,20-50yr,C,gas,18228.56,775.44,0
2412,LV,suburban,2,35-65,4,apartment,20-50yr,E,gas,11633.46,2706.34,1
2413,ES,urban,1,35-65,2,apartment,20-50yr,C,electric,7427.22,1350.1,1
2414,ES,suburban,6,35-65,7,house,20-50yr,C,wood,26747.92,627.12,0
2415,ES,suburban,10,<35,2,apartment,20-50yr,F,gas,42621.11,699.6,0
2416,IT,rural,7,<35,1,house,20-50yr,D,electric,28708.35,514.51,0
2417,IT,urban,8,35-65,2,apartment,20-50yr,E,gas,36857.41,827.57,0
2418,ES,rural,9,<35,3,other,<20yr,C,gas,44106.04,417.74,0
2419,IT,suburban,10,>65,3,apartment,20-50yr,E,electric,61080.19,916.02,0
2420,LV,urban,2,35-65,1,other,<20yr,D,gas,10603.93,1909.63,1
2421,IT,urban,3,35-65,5,apartment,<20yr,B,gas,14972.33,876.61,0
2422,IT,urban,7,35-65,3,house,<20yr,F,oil,29689.05,780.43,0
2423,PT,urban,9,35-65,7,house,20-50yr,E,electric,47999.67,1445.03,0
2424,IT,suburban,8,<35,1,house,<20yr,G,gas,28584.3,654.17,0
2425,LV,suburban,8,<35,3,apartment,>50yr,F,oil,24358.28,1085.0,0
2426,PT,urban,4,35-65,3,house,>50yr,E,gas,21120.63,1220.75,0
2427,IT,rural,4,35-65,4,house,<20yr,A,wood,16069.45,298.26,0
2428,PT,urban,1,>65,2,house,20-50yr,F,wood,6196.2,2890.23,1
2429,ES,suburban,4,35-65,3,house,<20yr,E,gas,17083.03,872.9,0
2430,PT,rural,2,35-65,3,other,<20yr,F,electric,10176.77,2969.32,1
2431,PT,rural,10,35-65,3,other,>50yr,E,gas,58130.72,804.43,0
2432,PT,suburban,1,<35,3,apartment,20-50yr,A,wood,8613.05,783.2,0
2433,ES,suburban,4,>65,2,apartment,<20yr,F,gas,16437.8,1352.84,0
2434,IT,urban,9,<35,1,apartment,>50yr,F,oil,49429.41,587.33,0
2435,PT,urban,10,>65,7,house,>50yr,B,gas,45864.63,786.23,0
2436,LV,urban,4,<35,4,other,20-50yr,E,wood,12300.31,1310.1,1
2437,ES,urban,5,35-65,3,apartment,>50yr,E,district,21470.17,773.31,0
2438,PT,urban,6,<35,4,apartment,>50yr,E,gas,24051.14,1007.58,0
2439,ES,urban,9,35-65,1,apartment,>50yr,G,electric,32363.15,1009.16,0
2440,PT,rural,8,<35,1,apartment,20-50yr,C,electric,39445.4,490.93,0
2441,LV,rural,6,35-65,6,other,>50yr,A,electric,19377.68,580.39,0
2442,IT,rural,4,>65,6,house,20-50yr,C,gas,17207.25,995.51,0
2443,IT,suburban,4,35-65,4,apartment,20-50yr,G,electric,19633.59,1902.34,0
2444,ES,urban,7,<35,1,apartment,<20yr,C,oil,31178.15,460.79,0
2445,ES,urban,9,35-65,1,apartment,20-50yr,E,district,44312.62,577.21,0
2446,ES,suburban,1,35-65,6,house,<20yr,F,oil,7450.72,3316.85,1
2447,IT,suburban,8,<35,1,house,<20yr,F,electric,36921.48,733.89,0
2448,ES,urban,5,35-65,1,apartment,20-50yr,A,gas,22664.6,270.32,0
2449,ES,suburban,2,>65,3,apartment,>50yr,A,gas,9986.22,826.65,0
2450,ES,suburban,1,35-65,1,other,<20yr,G,electric,6751.84,2531.76,1
2451,PT,urban,4,35-65,1,house,20-50yr,E,electric,19696.6,1072.38,0
2452,PT,urban,3,35-65,3,house,>50yr,B,wood,18482.29,871.63,0
2453,ES,urban,2,35-65,1,apartment,20-50yr,A,electric,13764.64,579.84,0
2454,PT,suburban,3,35-65,4,other,>50yr,F,gas,9441.33,3082.06,1
2455,ES,rural,9,35-65,1,house,20-50yr,G,gas,51878.72,799.81,0
2456,ES,suburban,8,35-65,7,other,20-50yr,E,electric,32732.63,1152.33,0
2457,ES,suburban,3,<35,2,apartment,<20yr,D,gas,18341.32,904.26,0
2458,IT,rural,7,35-65,3,apartment,20-50yr,F,gas,25672.38,892.63,0
2459,IT,urban,5,>65,1,apartment,20-50yr,A,gas,17730.41,266.57,0
2460,ES,suburban,8,35-65,2,house,<20yr,G,electric,35730.7,1215.21,0
2461,LV,suburban,3,<35,3,house,<20yr,C,gas,13181.35,1266.9,0
2462,PT,suburban,1,<35,1,apartment,20-50yr,C,district,7588.51,1077.31,1
2463,IT,urban,4,<35,2,other,20-50yr,D,wood,20159.35,520.08,0
2464,ES,rural,10,>65,3,other,20-50yr,B,gas,66209.38,545.47,0
2465,IT,rural,6,35-65,2,apartment,>50yr,D,wood,21699.63,502.95,0
2466,PT,urban,1,35-65,3,house,>50yr,F,electric,10231.69,3266.75,1
2467,PT,urban,10,35-65,2,house,<20yr,D,district,45729.29,588.61,0
2468,ES,urban,9,35-65,2,apartment,>50yr,E,electric,39273.06,632.59,0
2469,ES,suburban,6,35-65,7,house,>50yr,C,gas,36557.69,907.36,0
2470,IT,suburban,8,>65,5,apartment,20-50yr,D,gas,38052.71,1029.73,0
2471,ES,urban,2,35-65,4,other,20-50yr,E,district,9967.59,1846.94,1
2472,LV,rural,6,35-65,1,house,20-50yr,E,district,26009.59,844.64,0
2473,PT,urban,10,35-65,2,other,>50yr,C,electric,61140.14,761.19,0
2474,ES,suburban,5,>65,1,house,20-50yr,F,electric,22090.02,1106.16,0
2475,ES,urban,1,<35,1,apartment,20-50yr,B,electric,9693.99,783.18,0
2476,IT,suburban,8,35-65,3,apartment,>50yr,B,wood,31618.32,312.1,0
2477,IT,suburban,8,35-65,5,house,20-50yr,C,electric,32636.97,745.8,0
2478,IT,urban,8,35-65,3,apartment,<20yr,E,gas,31500.09,765.97,0
2479,ES,urban,7,>65,2,house,20-50yr,B,gas,26485.51,492.29,0
2480,LV,rural,2,35-65,4,apartment,>50yr,A,electric,11070.23,1187.83,1
2481,ES,suburban,2,<35,1,apartment,20-50yr,D,gas,9377.7,1522.12,1
2482,IT,rural,8,35-65,4,apartment,20-50yr,D,wood,37604.21,538.15,0
2483,IT,suburban,9,>65,1,house,20-50yr,C,district,47281.19,415.66,0
2484,IT,suburban,1,35-65,2,apartment,20-50yr,E,gas,6659.53,1903.96,1
2485,PT,urban,6,>65,4,house,>50yr,E,wood,22745.58,1373.18,0
2486,ES,suburban,6,>65,3,apartment,20-50yr,B,oil,23157.23,705.77,0
2487,PT,urban,4,>65,5,house,20-50yr,C,electric,16933.69,1409.9,0
2488,PT,urban,7,35-65,4,house,>50yr,D,gas,29268.25,1067.39,0
2489,IT,urban,10,35-65,2,house,<20yr,G,electric,62999.97,723.72,0
2490,ES,urban,9,>65,3,apartment,<20yr,F,district,49807.1,1016.52,0
2491,LV,rural,2,>65,5,apartment,>50yr,D,electric,9743.8,3803.66,1
2492,ES,rural,5,<35,3,apartment,>50yr,G,electric,23295.85,1345.49,0
2493,IT,suburban,10,<35,2,house,20-50yr,D,gas,67597.61,411.89,0
2494,LV,urban,3,35-65,3,apartment,<20yr,D,gas,16785.04,1720.32,1
2495,LV,rural,9,35-65,2,house,<20yr,G,electric,44341.93,1476.96,0
2496,ES,suburban,5,>65,3,house,<20yr,F,electric,20829.52,1337.86,0
2497,ES,urban,6,35-65,1,apartment,20-50yr,E,wood,20253.61,545.34,0
2498,IT,suburban,3,<35,1,house,20-50yr,E,electric,13158.82,1169.71,0
2499,PT,suburban,10,35-65,1,house,<20yr,G,gas,43958.15,761.45,0
2500,ES,urban,6,>65,5,apartment,20-50yr,C,gas,29662.8,900.09,0
2501,IT,suburban,6,35-65,3,house,>50yr,D,gas,24030.25,853.82,0
2502,PT,suburban,5,<35,3,other,>50yr,D,gas,20729.51,742.34,0
2503,LV,urban,1,35-65,3,apartment,>50yr,G,gas,7292.33,3994.28,1
2504,PT,urban,8,>65,1,apartment,20-50yr,B,wood,29136.02,439.86,0
2505,IT,suburban,4,35-65,2,house,20-50yr,B,electric,19474.02,522.02,0
2506,IT,suburban,3,<35,1,apartment,20-50yr,D,wood,15094.94,709.12,0
2507,LV,rural,8,35-65,3,house,<20yr,C,district,41411.45,686.92,0
2508,LV,rural,2,>65,1,house,>50yr,E,gas,8457.57,3268.28,1
2509,ES,suburban,7,35-65,3,house,20-50yr,D,oil,36562.16,705.26,0
2510,ES,suburban,5,35-65,3,apartment,20-50yr,F,gas,20608.01,1023.02,0
2511,ES,suburban,8,<35,2,apartment,20-50yr,F,gas,40452.22,741.42,0
2512,ES,suburban,1,35-65,3,house,<20yr,D,gas,5387.63,1855.79,1
2513,IT,urban,8,>65,1,apartment,>50yr,F,gas,38284.7,868.27,0
2514,IT,suburban,3,35-65,2,apartment,<20yr,B,oil,13846.47,561.96,0
2515,IT,suburban,9,35-65,4,apartment,<20yr,E,oil,41600.0,761.27,0
2516,PT,suburban,4,>65,3,apartment,20-50yr,E,electric,17243.9,1888.89,1
2517,IT,rural,1,35-65,4,apartment,>50yr,C,electric,7315.72,1859.41,1
2518,IT,suburban,5,>65,1,apartment,<20yr,A,wood,16990.94,246.51,0
2519,ES,urban,1,<35,2,house,20-50yr,E,wood,6617.98,1386.33,1
2520,IT,urban,3,35-65,2,house,>50yr,E,wood,14056.43,1058.77,0
2521,IT,urban,8,>65,4,house,>50yr,E,oil,43826.13,1118.98,0
2522,ES,urban,6,>65,1,house,20-50yr,C,gas,29515.17,546.58,0
2523,ES,suburban,8,35-65,2,apartment,>50yr,C,electric,37265.51,514.23,0
2524,ES,urban,9,35-65,1,apartment,20-50yr,G,electric,39960.55,832.97,0
2525,LV,urban,5,>65,7,house,>50yr,B,gas,28616.45,1198.5,0
2526,IT,urban,6,35-65,3,apartment,20-50yr,G,wood,27688.31,1064.02,0
2527,LV,suburban,1,35-65,4,apartment,>50yr,F,district,8746.36,3289.88,1
2528,LV,suburban,3,35-65,1,apartment,>50yr,E,district,11463.72,1727.18,1
2529,PT,urban,8,35-65,3,house,20-50yr,D,gas,37406.67,890.45,0
2530,ES,urban,1,35-65,5,apartment,<20yr,G,gas,6644.34,3279.6,1
2531,ES,urban,4,>65,5,apartment,>50yr,G,gas,23913.62,2012.86,0
2532,ES,urban,2,35-65,3,apartment,<20yr,F,wood,9696.33,1663.38,1
2533,PT,urban,9,<35,3,house,20-50yr,F,electric,39259.09,1071.02,0
2534,IT,urban,6,<35,2,apartment,20-50yr,D,wood,22680.03,440.9,0
2535,LV,urban,7,>65,1,house,<20yr,B,district,28379.66,648.25,0
2536,ES,rural,7,<35,3,apartment,20-50yr,G,gas,33173.73,915.56,0
2537,PT,suburban,3,>65,4,apartment,20-50yr,A,gas,14006.37,934.2,0
2538,ES,rural,1,<35,3,apartment,>50yr,D,wood,8050.96,1232.17,1
2539,IT,urban,4,35-65,3,apartment,20-50yr,D,gas,19493.23,927.7,0
2540,ES,urban,2,>65,2,apartment,<20yr,F,electric,8760.82,2679.24,1
2541,ES,rural,4,35-65,1,house,<20yr,F,electric,19578.31,963.55,0
2542,ES,urban,4,>65,2,apartment,20-50yr,E,electric,17857.06,1174.88,0
2543,IT,suburban,8,<35,1,other,20-50yr,B,district,32398.16,219.82,0
2544,IT,rural,4,35-65,4,apartment,20-50yr,C,gas,17849.33,672.55,0
2545,ES,suburban,2,35-65,2,apartment,<20yr,B,electric,11188.55,885.81,0
2546,ES,urban,10,>65,1,house,>50yr,G,district,37104.95,863.18,0
2547,LV,suburban,1,<35,1,house,<20yr,B,gas,9832.2,957.77,0
2548,IT,urban,3,35-65,2,apartment,20-50yr,G,oil,16783.04,1878.16,1
2549,IT,urban,4,35-65,1,apartment,>50yr,B,district,14386.49,351.36,0
2550,IT,urban,1,>65,3,house,20-50yr,G,gas,7142.55,4191.51,1
2551,ES,rural,9,>65,2,apartment,20-50yr,E,gas,52680.34,907.06,0
2552,ES,suburban,4,>65,5,house,>50yr,F,gas,19334.12,1862.41,0
2553,ES,urban,8,35-65,2,house,20-50yr,E,gas,38162.1,903.14,0
2554,LV,urban,2,35-65,3,apartment,<20yr,F,gas,11743.22,3375.4,1
2555,IT,suburban,6,>65,3,house,<20yr,F,gas,26442.51,1248.64,0
2556,PT,rural,2,>65,2,apartment,>50yr,C,electric,9376.17,1862.36,1
2557,IT,urban,3,>65,1,house,20-50yr,G,wood,12863.08,1918.29,1
2558,IT,urban,5,>65,1,other,>50yr,E,gas,24388.96,834.83,0
2559,ES,rural,9,>65,5,house,<20yr,C,electric,47448.19,755.29,0
2560,IT,rural,4,<35,4,other,<20yr,D,gas,18261.61,676.08,0
2561,ES,rural,8,35-65,1,house,>50yr,E,oil,32665.76,578.59,0
2562,PT,urban,1,>65,2,apartment,>50yr,G,gas,9279.66,4295.41,1
2563,PT,urban,3,35-65,3,apartment,<20yr,F,gas,12110.39,2356.62,1
2564,ES,urban,7,<35,1,apartment,<20yr,D,district,37461.88,468.76,0
2565,ES,urban,5,35-65,1,apartment,>50yr,E,wood,18835.03,559.39,0
2566,ES,rural,6,35-65,2,house,20-50yr,A,oil,21936.33,241.2,0
2567,IT,urban,7,>65,1,apartment,20-50yr,D,oil,30136.15,664.2,0
2568,IT,suburban,1,>65,2,house,<20yr,F,electric,8259.26,2803.54,1
2569,PT,rural,7,<35,1,apartment,>50yr,C,gas,30439.93,435.8,0
2570,LV,rural,9,35-65,1,apartment,<20yr,D,electric,35261.09,688.14,0
2571,IT,suburban,8,<35,4,apartment,20-50yr,A,wood,38349.87,192.94,0
2572,ES,rural,3,>65,5,other,20-50yr,A,district,16215.38,733.65,0
2573,PT,urban,4,<35,6,apartment,<20yr,B,electric,17288.44,778.56,0
2574,PT,urban,10,35-65,1,apartment,20-50yr,B,gas,43615.38,409.84,0
2575,ES,urban,8,35-65,3,apartment,20-50yr,D,oil,34876.83,669.74,0
2576,ES,rural,10,35-65,3,other,20-50yr,G,oil,46404.79,909.75,0
2577,PT,rural,10,35-65,6,apartment,20-50yr,B,gas,41164.6,674.78,0
2578,LV,urban,5,35-65,2,house,<20yr,G,electric,19342.23,2015.58,1
2579,IT,urban,2,35-65,3,apartment,>50yr,E,gas,14034.45,1716.8,1
2580,LV,urban,3,<35,1,apartment,20-50yr,C,electric,13827.73,1264.54,0
2581,IT,urban,3,35-65,4,house,20-50yr,C,wood,13438.18,1089.37,0
2582,PT,rural,9,35-65,1,house,<20yr,C,gas,47832.36,619.19,0
2583,IT,urban,3,35-65,1,house,20-50yr,F,electric,15343.98,1760.49,1
2584,IT,suburban,4,35-65,3,apartment,>50yr,F,gas,14045.87,1178.86,0
2585,IT,suburban,9,35-65,3,other,20-50yr,D,gas,56915.13,625.39,0
2586,ES,urban,2,>65,2,house,>50yr,B,oil,11331.22,1205.13,1
2587,IT,urban,7,<35,2,other,<20yr,C,electric,34370.51,405.46,0
2588,IT,rural,6,35-65,4,apartment,>50yr,E,wood,22865.32,873.86,0
2589,ES,suburban,10,<35,6,apartment,20-50yr,B,oil,41019.76,381.91,0
2590,ES,urban,5,35-65,2,apartment,20-50yr,E,wood,20635.04,639.93,0
2591,PT,urban,6,35-65,1,house,20-50yr,E,gas,21190.02,829.09,0
2592,LV,rural,9,35-65,1,house,<20yr,E,electric,51257.94,811.39,0
2593,PT,rural,10,<35,1,apartment,20-50yr,B,gas,44468.61,326.36,0
2594,IT,rural,8,35-65,4,apartment,<20yr,D,oil,36143.72,820.7,0
2595,IT,suburban,7,35-65,4,apartment,>50yr,D,electric,32822.25,792.52,0
2596,LV,rural,9,>65,2,apartment,>50yr,F,gas,45831.6,1317.74,0
2597,IT,urban,10,35-65,2,house,20-50yr,D,electric,51018.55,633.43,0
2598,ES,suburban,8,35-65,2,apartment,20-50yr,D,oil,27563.88,591.5,0
2599,LV,urban,3,>65,4,apartment,20-50yr,B,gas,11167.49,1818.14,1
2600,LV,suburban,7,<35,2,apartment,>50yr,E,oil,26778.83,816.92,0
2601,ES,rural,3,35-65,1,apartment,20-50yr,E,wood,11330.94,1121.47,0
2602,PT,rural,6,35-65,3,other,20-50yr,F,gas,24718.63,1631.65,0
2603,ES,suburban,5,35-65,2,apartment,<20yr,E,electric,18730.33,868.78,0
2604,PT,suburban,10,<35,2,other,20-50yr,G,wood,45304.86,716.91,0
2605,IT,rural,6,35-65,1,house,20-50yr,G,gas,20195.8,899.98,0
2606,IT,rural,10,35-65,1,house,20-50yr,D,gas,43316.84,488.91,0
2607,ES,suburban,9,35-65,2,apartment,>50yr,C,electric,42637.6,576.11,0
2608,IT,urban,9,<35,1,house,>50yr,G,electric,38517.65,679.14,0
2609,PT,urban,2,35-65,4,house,20-50yr,F,wood,11042.55,3245.47,1
2610,ES,rural,8,>65,1,apartment,20-50yr,G,electric,35584.58,1210.66,0
2611,LV,suburban,3,<35,3,other,>50yr,D,electric,13579.49,1717.34,1
2612,PT,suburban,6,35-65,2,apartment,20-50yr,G,electric,27549.09,1775.92,0
2613,ES,suburban,5,>65,2,apartment,20-50yr,B,gas,16836.09,556.0,0
2614,PT,urban,3,>65,1,apartment,20-50yr,E,electric,15439.98,2196.74,1
2615,IT,urban,10,<35,1,house,20-50yr,D,gas,58335.85,365.21,0
2616,ES,rural,9,35-65,3,apartment,20-50yr,A,district,41743.08,284.86,0
2617,IT,urban,6,<35,1,apartment,20-50yr,C,gas,22146.49,359.06,0
2618,LV,suburban,1,>65,3,apartment,20-50yr,C,gas,8047.57,2991.53,1
2619,PT,suburban,2,35-65,4,apartment,20-50yr,B,wood,11765.67,998.99,0
2620,LV,rural,3,35-65,6,apartment,20-50yr,G,gas,11348.04,3799.4,1
2621,LV,urban,10,35-65,4,house,<20yr,G,electric,60268.44,1633.13,0
2622,LV,suburban,5,35-65,1,apartment,>50yr,G,district,27257.96,1393.05,0
2623,IT,urban,1,<35,2,other,>50yr,G,wood,7922.4,1480.3,1
2624,LV,urban,6,35-65,1,house,>50yr,F,gas,30397.53,1159.82,0
2625,ES,urban,10,35-65,2,house,>50yr,G,gas,59061.32,955.26,0
2626,ES,urban,6,35-65,5,other,<20yr,C,electric,26007.87,900.26,0
2627,ES,rural,5,>65,6,apartment,<20yr,C,electric,18904.78,1128.28,0
2628,IT,rural,2,<35,7,house,20-50yr,G,gas,10451.43,2605.33,1
2629,IT,urban,9,<35,2,apartment,20-50yr,D,gas,37117.08,474.86,0
2630,IT,rural,2,35-65,3,apartment,>50yr,F,wood,12671.84,1873.51,1
2631,IT,suburban,10,35-65,1,apartment,20-50yr,E,gas,49188.1,554.29,0
2632,ES,suburban,3,<35,1,house,>50yr,D,wood,18235.33,856.49,0
2633,LV,rural,2,35-65,1,house,20-50yr,C,gas,11747.58,1438.12,1
2634,ES,suburban,4,35-65,7,apartment,20-50yr,F,electric,18565.56,1615.76,0
2635,ES,urban,1,35-65,6,house,>50yr,E,electric,6559.48,3041.41,1
2636,ES,urban,1,35-65,4,apartment,20-50yr,D,gas,8839.8,2069.42,1
2637,ES,suburban,2,<35,1,apartment,>50yr,E,electric,10642.4,1359.1,1
2638,IT,rural,7,<35,2,apartment,>50yr,D,gas,27566.03,500.03,0
2639,PT,suburban,9,35-65,2,house,>50yr,D,wood,38970.78,642.07,0
2640,IT,urban,3,35-65,1,apartment,>50yr,E,oil,11621.73,1089.73,0
2641,PT,urban,7,35-65,4,apartment,20-50yr,D,gas,30044.55,883.77,0
2642,PT,rural,4,>65,2,apartment,20-50yr,G,electric,17067.14,2318.81,1
2643,ES,urban,5,<35,1,house,>50yr,D,district,17244.31,530.24,0
2644,LV,suburban,4,35-65,5,house,20-50yr,G,electric,18904.78,2313.27,1
2645,IT,suburban,9,35-65,5,apartment,20-50yr,F,gas,59173.43,1095.42,0
2646,LV,urban,6,<35,1,house,20-50yr,G,wood,20191.73,850.03,0
2647,PT,urban,6,>65,2,house,20-50yr,F,gas,24578.94,1424.05,0
2648,PT,urban,9,>65,3,apartment,20-50yr,E,oil,55143.98,1033.56,0
2649,PT,urban,7,35-65,4,apartment,>50yr,E,gas,26698.07,1157.47,0
2650,PT,suburban,2,>65,1,other,20-50yr,E,oil,11749.92,2475.02,1
2651,LV,rural,2,<35,2,apartment,20-50yr,C,electric,11667.08,1596.59,1
2652,ES,urban,4,>65,1,apartment,<20yr,C,gas,19316.1,630.55,0
2653,PT,suburban,1,>65,7,house,20-50yr,A,wood,10531.15,1356.01,1
2654,PT,urban,7,<35,2,house,20-50yr,F,electric,22936.28,1123.62,0
2655,ES,urban,5,35-65,2,house,20-50yr,B,gas,21609.96,482.59,0
2656,LV,suburban,1,35-65,5,house,<20yr,E,oil,7420.85,3790.43,1
2657,ES,suburban,5,35-65,1,apartment,20-50yr,B,electric,20875.09,461.7,0
2658,ES,suburban,9,35-65,3,house,<20yr,B,gas,43291.47,387.25,0
2659,IT,urban,10,35-65,3,apartment,<20yr,E,oil,52626.11,595.8,0
2660,IT,suburban,10,<35,3,house,>50yr,G,district,46723.16,705.33,0
2661,PT,urban,10,<35,2,apartment,>50yr,D,gas,47202.97,653.1,0
2662,ES,rural,7,<35,2,apartment,>50yr,G,wood,41266.01,807.83,0
2663,ES,suburban,10,35-65,1,apartment,>50yr,A,electric,44705.53,162.74,0
2664,IT,rural,10,35-65,4,house,<20yr,D,gas,66110.64,664.19,0
2665,ES,urban,7,35-65,1,apartment,>50yr,B,oil,25685.9,315.42,0
2666,PT,suburban,5,<35,3,house,20-50yr,D,electric,21302.62,998.52,0
2667,LV,suburban,10,<35,1,apartment,>50yr,A,wood,73888.71,161.44,0
2668,IT,urban,5,35-65,3,apartment,20-50yr,A,electric,23659.1,324.32,0
2669,ES,suburban,2,<35,5,house,20-50yr,F,gas,8865.59,1975.97,1
2670,ES,suburban,2,35-65,1,apartment,20-50yr,E,gas,10457.73,1493.49,1
2671,ES,rural,6,35-65,1,house,<20yr,C,gas,24903.18,523.33,0
2672,ES,urban,1,35-65,1,other,20-50yr,G,electric,9337.39,2768.98,1
2673,ES,rural,2,35-65,7,house,20-50yr,E,district,11078.26,3044.16,1
2674,ES,urban,3,>65,4,apartment,>50yr,D,wood,13670.32,1429.26,1
2675,ES,suburban,6,<35,2,apartment,<20yr,D,wood,32358.32,431.34,0
2676,ES,suburban,5,>65,2,other,20-50yr,C,electric,26617.6,923.67,0
2677,ES,urban,6,35-65,2,house,20-50yr,F,gas,27762.2,816.66,0
2678,PT,rural,6,<35,1,house,<20yr,D,oil,22758.95,640.16,0
2679,PT,rural,10,35-65,2,apartment,20-50yr,B,gas,36952.88,429.29,0
2680,IT,rural,3,<35,3,house,20-50yr,C,gas,11555.92,699.49,0
2681,PT,rural,5,35-65,2,apartment,20-50yr,C,gas,16659.02,662.41,0
2682,LV,suburban,7,>65,1,house,20-50yr,D,district,29725.92,810.86,0
2683,IT,suburban,3,35-65,4,house,<20yr,E,oil,16114.91,1766.39,1
2684,ES,rural,2,35-65,4,other,20-50yr,G,gas,14794.69,2681.21,1
2685,IT,urban,1,>65,2,apartment,>50yr,C,district,9684.08,1406.32,1
2686,PT,rural,4,35-65,2,house,>50yr,D,wood,15732.76,661.73,0
2687,IT,suburban,3,<35,2,apartment,<20yr,A,electric,14543.61,402.3,0
2688,PT,suburban,2,>65,3,apartment,20-50yr,D,gas,11684.27,2370.14,1
2689,IT,urban,3,<35,6,house,>50yr,E,gas,11079.95,1681.41,1
2690,ES,urban,7,<35,1,apartment,<20yr,G,gas,26315.35,766.88,0
2691,LV,urban,9,<35,1,apartment,<20yr,F,electric,40309.57,1105.39,0
2692,ES,urban,6,35-65,1,house,<20yr,B,electric,34410.69,435.39,0
2693,LV,urban,1,35-65,1,house,<20yr,G,gas,8477.45,2864.58,1
2694,LV,urban,8,35-65,2,house,>50yr,F,gas,29557.28,1355.9,0
2695,LV,urban,2,35-65,4,apartment,>50yr,C,electric,10320.89,2440.21,1
2696,IT,suburban,1,35-65,4,house,20-50yr,G,wood,8557.1,2526.21,1
2697,PT,urban,6,>65,1,apartment,20-50yr,F,gas,24075.78,1501.77,0
2698,IT,rural,5,<35,3,apartment,>50yr,F,oil,19907.54,981.08,0
2699,ES,urban,4,<35,1,apartment,<20yr,D,district,19530.94,498.45,0
2700,LV,suburban,10,35-65,1,house,<20yr,C,oil,67867.33,457.72,0
2701,PT,urban,1,<35,2,apartment,<20yr,F,electric,9600.98,2961.83,1
2702,ES,suburban,1,35-65,3,apartment,>50yr,D,oil,7647.7,1647.01,1
2703,ES,suburban,6,35-65,5,other,>50yr,G,wood,24388.61,1213.61,0
2704,PT,suburban,5,35-65,1,house,20-50yr,C,wood,20048.48,473.52,0
2705,PT,urban,9,<35,2,house,>50yr,D,gas,50380.23,683.04,0
2706,ES,suburban,1,35-65,1,house,<20yr,F,gas,7546.66,1952.65,1
2707,LV,urban,5,35-65,4,other,20-50yr,E,gas,15736.87,1491.81,0
2708,IT,suburban,2,>65,2,house,>50yr,D,gas,11825.63,1684.38,1
2709,IT,urban,1,35-65,3,apartment,>50yr,F,oil,8661.07,2057.08,1
2710,ES,suburban,5,35-65,1,house,20-50yr,F,gas,19761.29,1013.42,0
2711,LV,urban,8,35-65,1,other,<20yr,E,oil,47536.34,1008.03,0
2712,IT,suburban,2,<35,4,house,>50yr,D,oil,10140.72,1347.55,1
2713,IT,urban,9,35-65,1,apartment,20-50yr,E,electric,53189.12,594.6,0
2714,IT,urban,6,35-65,3,other,20-50yr,E,gas,20450.81,854.57,0
2715,LV,urban,5,35-65,2,house,<20yr,F,gas,21888.88,1382.59,0
2716,IT,urban,10,35-65,3,apartment,<20yr,E,gas,48717.31,678.85,0
2717,ES,suburban,4,35-65,3,other,20-50yr,D,district,17309.23,745.88,0
2718,LV,rural,3,35-65,3,house,20-50yr,A,gas,15694.16,710.16,0
2719,IT,suburban,8,<35,2,house,20-50yr,C,gas,33051.3,444.08,0
2720,ES,urban,2,35-65,2,other,<20yr,D,gas,9906.69,1431.08,1
2721,ES,urban,9,<35,3,apartment,20-50yr,E,electric,41588.03,872.79,0
2722,PT,rural,9,35-65,2,house,20-50yr,F,electric,75576.27,1134.42,0
2723,ES,urban,10,35-65,2,apartment,20-50yr,G,district,56694.25,744.88,0
2724,ES,urban,5,35-65,7,house,20-50yr,E,gas,21455.64,1326.62,0
2725,IT,rural,7,35-65,1,house,>50yr,F,gas,32022.14,743.31,0
2726,PT,urban,9,35-65,3,house,>50yr,E,wood,33241.21,769.39,0
2727,PT,urban,2,35-65,3,house,20-50yr,D,gas,12629.39,2098.48,1
2728,IT,urban,4,35-65,1,house,20-50yr,E,gas,19470.56,695.07,0
2729,ES,suburban,5,<35,2,apartment,>50yr,D,district,16069.8,504.94,0
2730,LV,urban,7,35-65,3,apartment,<20yr,D,electric,43028.35,1228.2,0
2731,IT,suburban,7,35-65,3,apartment,>50yr,G,electric,30013.67,1275.5,0
2732,IT,urban,10,>65,1,house,20-50yr,E,district,46516.96,523.12,0
2733,ES,urban,5,35-65,1,house,20-50yr,B,gas,22011.51,410.8,0
2734,IT,urban,2,35-65,1,house,20-50yr,E,gas,9598.13,1606.97,1
2735,IT,rural,2,<35,4,apartment,20-50yr,G,gas,8639.44,2361.2,1
2736,ES,urban,9,>65,2,house,>50yr,B,gas,41277.5,366.86,0
2737,IT,suburban,5,35-65,4,apartment,>50yr,G,electric,20295.32,1303.3,0
2738,ES,urban,7,35-65,5,other,<20yr,G,wood,23689.06,1111.05,0
2739,PT,urban,6,35-65,5,house,20-50yr,E,district,22238.67,1520.62,0
2740,ES,urban,9,35-65,3,apartment,>50yr,D,oil,36827.36,577.26,0
2741,IT,suburban,3,35-65,2,house,>50yr,A,district,13269.32,446.11,0
2742,PT,suburban,2,>65,2,apartment,20-50yr,A,electric,12122.32,952.39,0
2743,IT,rural,8,<35,5,apartment,<20yr,D,gas,36771.5,783.43,0
2744,PT,rural,5,>65,1,house,20-50yr,F,gas,20897.31,1442.37,0
2745,ES,suburban,9,>65,1,house,<20yr,G,electric,32701.83,999.71,0
2746,PT,suburban,2,>65,2,apartment,>50yr,C,gas,10953.76,1702.16,1
2747,IT,suburban,3,>65,4,apartment,>50yr,D,gas,11892.06,1629.23,1
2748,IT,suburban,10,35-65,1,apartment,>50yr,E,district,42506.35,495.62,0
2749,ES,urban,9,35-65,3,apartment,<20yr,D,gas,49049.98,598.12,0
2750,IT,rural,1,<35,1,apartment,>50yr,E,oil,6552.17,1314.67,1
2751,IT,rural,9,35-65,4,apartment,>50yr,G,gas,43611.31,1298.93,0
2752,PT,urban,1,<35,2,other,20-50yr,D,electric,7436.23,1885.53,1
2753,PT,rural,2,>65,2,apartment,>50yr,B,oil,9534.01,1339.27,1
2754,IT,rural,9,<35,1,apartment,20-50yr,E,gas,51634.03,482.37,0
2755,LV,urban,2,<35,3,apartment,20-50yr,A,gas,10052.55,781.04,0
2756,PT,rural,4,<35,1,apartment,<20yr,G,electric,16156.48,1381.68,0
2757,LV,urban,2,35-65,5,house,<20yr,G,electric,9851.7,3913.42,1
2758,PT,urban,6,<35,5,apartment,<20yr,B,gas,25668.37,603.87,0
2759,PT,urban,1,<35,2,apartment,20-50yr,E,gas,7810.86,2100.64,1
2760,ES,suburban,3,<35,1,other,20-50yr,F,gas,12601.14,1325.4,1
2761,PT,urban,4,35-65,3,house,<20yr,D,gas,15238.23,1058.26,0
2762,LV,rural,7,>65,3,apartment,<20yr,D,wood,29814.55,1012.87,0
2763,IT,urban,5,35-65,1,apartment,20-50yr,G,gas,19047.99,1014.51,0
2764,IT,urban,2,35-65,5,house,>50yr,C,electric,14247.37,1538.18,1
2765,IT,suburban,5,<35,2,house,20-50yr,E,oil,19408.58,816.97,0
2766,LV,urban,5,<35,1,other,>50yr,B,wood,22079.49,342.19,0
2767,ES,suburban,4,35-65,4,apartment,>50yr,D,gas,17262.84,1086.08,0
2768,PT,urban,6,<35,2,house,>50yr,G,electric,23939.06,1155.94,0
2769,PT,rural,4,<35,2,apartment,>50yr,F,electric,20027.34,1239.25,0
2770,LV,suburban,4,<35,4,apartment,20-50yr,E,gas,19091.23,1406.26,0
2771,IT,urban,8,35-65,4,house,>50yr,B,gas,39160.29,389.59,0
2772,PT,urban,3,35-65,2,house,20-50yr,G,wood,15203.75,1800.9,1
2773,LV,urban,4,<35,5,apartment,>50yr,C,electric,13736.34,1060.38,0
2774,IT,rural,2,35-65,2,apartment,20-50yr,E,gas,11751.69,1817.88,1
2775,PT,suburban,7,35-65,1,house,<20yr,C,electric,28907.06,651.59,0
2776,ES,urban,8,>65,3,apartment,>50yr,E,gas,33334.19,1240.04,0
2777,ES,urban,7,<35,3,apartment,>50yr,E,gas,50412.86,784.35,0
2778,ES,rural,2,35-65,4,apartment,>50yr,D,gas,8818.48,1707.07,1
2779,IT,urban,5,>65,4,apartment,>50yr,E,gas,20716.66,969.82,0
2780,IT,suburban,3,>65,4,house,>50yr,D,electric,13644.9,1678.6,1
2781,IT,suburban,8,>65,3,apartment,20-50yr,E,electric,35560.58,1041.2,0
2782,IT,urban,4,<35,3,apartment,>50yr,E,gas,15030.78,706.51,0
2783,ES,suburban,5,>65,2,house,20-50yr,G,electric,21720.91,1577.57,0
2784,ES,urban,5,>65,2,apartment,<20yr,A,oil,17742.45,355.08,0
2785,IT,urban,8,<35,1,house,20-50yr,A,electric,37564.08,188.29,0
2786,PT,rural,8,<35,1,apartment,20-50yr,C,gas,36855.79,457.44,0
2787,PT,suburban,9,>65,3,house,20-50yr,B,gas,41453.59,738.87,0
2788,ES,rural,5,<35,1,house,>50yr,E,district,20772.36,600.45,0
2789,LV,suburban,9,35-65,3,house,<20yr,C,gas,54533.77,719.03,0
2790,ES,urban,9,35-65,1,apartment,>50yr,A,gas,46895.48,185.78,0
2791,PT,suburban,6,35-65,6,house,20-50yr,C,oil,25657.25,960.02,0
2792,IT,suburban,7,<35,1,house,>50yr,E,wood,31972.63,428.45,0
2793,PT,urban,10,35-65,2,apartment,20-50yr,F,district,55332.79,1026.56,0
2794,LV,urban,9,35-65,3,apartment,20-50yr,D,gas,46713.09,964.64,0
2795,PT,suburban,3,>65,2,apartment,>50yr,G,district,12783.74,3226.6,1
2796,ES,suburban,8,<35,4,apartment,20-50yr,C,gas,50155.18,522.41,0
2797,ES,urban,5,<35,2,apartment,<20yr,E,wood,21600.24,675.66,0
2798,ES,rural,2,<35,5,other,<20yr,C,gas,16807.83,1199.36,0
2799,PT,urban,4,<35,4,other,<20yr,F,district,24403.28,1304.51,0
2800,PT,urban,10,>65,2,apartment,20-50yr,C,wood,50996.81,499.0,0
2801,LV,urban,10,<35,1,other,20-50yr,G,wood,57011.97,708.44,0
2802,ES,rural,8,<35,1,house,20-50yr,F,electric,38029.23,719.27,0
2803,IT,urban,10,>65,3,apartment,>50yr,E,gas,63269.07,772.87,0
2804,ES,suburban,6,<35,4,other,<20yr,E,electric,25497.09,820.53,0
2805,IT,urban,8,<35,3,house,<20yr,D,gas,43144.46,607.74,0
2806,IT,suburban,2,35-65,3,house,>50yr,A,oil,8448.82,494.35,0
2807,IT,suburban,3,35-65,1,apartment,>50yr,G,gas,12775.9,1964.33,1
2808,PT,urban,2,>65,1,apartment,>50yr,F,gas,10689.49,2647.78,1
2809,IT,rural,10,35-65,3,other,>50yr,B,gas,49766.25,360.03,0
2810,IT,urban,7,35-65,1,apartment,>50yr,B,wood,23136.33,281.44,0
2811,IT,urban,10,35-65,1,apartment,>50yr,D,electric,62797.32,446.73,0
2812,LV,suburban,5,>65,2,apartment,20-50yr,F,electric,17787.15,2093.9,1
2813,PT,suburban,5,35-65,2,apartment,20-50yr,E,gas,18979.8,1127.26,0
2814,IT,urban,7,35-65,3,apartment,<20yr,E,gas,33596.62,880.04,0
2815,IT,suburban,6,35-65,3,other,20-50yr,A,electric,30040.08,362.0,0
2816,ES,urban,4,35-65,1,apartment,20-50yr,G,gas,16076.71,1187.17,0
2817,IT,suburban,4,35-65,1,house,<20yr,C,oil,14979.62,451.52,0
2818,ES,suburban,6,<35,1,house,20-50yr,D,electric,22128.9,567.81,0
2819,ES,rural,1,35-65,2,apartment,>50yr,G,district,9455.96,2244.95,1
2820,LV,suburban,2,<35,1,apartment,<20yr,F,gas,13112.82,2074.72,1
2821,IT,suburban,1,35-65,5,apartment,>50yr,E,gas,8414.17,2694.4,1
2822,PT,suburban,2,35-65,4,house,>50yr,G,district,11415.24,3453.12,1
2823,IT,urban,2,35-65,2,house,20-50yr,B,wood,9025.82,704.69,0
2824,LV,urban,1,<35,1,apartment,<20yr,B,electric,8578.03,1234.67,1
2825,LV,rural,1,>65,1,other,>50yr,C,gas,9000.67,2234.73,1
2826,PT,urban,9,35-65,5,house,20-50yr,C,electric,44080.48,817.34,0
2827,ES,suburban,2,35-65,1,apartment,20-50yr,F,electric,11338.19,2290.92,1
2828,IT,urban,6,<35,4,house,20-50yr,E,gas,21415.49,874.45,0
2829,PT,rural,1,35-65,2,house,<20yr,D,gas,9532.52,2133.91,1
2830,PT,urban,10,35-65,2,house,>50yr,F,electric,44855.75,1172.73,0
2831,IT,rural,3,>65,3,apartment,>50yr,D,gas,13965.2,1538.66,1
2832,ES,suburban,8,35-65,3,apartment,20-50yr,B,wood,38557.43,332.27,0
2833,ES,urban,7,<35,2,apartment,>50yr,D,gas,35600.07,608.01,0
2834,PT,suburban,8,35-65,2,apartment,20-50yr,F,district,42164.03,867.41,0
2835,PT,suburban,7,<35,2,apartment,>50yr,D,electric,35590.43,964.78,0
2836,ES,urban,6,<35,4,house,>50yr,G,district,23892.32,976.81,0
2837,ES,urban,8,35-65,5,apartment,<20yr,G,wood,51014.4,1004.14,0
2838,IT,suburban,9,<35,4,apartment,>50yr,F,gas,50621.32,796.82,0
2839,ES,suburban,4,>65,2,house,>50yr,F,gas,16597.9,1450.06,0
2840,IT,urban,10,35-65,4,apartment,20-50yr,E,gas,52671.58,813.67,0
2841,PT,rural,10,<35,1,apartment,>50yr,G,oil,61645.26,907.78,0
2842,ES,urban,8,>65,3,house,20-50yr,E,gas,33562.36,1019.47,0
2843,ES,urban,10,35-65,1,house,<20yr,D,oil,45409.33,470.12,0
2844,IT,suburban,2,<35,1,apartment,20-50yr,C,wood,11137.07,574.28,0
2845,IT,urban,6,35-65,1,house,20-50yr,F,electric,17779.07,806.93,0
2846,ES,urban,7,>65,3,house,<20yr,D,oil,31656.67,855.17,0
2847,IT,suburban,10,35-65,1,house,<20yr,F,wood,60523.26,526.54,0
2848,IT,urban,2,35-65,1,other,>50yr,G,wood,10569.71,1568.68,1
2849,PT,urban,9,35-65,7,apartment,20-50yr,D,gas,51095.45,1195.04,0
2850,ES,suburban,1,35-65,3,apartment,>50yr,D,gas,9090.66,1870.35,1
2851,ES,suburban,4,<35,1,house,20-50yr,C,electric,15019.69,499.8,0
2852,ES,rural,7,35-65,5,apartment,<20yr,D,gas,30199.75,1108.68,0
2853,PT,suburban,3,>65,1,apartment,>50yr,E,electric,12950.71,2221.71,1
2854,IT,suburban,9,35-65,3,apartment,20-50yr,D,district,40965.73,605.0,0
2855,PT,urban,10,<35,2,apartment,20-50yr,D,electric,65318.7,558.3,0
2856,LV,suburban,2,35-65,1,apartment,>50yr,E,gas,12081.89,2243.65,1
2857,PT,urban,3,<35,7,apartment,20-50yr,C,gas,12571.41,1537.75,1
2858,ES,urban,1,35-65,2,other,20-50yr,A,district,8273.6,742.89,0
2859,PT,rural,8,35-65,3,apartment,20-50yr,C,gas,32142.01,653.71,0
2860,ES,suburban,9,35-65,2,house,<20yr,F,gas,39984.34,805.48,0
2861,ES,suburban,7,>65,1,apartment,>50yr,C,electric,37791.14,588.98,0
2862,ES,urban,2,35-65,2,apartment,20-50yr,A,electric,16117.9,588.9,0
2863,IT,urban,2,35-65,1,other,<20yr,D,gas,14364.33,1221.86,0
2864,IT,suburban,1,>65,1,apartment,20-50yr,E,electric,8339.89,2439.09,1
2865,ES,suburban,5,35-65,4,apartment,20-50yr,F,electric,21587.54,1529.45,0
2866,IT,suburban,8,>65,3,house,20-50yr,D,gas,41947.88,764.43,0
2867,ES,urban,2,>65,1,apartment,>50yr,E,electric,11168.79,2020.31,1
2868,ES,urban,9,35-65,2,apartment,>50yr,F,oil,34720.19,872.84,0
2869,LV,suburban,3,35-65,4,other,20-50yr,G,gas,18391.7,4012.65,1
2870,IT,suburban,6,35-65,2,apartment,>50yr,E,district,20920.15,702.65,0
2871,ES,urban,7,>65,1,house,>50yr,E,gas,35958.75,913.67,0
2872,ES,urban,6,<35,1,apartment,<20yr,B,electric,28017.98,408.1,0
2873,IT,urban,5,>65,2,apartment,<20yr,D,oil,27757.15,1071.82,0
2874,IT,urban,4,35-65,1,apartment,20-50yr,G,electric,19917.11,1189.26,0
2875,IT,suburban,5,35-65,2,house,<20yr,C,gas,19227.58,597.39,0
2876,IT,urban,3,35-65,1,apartment,20-50yr,D,electric,16475.22,1155.74,0
2877,IT,suburban,3,>65,3,house,20-50yr,E,district,13257.38,1508.89,1
2878,ES,suburban,8,<35,2,house,>50yr,G,electric,31090.34,953.41,0
2879,ES,rural,9,35-65,4,house,20-50yr,B,gas,32670.57,485.42,0
2880,IT,rural,9,>65,3,apartment,20-50yr,G,gas,42209.75,1126.85,0
2881,IT,urban,4,35-65,1,house,>50yr,C,electric,13584.2,473.72,0
2882,IT,urban,4,35-65,4,house,20-50yr,G,gas,21708.1,1512.37,0
2883,ES,urban,1,>65,4,apartment,<20yr,G,wood,6320.54,2777.33,1
2884,IT,suburban,3,>65,2,house,<20yr,F,district,13224.18,1569.83,1
2885,ES,urban,6,<35,3,apartment,20-50yr,G,district,23766.59,799.84,0
2886,IT,urban,3,35-65,2,other,20-50yr,G,gas,14365.27,1527.51,1
2887,IT,urban,8,<35,1,other,20-50yr,G,electric,31608.42,862.02,0
2888,LV,urban,1,<35,3,apartment,>50yr,E,gas,9484.48,2764.43,1
2889,IT,suburban,5,35-65,2,apartment,20-50yr,D,gas,21520.08,850.69,0
2890,IT,suburban,3,<35,3,apartment,>50yr,B,electric,13962.92,782.48,0
2891,IT,suburban,5,35-65,1,apartment,>50yr,C,gas,19048.35,605.22,0
2892,LV,rural,1,35-65,3,house,20-50yr,E,gas,8687.55,3007.55,1
2893,ES,urban,5,>65,2,apartment,<20yr,B,wood,25896.71,454.8,0
2894,ES,urban,8,35-65,3,house,20-50yr,G,wood,53934.21,770.78,0
2895,LV,urban,9,<35,1,other,20-50yr,C,district,37338.76,433.95,0
2896,IT,suburban,3,>65,5,other,20-50yr,B,gas,13716.28,1346.33,0
2897,LV,suburban,5,>65,3,apartment,20-50yr,C,wood,15775.55,919.67,0
2898,IT,urban,7,35-65,4,other,20-50yr,A,gas,33220.68,295.91,0
2899,ES,rural,5,>65,1,apartment,20-50yr,C,gas,17111.22,648.36,0
2900,ES,urban,6,35-65,1,apartment,20-50yr,E,electric,26054.56,824.34,0
2901,ES,urban,4,35-65,2,apartment,20-50yr,C,electric,21061.21,687.04,0
2902,LV,suburban,9,35-65,1,house,>50yr,F,electric,40423.27,1282.75,0
2903,IT,rural,7,<35,2,apartment,20-50yr,D,wood,26085.43,392.05,0
2904,LV,suburban,10,35-65,1,apartment,>50yr,F,gas,67023.93,933.07,0
2905,ES,rural,8,35-65,2,apartment,20-50yr,F,district,40049.76,783.29,0
2906,ES,urban,4,>65,2,other,20-50yr,B,gas,14771.99,527.27,0
2907,LV,suburban,4,<35,2,house,>50yr,B,oil,17870.66,506.65,0
2908,IT,rural,1,<35,1,house,>50yr,F,district,7038.43,1648.44,1
2909,LV,suburban,7,35-65,1,house,>50yr,F,electric,35173.13,1171.7,0
2910,ES,urban,8,<35,5,apartment,>50yr,C,wood,36670.1,589.25,0
2911,PT,rural,4,>65,5,apartment,20-50yr,E,oil,22006.87,2175.19,0
2912,IT,urban,1,35-65,3,apartment,>50yr,D,gas,6956.72,1813.81,1
2913,ES,urban,9,35-65,1,apartment,>50yr,B,oil,44489.98,309.74,0
2914,PT,rural,3,35-65,1,other,>50yr,C,oil,13974.3,1134.78,0
2915,ES,rural,6,<35,2,apartment,>50yr,F,gas,25973.59,871.61,0
2916,IT,rural,1,<35,3,house,>50yr,D,electric,7348.47,1682.15,1
2917,IT,rural,1,35-65,2,house,20-50yr,E,gas,5707.56,2534.21,1
2918,LV,urban,9,>65,1,other,20-50yr,B,gas,47610.87,508.85,0
2919,IT,rural,7,35-65,3,apartment,20-50yr,B,district,30242.26,357.68,0
2920,PT,urban,1,<35,1,other,20-50yr,C,district,7062.15,1171.77,1
2921,LV,suburban,2,35-65,1,house,20-50yr,D,oil,10202.41,1871.36,1
2922,IT,urban,5,<35,2,apartment,>50yr,F,gas,17621.7,1007.79,0
2923,IT,rural,7,35-65,2,house,20-50yr,F,gas,22701.87,867.37,0
2924,PT,suburban,5,<35,1,apartment,20-50yr,C,gas,24540.64,591.39,0
2925,IT,rural,9,35-65,1,house,<20yr,B,gas,46849.35,303.06,0
2926,ES,urban,7,35-65,7,house,20-50yr,C,wood,24495.77,645.81,0
2927,PT,urban,7,>65,3,house,20-50yr,G,electric,43811.95,2286.62,0
2928,ES,urban,3,35-65,3,house,20-50yr,E,electric,11822.86,1884.8,1
2929,ES,urban,7,<35,1,house,<20yr,F,gas,33394.27,763.76,0
2930,PT,suburban,9,35-65,1,apartment,20-50yr,D,district,43024.12,566.35,0
2931,ES,urban,1,35-65,1,apartment,20-50yr,E,gas,6619.35,1710.72,1
2932,IT,suburban,8,35-65,2,house,20-50yr,E,gas,37938.66,676.23,0
2933,ES,urban,9,>65,2,house,20-50yr,E,gas,41826.65,891.96,0
2934,LV,urban,5,>65,4,house,>50yr,D,gas,19086.42,1774.77,0
2935,PT,suburban,8,<35,3,apartment,>50yr,C,electric,43877.06,797.03,0
2936,ES,urban,4,35-65,2,apartment,>50yr,D,electric,19216.79,861.39,0
2937,IT,urban,2,35-65,2,house,<20yr,G,electric,12253.06,2937.08,1
2938,IT,urban,9,35-65,1,house,20-50yr,C,gas,41633.68,413.93,0
2939,IT,urban,4,>65,3,apartment,<20yr,F,district,18449.25,1193.27,0
2940,IT,suburban,8,35-65,3,apartment,20-50yr,G,oil,35855.15,996.74,0
2941,LV,urban,4,35-65,2,house,<20yr,E,wood,18860.74,1133.7,0
2942,IT,urban,4,>65,2,house,20-50yr,D,gas,15126.85,991.76,0
2943,PT,suburban,7,35-65,1,apartment,20-50yr,B,district,21011.53,378.0,0
2944,IT,suburban,4,35-65,1,apartment,20-50yr,F,oil,21447.77,831.69,0
2945,IT,suburban,9,>65,1,apartment,20-50yr,G,electric,42904.97,1033.96,0
2946,ES,urban,1,35-65,3,apartment,20-50yr,G,gas,8716.35,2950.71,1
2947,IT,rural,1,35-65,2,apartment,>50yr,C,gas,7219.41,1322.82,1
2948,PT,urban,1,35-65,4,apartment,20-50yr,G,wood,7735.95,4040.61,1
2949,LV,urban,3,>65,1,house,20-50yr,D,gas,17586.01,1863.83,1
2950,LV,rural,1,35-65,1,apartment,20-50yr,E,oil,8448.77,2069.13,1
2951,IT,suburban,4,35-65,3,house,<20yr,C,oil,24359.14,519.16,0
2952,PT,suburban,1,35-65,2,apartment,<20yr,C,wood,9144.75,1485.06,1
2953,IT,rural,8,>65,3,apartment,20-50yr,E,gas,32566.9,920.43,0
2954,LV,urban,2,<35,3,apartment,20-50yr,D,district,11753.37,1814.26,1
2955,ES,rural,10,<35,2,apartment,<20yr,G,gas,70787.26,682.52,0
2956,IT,suburban,9,>65,3,house,20-50yr,C,wood,44444.49,478.85,0
2957,IT,urban,7,35-65,3,other,>50yr,G,electric,33049.62,1173.0,0
2958,IT,urban,8,35-65,1,house,<20yr,D,gas,44497.61,483.99,0
2959,IT,urban,8,35-65,3,house,20-50yr,B,gas,25322.74,439.97,0
2960,LV,rural,9,35-65,2,house,>50yr,C,wood,47769.83,598.34,0
2961,PT,urban,6,35-65,7,house,20-50yr,F,electric,30596.87,2234.09,0
2962,LV,urban,7,35-65,2,house,>50yr,F,gas,26737.46,1596.35,0
2963,IT,suburban,5,35-65,2,house,<20yr,A,gas,24564.84,242.87,0
2964,ES,suburban,7,<35,5,apartment,>50yr,D,oil,29976.63,689.52,0
2965,IT,urban,4,>65,3,apartment,<20yr,D,gas,13577.12,977.76,0
2966,ES,rural,2,<35,3,house,20-50yr,E,gas,12385.02,1778.8,1
2967,IT,suburban,10,>65,1,house,>50yr,E,oil,54921.26,569.82,0
2968,IT,rural,7,<35,3,apartment,20-50yr,F,gas,29667.25,875.86,0
2969,ES,urban,8,<35,2,other,20-50yr,C,gas,39663.67,362.36,0
2970,IT,urban,3,<35,3,apartment,>50yr,B,electric,12142.1,783.51,0
2971,ES,suburban,8,<35,2,house,>50yr,C,electric,40418.59,516.84,0
2972,PT,urban,6,35-65,2,other,20-50yr,G,electric,21802.77,1374.87,0
2973,IT,suburban,1,35-65,2,apartment,<20yr,E,gas,10037.96,1855.18,1
2974,LV,urban,10,>65,4,other,20-50yr,C,electric,65247.65,1159.18,0
2975,ES,suburban,10,35-65,2,house,>50yr,F,gas,69269.29,866.73,0
2976,PT,rural,9,35-65,1,house,<20yr,E,electric,46101.1,741.56,0
2977,PT,rural,5,35-65,1,other,20-50yr,D,gas,19706.84,852.3,0
2978,PT,rural,3,>65,4,house,<20yr,A,gas,12565.15,1014.6,0
2979,PT,rural,1,<35,3,apartment,<20yr,F,electric,7116.06,3107.31,1
2980,LV,urban,8,35-65,2,house,20-50yr,F,gas,35079.96,1413.85,0
2981,ES,urban,9,<35,4,apartment,20-50yr,C,district,38793.5,408.71,0
2982,IT,rural,2,<35,1,apartment,<20yr,C,district,11549.29,722.87,0
2983,IT,rural,7,35-65,4,apartment,<20yr,C,gas,26586.15,567.23,0
2984,ES,rural,1,<35,5,apartment,<20yr,E,oil,7287.16,2241.6,1
2985,IT,suburban,8,<35,2,house,<20yr,C,electric,34000.87,424.67,0
2986,IT,urban,1,>65,2,other,<20yr,D,gas,7120.78,2187.48,1
2987,IT,rural,10,<35,3,other,>50yr,D,gas,52248.09,465.49,0
2988,ES,rural,2,35-65,3,apartment,<20yr,G,district,12006.77,2300.82,1
2989,IT,suburban,5,35-65,3,house,20-50yr,D,gas,18392.39,789.21,0
2990,ES,rural,7,>65,4,house,20-50yr,D,electric,25043.98,1016.99,0
2991,PT,suburban,9,35-65,2,apartment,>50yr,D,electric,41865.68,892.42,0
2992,PT,rural,4,<35,1,house,20-50yr,F,gas,14751.16,1107.02,0
2993,IT,urban,10,>65,1,apartment,>50yr,G,electric,67210.17,1070.96,0
2994,ES,rural,1,35-65,1,other,20-50yr,G,district,7204.04,1967.17,1
2995,ES,urban,5,35-65,1,apartment,<20yr,D,gas,21152.04,762.49,0
2996,ES,urban,10,35-65,2,house,<20yr,D,gas,58875.88,450.01,0
2997,PT,urban,3,35-65,4,house,<20yr,D,gas,11585.35,2057.92,1
2998,IT,suburban,6,35-65,2,house,>50yr,F,wood,22024.79,749.24,0
2999,LV,urban,5,35-65,3,apartment,20-50yr,E,electric,19106.35,1637.68,0
3000,IT,rural,4,<35,4,apartment,>50yr,D,electric,19679.43,819.83,0
3001,PT,suburban,8,35-65,2,other,>50yr,E,wood,47382.39,757.0,0
3002,ES,rural,6,>65,1,apartment,>50yr,C,district,33025.03,597.5,0
3003,IT,urban,8,35-65,4,apartment,20-50yr,E,gas,43576.37,860.04,0
3004,PT,urban,6,>65,2,other,>50yr,C,wood,20756.83,719.08,0
3005,IT,suburban,10,<35,1,house,20-50yr,D,gas,48224.51,397.45,0
3006,PT,suburban,5,35-65,1,house,<20yr,B,gas,25858.57,616.75,0
3007,ES,suburban,8,>65,1,apartment,20-50yr,C,gas,45256.76,469.03,0
3008,IT,rural,7,35-65,2,apartment,>50yr,C,gas,33803.17,567.51,0
3009,IT,rural,9,<35,2,house,>50yr,F,wood,48524.55,547.68,0
3010,PT,suburban,9,35-65,5,apartment,20-50yr,E,electric,40319.72,1333.37,0
3011,IT,rural,3,<35,4,apartment,>50yr,E,electric,18110.25,1416.43,0
3012,LV,suburban,4,35-65,6,apartment,20-50yr,D,gas,15682.48,1782.46,1
3013,PT,suburban,4,>65,2,house,20-50yr,G,gas,13744.25,1745.46,1
3014,PT,urban,5,35-65,5,apartment,20-50yr,G,district,23682.04,2065.79,0
3015,IT,urban,5,<35,2,house,<20yr,E,wood,19242.19,538.22,0
3016,PT,urban,1,35-65,5,apartment,20-50yr,E,electric,6584.09,4385.25,1
3017,LV,suburban,9,35-65,1,apartment,>50yr,F,gas,49052.97,956.04,0
3018,IT,suburban,9,35-65,1,other,>50yr,F,gas,32686.36,623.22,0
3019,IT,urban,7,<35,3,other,20-50yr,C,district,32115.75,419.58,0
3020,IT,suburban,4,35-65,4,house,<20yr,E,gas,16366.03,998.08,0
3021,ES,urban,9,<35,5,other,<20yr,C,gas,54674.88,513.79,0
3022,PT,urban,3,35-65,4,apartment,>50yr,F,oil,14994.02,3008.53,1
3023,ES,rural,4,35-65,3,apartment,20-50yr,E,district,20558.54,878.36,0
3024,ES,urban,10,<35,5,apartment,20-50yr,G,gas,46743.56,999.22,0
3025,IT,urban,10,35-65,2,apartment,<20yr,B,wood,42658.37,288.74,0
3026,IT,suburban,6,35-65,1,house,<20yr,E,gas,23677.67,720.55,0
3027,IT,urban,2,35-65,4,house,>50yr,F,oil,12057.1,2533.31,1
3028,LV,suburban,2,35-65,2,apartment,20-50yr,G,gas,11118.25,3533.19,1
3029,ES,rural,10,35-65,4,apartment,20-50yr,G,wood,65362.47,936.19,0
3030,ES,suburban,3,35-65,1,other,20-50yr,C,oil,15195.83,830.57,0
3031,PT,suburban,7,>65,1,house,20-50yr,G,district,25630.5,1408.55,0
3032,IT,urban,4,>65,1,apartment,<20yr,G,electric,18763.2,1717.2,0
3033,IT,suburban,5,<35,2,apartment,<20yr,G,wood,21548.66,732.83,0
3034,IT,urban,10,>65,2,apartment,>50yr,E,electric,66550.22,882.61,0
3035,LV,urban,6,35-65,1,apartment,20-50yr,F,electric,21757.78,1265.44,0
3036,PT,rural,5,<35,2,apartment,20-50yr,B,gas,19011.34,525.13,0
3037,ES,urban,5,35-65,2,apartment,20-50yr,C,wood,22288.22,397.96,0
3038,IT,suburban,3,<35,4,apartment,20-50yr,B,electric,17307.25,780.47,0
3039,IT,urban,6,35-65,3,apartment,20-50yr,E,electric,24263.54,1069.7,0
3040,ES,rural,6,>65,1,apartment,>50yr,G,oil,27340.13,1157.92,0
3041,ES,urban,1,35-65,2,apartment,20-50yr,E,wood,8042.38,1365.75,1
3042,LV,urban,5,35-65,4,apartment,>50yr,D,electric,20866.73,1299.74,0
3043,PT,rural,7,<35,1,house,20-50yr,F,electric,35658.24,902.37,0
3044,ES,suburban,1,35-65,3,house,<20yr,E,electric,8132.93,2920.93,1
3045,PT,rural,10,>65,2,apartment,<20yr,D,electric,51467.44,1017.66,0
3046,LV,urban,9,<35,1,apartment,20-50yr,E,electric,39882.88,898.85,0
3047,ES,suburban,7,35-65,2,house,20-50yr,E,wood,28649.46,557.96,0
3048,ES,rural,1,35-65,3,apartment,>50yr,E,wood,7211.2,1815.49,1
3049,LV,suburban,6,35-65,6,house,<20yr,F,electric,24123.54,2570.5,1
3050,IT,suburban,9,35-65,5,other,20-50yr,D,gas,43381.23,801.28,0
3051,LV,urban,1,35-65,5,apartment,<20yr,D,gas,8351.6,3063.83,1
3052,IT,suburban,8,35-65,1,apartment,20-50yr,E,wood,31054.3,541.0,0
3053,ES,rural,9,35-65,3,apartment,20-50yr,G,district,40371.14,816.11,0
3054,PT,suburban,1,35-65,3,house,<20yr,D,gas,7566.22,2191.54,1
3055,ES,rural,3,35-65,1,apartment,20-50yr,F,district,12485.35,1147.87,0
3056,ES,suburban,8,35-65,2,house,20-50yr,E,gas,33003.3,734.06,0
3057,ES,suburban,10,>65,5,apartment,>50yr,A,district,62956.43,346.02,0
3058,IT,urban,8,<35,3,house,>50yr,D,district,44173.14,452.38,0
3059,IT,suburban,6,<35,1,house,<20yr,C,electric,23853.31,434.36,0
3060,IT,rural,7,>65,4,apartment,<20yr,C,district,26965.18,629.81,0
3061,ES,suburban,6,<35,3,other,20-50yr,C,electric,24697.1,545.19,0
3062,ES,urban,6,>65,3,house,20-50yr,F,gas,25318.11,1218.78,0
3063,IT,suburban,8,35-65,2,apartment,20-50yr,E,wood,39938.07,636.96,0
3064,LV,suburban,1,>65,2,other,20-50yr,E,gas,7538.21,3384.03,1
3065,ES,rural,3,35-65,2,house,20-50yr,D,gas,12906.78,1206.75,0
3066,ES,urban,1,>65,2,apartment,20-50yr,D,gas,11555.74,2017.65,1
3067,ES,urban,8,35-65,3,house,<20yr,G,electric,29650.59,1248.46,0
3068,IT,urban,8,35-65,1,house,20-50yr,G,oil,41210.26,1015.75,0
3069,PT,urban,1,35-65,4,house,20-50yr,F,wood,10003.14,3886.67,1
3070,ES,rural,2,<35,5,other,20-50yr,C,wood,10589.07,1042.6,0
3071,IT,urban,3,35-65,6,apartment,>50yr,G,wood,14955.0,2259.62,1
3072,LV,suburban,3,>65,2,apartment,20-50yr,F,oil,10886.61,3218.41,1
3073,PT,urban,6,35-65,4,apartment,<20yr,B,district,25093.46,657.92,0
3074,PT,urban,5,35-65,3,house,>50yr,D,gas,24989.3,1098.92,0
3075,LV,rural,4,35-65,1,apartment,20-50yr,D,oil,17819.17,1036.67,0
3076,LV,suburban,2,35-65,1,apartment,<20yr,F,gas,11063.25,2708.22,1
3077,IT,urban,7,>65,4,apartment,>50yr,E,gas,38913.23,1072.2,0
3078,ES,urban,8,<35,7,house,20-50yr,C,gas,40706.25,730.59,0
3079,ES,rural,7,35-65,2,apartment,>50yr,C,gas,33362.58,533.31,0
3080,IT,rural,9,35-65,2,apartment,>50yr,D,district,38077.15,511.46,0
3081,IT,urban,10,<35,1,apartment,20-50yr,E,electric,38114.77,446.77,0
3082,IT,suburban,9,<35,2,apartment,<20yr,E,district,45474.8,467.2,0
3083,PT,urban,7,35-65,1,apartment,20-50yr,C,electric,30024.93,625.17,0
3084,PT,suburban,1,<35,4,apartment,<20yr,E,oil,8969.43,2683.8,1
3085,PT,urban,4,>65,1,house,20-50yr,G,gas,17830.36,2078.83,1
3086,IT,rural,5,35-65,2,apartment,>50yr,C,district,21140.26,541.88,0
3087,IT,rural,8,<35,4,apartment,<20yr,E,gas,36165.99,717.67,0
3088,ES,urban,9,35-65,2,house,>50yr,D,oil,36406.41,499.3,0
3089,ES,suburban,7,<35,1,apartment,20-50yr,C,district,22747.21,405.21,0
3090,LV,urban,4,35-65,4,apartment,<20yr,G,wood,15323.03,1775.41,1
3091,LV,urban,8,35-65,1,apartment,>50yr,G,wood,30512.12,726.51,0
3092,LV,urban,7,<35,3,apartment,20-50yr,D,gas,29794.61,979.38,0
3093,LV,urban,8,35-65,4,apartment,20-50yr,D,electric,28178.67,1227.29,0
3094,LV,rural,6,35-65,3,other,20-50yr,B,gas,23277.6,531.96,0
3095,ES,urban,7,35-65,3,apartment,<20yr,E,gas,40069.52,932.91,0
3096,IT,rural,4,<35,1,house,<20yr,A,gas,17305.33,223.35,0
3097,IT,urban,4,<35,5,other,20-50yr,D,wood,17626.65,582.47,0
3098,ES,suburban,3,35-65,3,apartment,>50yr,C,district,14032.59,1213.97,0
3099,IT,suburban,3,35-65,5,house,20-50yr,E,oil,14452.23,1862.0,1
3100,IT,rural,7,35-65,3,apartment,>50yr,G,wood,27722.12,843.91,0
3101,LV,urban,4,35-65,1,house,>50yr,B,electric,17071.82,596.21,0
3102,IT,urban,2,<35,2,other,<20yr,F,gas,10141.12,1625.18,1
3103,LV,suburban,1,35-65,1,apartment,>50yr,F,oil,6394.91,2813.4,1
3104,PT,suburban,9,<35,3,other,>50yr,C,gas,51272.17,586.4,0
3105,ES,suburban,5,35-65,4,apartment,20-50yr,G,electric,18397.19,1543.0,0
3106,PT,urban,6,35-65,1,house,20-50yr,E,district,31784.09,809.8,0
3107,IT,urban,10,<35,2,apartment,>50yr,E,gas,49039.08,531.44,0
3108,ES,rural,2,35-65,2,apartment,>50yr,E,gas,8972.02,1687.84,1
3109,IT,suburban,10,<35,2,apartment,>50yr,C,gas,73531.78,344.7,0
3110,LV,suburban,8,35-65,6,other,20-50yr,A,oil,28834.48,554.03,0
3111,IT,urban,7,<35,2,house,>50yr,D,gas,21359.66,504.3,0
3112,IT,urban,5,35-65,1,house,20-50yr,F,electric,16904.25,936.12,0
3113,PT,rural,8,35-65,5,apartment,>50yr,G,gas,35263.13,1536.92,0
3114,PT,suburban,3,<35,5,apartment,20-50yr,D,wood,11454.6,1574.82,1
3115,ES,urban,4,35-65,3,apartment,>50yr,C,wood,16083.75,462.14,0
3116,ES,rural,10,35-65,1,apartment,>50yr,B,gas,40541.17,264.38,0
3117,IT,suburban,3,>65,5,apartment,20-50yr,G,wood,16480.5,2672.43,1
3118,PT,urban,8,<35,2,other,>50yr,C,gas,38340.23,520.88,0
3119,IT,urban,10,<35,2,house,20-50yr,G,gas,45488.29,758.06,0
3120,IT,suburban,6,35-65,4,apartment,20-50yr,C,electric,17664.33,692.17,0
3121,IT,urban,3,>65,1,apartment,<20yr,A,gas,12225.11,484.7,0
3122,IT,suburban,9,35-65,1,house,20-50yr,C,district,47404.96,345.67,0
3123,IT,suburban,9,35-65,3,house,20-50yr,D,wood,50537.11,427.11,0
3124,ES,urban,6,35-65,2,house,20-50yr,D,wood,24131.92,510.13,0
3125,IT,rural,2,<35,7,apartment,20-50yr,G,gas,10202.96,3210.24,1
3126,IT,urban,5,35-65,4,apartment,<20yr,E,oil,19254.33,940.3,0
3127,ES,urban,5,35-65,1,apartment,20-50yr,B,electric,21980.93,427.57,0
3128,IT,suburban,2,35-65,4,other,>50yr,E,gas,12555.05,2056.95,1
3129,PT,suburban,5,35-65,4,house,<20yr,D,wood,20553.9,771.82,0
3130,LV,urban,2,35-65,1,other,20-50yr,E,wood,10400.09,1517.04,1
3131,ES,suburban,7,35-65,2,apartment,<20yr,F,district,33727.34,856.19,0
3132,LV,rural,5,35-65,1,apartment,>50yr,G,district,26276.58,1276.23,0
3133,IT,rural,8,<35,3,apartment,20-50yr,E,gas,34485.06,646.57,0
3134,IT,rural,5,>65,1,other,>50yr,D,wood,21269.22,654.67,0
3135,PT,urban,8,35-65,4,apartment,>50yr,D,district,32162.53,779.04,0
3136,PT,urban,8,>65,4,house,>50yr,D,oil,36436.26,1066.41,0
3137,PT,suburban,2,35-65,1,apartment,20-50yr,D,gas,9572.69,1584.72,1
3138,IT,urban,5,<35,2,apartment,20-50yr,A,electric,25992.34,267.88,0
3139,PT,suburban,8,35-65,4,apartment,<20yr,C,gas,41117.72,733.48,0
3140,ES,urban,6,35-65,3,apartment,20-50yr,G,gas,32441.21,1155.7,0
3141,IT,urban,3,<35,3,house,20-50yr,G,district,12872.03,1879.04,1
3142,IT,urban,9,35-65,4,other,20-50yr,A,district,58659.81,241.53,0
3143,LV,urban,2,35-65,1,house,<20yr,G,district,11411.02,2839.34,1
3144,IT,urban,10,<35,5,apartment,20-50yr,F,gas,53907.21,675.67,0
3145,PT,suburban,8,>65,1,house,20-50yr,A,electric,43477.06,334.21,0
3146,ES,suburban,4,<35,7,apartment,20-50yr,G,electric,15016.1,1898.73,1
3147,PT,urban,2,35-65,3,house,20-50yr,G,electric,11055.42,3525.55,1
3148,PT,urban,10,35-65,2,house,20-50yr,E,electric,53724.82,864.09,0
3149,LV,rural,6,35-65,1,apartment,20-50yr,F,district,26615.93,1002.31,0
3150,IT,urban,9,<35,1,apartment,20-50yr,D,wood,40231.4,364.3,0
3151,IT,suburban,9,35-65,2,apartment,>50yr,E,wood,39657.84,560.38,0
3152,ES,suburban,1,35-65,2,apartment,>50yr,F,gas,7555.93,2354.66,1
3153,ES,suburban,7,>65,6,other,20-50yr,E,electric,28720.9,1597.68,0
3154,IT,rural,4,35-65,1,house,20-50yr,D,electric,17707.69,691.39,0
3155,IT,suburban,10,<35,5,apartment,20-50yr,E,oil,66721.93,615.73,0
3156,IT,rural,3,35-65,3,apartment,>50yr,F,wood,10130.83,1378.14,1
3157,IT,rural,1,<35,4,house,<20yr,F,gas,8974.64,2517.94,1
3158,IT,urban,7,35-65,3,apartment,20-50yr,B,gas,27948.56,397.12,0
3159,LV,urban,6,35-65,3,apartment,20-50yr,D,wood,24338.05,879.84,0
3160,IT,urban,6,35-65,1,house,>50yr,A,electric,21239.62,245.82,0
3161,LV,urban,3,>65,3,apartment,<20yr,E,electric,14097.26,3523.63,1
3162,LV,suburban,5,35-65,4,apartment,>50yr,C,wood,19802.65,761.44,0
3163,IT,urban,10,>65,1,apartment,20-50yr,G,oil,53175.17,1004.03,0
3164,PT,urban,8,35-65,3,apartment,>50yr,E,oil,39290.7,930.07,0
3165,ES,urban,10,<35,4,other,>50yr,D,gas,60499.65,528.47,0
3166,PT,suburban,4,35-65,3,house,20-50yr,F,electric,21654.15,2032.13,0
3167,IT,suburban,9,35-65,5,other,20-50yr,C,electric,39344.57,576.62,0
3168,IT,rural,4,>65,3,other,>50yr,B,electric,19386.05,665.76,0
3169,IT,urban,10,<35,1,apartment,>50yr,B,electric,60482.77,281.56,0
3170,ES,urban,9,35-65,1,apartment,20-50yr,E,gas,43569.85,527.55,0
3171,LV,rural,2,>65,5,house,<20yr,G,gas,14164.1,5685.31,1
3172,PT,suburban,10,<35,2,apartment,>50yr,C,electric,49978.43,436.34,0
3173,PT,suburban,7,35-65,4,other,<20yr,F,electric,30686.95,1560.8,0
3174,LV,suburban,8,35-65,1,apartment,>50yr,A,gas,37684.95,381.27,0
3175,PT,urban,6,<35,2,apartment,20-50yr,D,wood,20888.42,470.23,0
3176,IT,rural,3,<35,1,house,20-50yr,E,gas,16925.12,1049.58,0
3177,LV,suburban,10,>65,2,other,>50yr,F,electric,54127.54,1407.98,0
3178,ES,suburban,2,<35,1,house,20-50yr,G,oil,11745.68,1518.19,1
3179,IT,suburban,9,35-65,1,house,20-50yr,E,oil,54497.8,475.44,0
3180,ES,urban,3,35-65,1,apartment,20-50yr,D,gas,14458.89,1221.53,0
3181,LV,urban,8,35-65,2,house,20-50yr,B,gas,36218.59,535.36,0
3182,IT,suburban,5,35-65,3,house,<20yr,C,gas,21210.24,511.17,0
3183,ES,suburban,3,<35,3,apartment,20-50yr,G,gas,12041.01,1693.31,1
3184,IT,urban,3,>65,2,house,20-50yr,E,gas,13223.18,1656.17,1
3185,IT,urban,4,<35,6,apartment,20-50yr,D,electric,17106.96,841.39,0
3186,IT,rural,10,35-65,2,apartment,20-50yr,C,electric,55816.12,453.02,0
3187,PT,urban,8,>65,2,other,>50yr,B,gas,44270.35,598.27,0
3188,LV,urban,7,35-65,3,apartment,>50yr,F,oil,34486.48,1407.04,0
3189,IT,suburban,7,35-65,1,house,20-50yr,D,gas,27468.86,674.15,0
3190,IT,rural,5,>65,1,apartment,>50yr,G,district,20926.18,1008.58,0
3191,IT,suburban,10,<35,3,other,20-50yr,D,electric,67860.19,505.65,0
3192,IT,rural,3,<35,2,apartment,20-50yr,F,electric,10809.88,1448.43,1
3193,ES,urban,10,35-65,1,apartment,20-50yr,B,gas,53154.9,312.91,0
3194,PT,rural,4,35-65,3,house,>50yr,C,electric,14386.32,1023.93,0
3195,ES,rural,4,>65,4,house,20-50yr,C,electric,25247.28,923.94,0
3196,ES,suburban,5,35-65,1,apartment,20-50yr,C,district,23579.24,540.6,0
3197,ES,suburban,8,>65,3,apartment,>50yr,G,gas,33417.56,1249.26,0
3198,IT,urban,8,<35,1,apartment,>50yr,F,electric,35807.31,739.08,0
3199,IT,urban,8,35-65,2,other,>50yr,D,wood,31825.07,505.09,0
3200,LV,urban,1,<35,1,house,>50yr,E,electric,10784.88,2496.7,1
3201,PT,urban,2,>65,1,other,20-50yr,E,electric,7798.34,2620.88,1
3202,LV,rural,9,>65,4,other,<20yr,E,district,45164.77,1311.78,0
3203,LV,urban,10,35-65,3,apartment,>50yr,B,gas,54415.93,535.46,0
3204,ES,suburban,2,>65,2,house,20-50yr,D,gas,9427.03,1926.33,1
3205,LV,urban,10,35-65,1,house,<20yr,B,district,52965.46,394.43,0
3206,ES,urban,3,<35,7,house,>50yr,G,gas,10978.61,2796.31,1
3207,IT,urban,10,35-65,2,house,<20yr,D,wood,69602.92,422.46,0
3208,IT,urban,10,>65,2,apartment,<20yr,F,gas,55211.77,1028.6,0
3209,IT,suburban,7,35-65,4,other,20-50yr,G,gas,34413.73,1141.17,0
3210,IT,rural,2,<35,1,house,>50yr,D,gas,10228.79,1050.97,1
3211,ES,urban,8,>65,1,house,>50yr,B,wood,44044.79,310.49,0
3212,PT,rural,2,35-65,5,apartment,<20yr,D,gas,11057.52,3144.01,1
3213,PT,suburban,4,35-65,4,apartment,20-50yr,E,gas,20555.73,1538.83,0
3214,ES,suburban,7,35-65,2,house,>50yr,D,gas,32665.25,723.83,0
3215,IT,urban,1,35-65,1,house,20-50yr,B,gas,7959.74,894.4,1
3216,PT,urban,4,35-65,5,apartment,20-50yr,B,gas,20331.13,773.22,0
3217,ES,rural,8,<35,1,apartment,20-50yr,E,district,67446.03,656.11,0
3218,IT,suburban,1,>65,2,house,20-50yr,F,oil,6751.5,3010.93,1
3219,IT,urban,4,35-65,3,other,<20yr,B,gas,17185.55,470.66,0
3220,IT,rural,1,35-65,3,apartment,>50yr,F,gas,6588.93,2427.85,1
3221,IT,urban,7,>65,3,apartment,20-50yr,D,gas,31925.48,879.94,0
3222,PT,suburban,1,<35,4,apartment,>50yr,B,gas,8275.57,1262.76,1
3223,PT,urban,3,>65,3,apartment,20-50yr,D,gas,18736.15,2086.2,1
3224,PT,rural,6,35-65,5,apartment,20-50yr,F,district,24055.95,1262.46,0
3225,IT,urban,3,>65,2,apartment,>50yr,E,gas,16148.63,1376.92,0
3226,PT,urban,3,<35,2,house,<20yr,D,electric,10248.25,1771.96,1
3227,PT,suburban,9,35-65,4,apartment,20-50yr,C,oil,43990.2,643.73,0
3228,IT,urban,8,35-65,1,apartment,20-50yr,D,gas,31596.54,502.88,0
3229,ES,rural,1,>65,5,other,>50yr,D,wood,8743.26,2272.84,1
3230,ES,suburban,9,>65,2,apartment,>50yr,D,oil,51105.83,734.73,0
3231,ES,urban,5,35-65,4,house,20-50yr,D,gas,19192.72,965.56,0
3232,IT,urban,2,35-65,2,apartment,>50yr,D,wood,11929.1,1228.19,1
3233,ES,rural,10,<35,1,house,20-50yr,B,gas,52132.88,258.64,0
3234,IT,suburban,4,35-65,4,house,<20yr,C,gas,17624.63,693.95,0
3235,IT,rural,4,>65,1,apartment,20-50yr,B,oil,18613.76,523.94,0
3236,IT,urban,2,35-65,3,house,>50yr,E,oil,9462.13,1723.41,1
3237,LV,rural,9,35-65,1,house,20-50yr,D,gas,37015.57,808.22,0
3238,IT,suburban,3,>65,2,apartment,20-50yr,E,gas,15945.02,1499.91,0
3239,ES,suburban,6,<35,6,house,>50yr,B,wood,22584.66,464.87,0
3240,IT,urban,3,35-65,2,apartment,<20yr,D,oil,16962.59,1013.57,0
3241,LV,urban,9,35-65,4,apartment,<20yr,C,electric,32948.25,763.03,0
3242,ES,rural,8,35-65,5,other,<20yr,B,electric,41422.36,475.73,0
3243,LV,rural,6,35-65,1,apartment,<20yr,F,electric,25030.93,1374.8,0
3244,IT,urban,4,35-65,4,apartment,20-50yr,B,oil,17256.09,638.31,0
3245,IT,rural,7,<35,1,apartment,20-50yr,C,gas,30670.55,367.27,0
3246,ES,urban,5,<35,1,other,>50yr,D,gas,16905.5,546.16,0
3247,IT,urban,10,35-65,3,apartment,>50yr,C,electric,65081.75,538.81,0
3248,PT,urban,7,35-65,4,apartment,>50yr,G,oil,28124.85,1449.01,0
3249,LV,urban,1,35-65,1,house,<20yr,G,oil,7058.99,3202.1,1
3250,ES,urban,9,35-65,1,house,20-50yr,D,electric,59494.4,544.97,0
3251,LV,urban,2,<35,2,apartment,<20yr,C,electric,10439.15,1891.96,1
3252,ES,urban,4,35-65,1,other,20-50yr,D,gas,15373.65,689.19,0
3253,IT,suburban,5,35-65,2,apartment,20-50yr,D,wood,23723.34,597.11,0
3254,ES,rural,3,35-65,5,house,20-50yr,D,district,14564.38,1375.88,0
3255,IT,suburban,10,35-65,1,house,20-50yr,A,wood,63996.06,129.53,0
3256,PT,urban,10,35-65,3,apartment,>50yr,B,wood,55692.5,387.79,0
3257,IT,suburban,2,35-65,1,house,<20yr,B,district,12694.46,681.87,0
3258,IT,urban,4,<35,3,house,>50yr,D,gas,23809.14,763.2,0
3259,ES,suburban,4,35-65,7,apartment,<20yr,E,electric,15619.53,1445.96,0
3260,IT,suburban,7,35-65,1,apartment,>50yr,G,electric,28004.51,960.49,0
3261,IT,urban,6,35-65,1,apartment,20-50yr,C,electric,19657.97,451.18,0
3262,PT,urban,7,>65,3,house,<20yr,F,wood,31759.61,1223.2,0
3263,IT,rural,1,35-65,1,apartment,20-50yr,C,gas,8151.57,987.0,1
3264,ES,rural,6,35-65,1,other,20-50yr,A,gas,30213.51,239.34,0
3265,IT,suburban,3,35-65,1,apartment,>50yr,E,gas,13940.04,1418.0,1
3266,IT,rural,3,35-65,3,other,20-50yr,C,gas,13824.27,951.54,0
3267,IT,rural,8,<35,5,house,>50yr,G,electric,37072.63,1066.28,0
3268,PT,urban,2,>65,1,apartment,20-50yr,G,gas,10620.33,3228.83,1
3269,LV,suburban,1,35-65,3,apartment,>50yr,B,gas,8454.06,1574.54,1
3270,IT,urban,5,35-65,6,house,20-50yr,C,electric,21725.58,950.78,0
3271,LV,suburban,8,>65,1,apartment,20-50yr,C,electric,39031.18,751.16,0
3272,ES,urban,6,<35,3,apartment,>50yr,G,electric,24159.92,896.19,0
3273,ES,rural,2,35-65,1,house,20-50yr,B,gas,11946.12,784.73,0
3274,PT,suburban,8,<35,3,other,<20yr,F,district,39491.51,1095.79,0
3275,PT,urban,4,35-65,4,house,20-50yr,C,gas,16663.96,932.15,0
3276,PT,urban,8,>65,1,house,20-50yr,E,oil,35561.67,1024.75,0
3277,ES,urban,3,<35,1,house,>50yr,C,wood,13635.41,590.64,0
3278,ES,suburban,10,>65,1,house,20-50yr,F,wood,45754.08,722.2,0
3279,IT,rural,3,35-65,2,apartment,>50yr,E,electric,13016.1,1494.98,1
3280,IT,urban,10,35-65,3,house,>50yr,A,gas,61647.21,225.13,0
3281,PT,suburban,4,<35,1,house,>50yr,C,wood,19868.32,553.68,0
3282,IT,suburban,8,35-65,1,house,<20yr,D,electric,37875.4,639.36,0
3283,IT,urban,6,35-65,4,other,<20yr,E,wood,21475.03,718.37,0
3284,IT,suburban,1,<35,2,apartment,>50yr,F,gas,9265.09,1785.62,1
3285,IT,urban,1,35-65,4,house,>50yr,D,district,10561.78,1662.1,1
3286,ES,urban,5,<35,1,apartment,20-50yr,G,district,22954.86,710.81,0
3287,ES,urban,2,>65,1,apartment,>50yr,C,oil,10995.42,1168.28,1
3288,ES,rural,7,35-65,1,apartment,<20yr,G,district,26353.68,827.11,0
3289,IT,urban,2,35-65,2,other,>50yr,G,electric,10977.0,2256.34,1
3290,ES,urban,6,35-65,2,apartment,20-50yr,E,gas,23211.5,874.67,0
3291,ES,suburban,3,35-65,1,house,>50yr,G,oil,13588.1,1407.14,1
3292,PT,rural,2,>65,3,house,>50yr,D,oil,13346.78,2165.55,1
3293,ES,suburban,4,>65,1,house,20-50yr,E,electric,19978.78,1205.49,0
3294,ES,urban,6,<35,4,house,<20yr,A,gas,23746.5,348.05,0
3295,ES,suburban,4,35-65,4,apartment,>50yr,C,electric,17732.13,848.84,0
3296,LV,urban,4,35-65,2,apartment,>50yr,E,gas,17487.27,1207.18,0
3297,PT,suburban,4,<35,1,house,20-50yr,G,wood,16398.71,841.01,0
3298,ES,urban,4,35-65,1,apartment,>50yr,G,district,14305.98,948.68,0
3299,ES,urban,5,<35,3,apartment,20-50yr,E,gas,23777.18,940.37,0
3300,IT,urban,9,>65,1,apartment,20-50yr,G,wood,51340.8,818.63,0
3301,LV,suburban,6,35-65,2,apartment,>50yr,F,gas,22822.86,1217.49,0
3302,IT,urban,5,35-65,1,other,20-50yr,F,electric,19040.24,983.01,0
3303,IT,urban,8,35-65,5,other,>50yr,B,district,41251.44,484.68,0
3304,LV,suburban,6,>65,4,house,>50yr,D,gas,22623.41,1692.01,0
3305,PT,suburban,10,35-65,2,apartment,20-50yr,D,gas,44671.33,777.23,0
3306,IT,urban,6,>65,1,other,20-50yr,F,district,23389.15,995.07,0
3307,IT,suburban,3,>65,5,house,>50yr,E,gas,17157.87,2052.07,1
3308,IT,suburban,6,<35,3,other,20-50yr,F,gas,23112.36,800.22,0
3309,ES,urban,8,<35,5,apartment,20-50yr,G,electric,32663.97,1461.22,0
3310,IT,rural,3,<35,4,apartment,20-50yr,E,gas,13045.08,1405.49,1
3311,LV,rural,3,35-65,4,house,<20yr,F,gas,11780.36,2476.58,1
3312,LV,urban,6,35-65,4,other,<20yr,E,wood,20516.77,1226.92,0
3313,ES,urban,9,35-65,3,apartment,20-50yr,E,electric,41340.77,941.3,0
3314,ES,urban,4,>65,2,apartment,>50yr,D,gas,14179.34,954.17,0
3315,IT,urban,6,<35,2,house,20-50yr,G,oil,23549.67,895.59,0
3316,IT,suburban,7,35-65,1,other,<20yr,F,gas,31209.4,709.83,0
3317,PT,rural,7,35-65,7,house,20-50yr,F,electric,31744.4,1889.41,0
3318,IT,rural,2,35-65,6,other,>50yr,D,district,10770.34,1502.68,1
3319,IT,urban,4,<35,4,house,<20yr,D,wood,14620.91,544.21,0
3320,IT,urban,10,35-65,2,house,20-50yr,G,electric,51709.08,1036.89,0
3321,IT,urban,9,35-65,3,apartment,>50yr,G,electric,45285.5,767.54,0
3322,ES,suburban,8,35-65,3,apartment,20-50yr,G,wood,39512.65,842.26,0
3323,PT,urban,1,35-65,4,house,20-50yr,F,electric,7679.04,3815.74,1
3324,PT,rural,5,35-65,3,house,>50yr,F,gas,18895.77,1524.38,0
3325,ES,rural,1,35-65,1,apartment,20-50yr,B,electric,8100.33,802.37,0
3326,PT,urban,4,35-65,1,apartment,<20yr,F,gas,16595.67,1120.69,0
3327,ES,suburban,9,35-65,3,house,<20yr,D,district,36908.24,544.14,0
3328,PT,suburban,4,>65,3,house,>50yr,G,oil,18324.64,2136.87,1
3329,ES,rural,2,35-65,5,apartment,>50yr,A,gas,11030.47,779.01,0
3330,IT,suburban,8,<35,3,other,20-50yr,G,gas,30489.58,746.78,0
3331,LV,urban,8,35-65,1,apartment,>50yr,D,district,32747.71,676.53,0
3332,IT,suburban,7,35-65,2,apartment,>50yr,B,gas,29158.41,343.98,0
3333,IT,urban,9,>65,1,apartment,20-50yr,E,wood,34212.68,610.87,0
3334,IT,suburban,8,35-65,1,apartment,20-50yr,E,wood,32281.06,485.56,0
3335,ES,urban,7,<35,2,apartment,20-50yr,F,district,32982.19,834.37,0
3336,ES,suburban,9,35-65,5,house,20-50yr,F,gas,39953.53,1008.1,0
3337,ES,rural,4,<35,1,house,20-50yr,E,wood,15524.7,527.33,0
3338,LV,urban,5,>65,2,apartment,20-50yr,B,gas,24703.12,738.75,0
3339,IT,urban,6,>65,1,house,20-50yr,G,district,26345.67,1029.69,0
3340,ES,suburban,7,35-65,2,other,20-50yr,G,gas,33298.21,1138.43,0
3341,IT,urban,5,35-65,1,apartment,20-50yr,F,electric,18666.49,907.02,0
3342,PT,suburban,5,35-65,1,apartment,>50yr,A,electric,20122.96,347.15,0
3343,IT,suburban,2,35-65,3,apartment,>50yr,F,wood,10982.2,1786.33,1
3344,IT,urban,7,<35,2,house,20-50yr,C,gas,31038.22,383.32,0
3345,ES,rural,2,>65,1,apartment,>50yr,G,gas,15498.77,2768.41,1
3346,PT,suburban,5,35-65,2,house,20-50yr,B,wood,21266.68,426.79,0
3347,PT,suburban,5,35-65,4,house,20-50yr,B,gas,24707.21,618.7,0
3348,ES,urban,8,<35,2,house,>50yr,C,gas,50742.53,348.28,0
3349,PT,urban,5,>65,4,apartment,>50yr,F,gas,27165.27,1768.95,0
3350,ES,urban,1,>65,1,apartment,>50yr,E,district,8191.14,1989.94,1
3351,IT,rural,6,35-65,1,apartment,<20yr,F,electric,29696.16,889.87,0
3352,IT,rural,3,35-65,1,house,20-50yr,D,oil,14270.43,957.36,0
3353,IT,rural,4,>65,4,house,>50yr,G,wood,17398.03,1229.5,0
3354,IT,urban,3,35-65,2,house,>50yr,D,wood,15882.45,913.56,0
3355,ES,suburban,2,>65,1,house,20-50yr,B,electric,12558.98,917.94,0
3356,ES,suburban,10,>65,4,apartment,<20yr,F,gas,59347.02,1014.71,0
3357,ES,suburban,3,35-65,2,apartment,20-50yr,E,oil,13652.57,1564.44,1
3358,ES,urban,6,<35,4,apartment,<20yr,E,oil,23253.06,809.2,0
3359,PT,rural,9,35-65,3,apartment,20-50yr,D,gas,35880.04,844.91,0
3360,PT,urban,4,>65,6,apartment,20-50yr,F,wood,17931.29,2261.03,1
3361,IT,urban,10,35-65,1,apartment,<20yr,A,gas,56986.4,179.82,0
3362,IT,rural,5,>65,2,house,>50yr,D,electric,23785.72,1044.92,0
3363,ES,suburban,10,35-65,3,apartment,20-50yr,D,electric,44188.12,682.15,0
3364,ES,urban,5,>65,3,apartment,20-50yr,F,district,21330.58,1186.66,0
3365,IT,suburban,1,35-65,1,apartment,20-50yr,C,gas,7760.66,1120.48,1
3366,IT,rural,9,<35,4,apartment,>50yr,C,gas,42630.69,420.15,0
3367,PT,urban,9,35-65,4,apartment,20-50yr,D,electric,51830.9,1038.49,0
3368,ES,suburban,10,<35,2,apartment,>50yr,D,district,66658.17,453.78,0
3369,IT,urban,2,35-65,1,apartment,20-50yr,C,electric,12810.22,941.9,0
3370,ES,urban,9,>65,1,other,20-50yr,E,gas,43609.0,702.41,0
3371,LV,urban,4,<35,1,apartment,>50yr,D,district,17009.81,715.08,0
3372,IT,suburban,9,>65,1,apartment,<20yr,D,oil,51511.25,530.18,0
3373,LV,urban,10,<35,4,apartment,20-50yr,E,gas,71084.52,929.06,0
3374,IT,urban,2,35-65,2,apartment,>50yr,D,gas,13981.25,1431.52,1
3375,ES,suburban,4,>65,1,house,20-50yr,F,electric,18832.38,1492.43,0
3376,ES,suburban,3,35-65,4,apartment,20-50yr,E,electric,14084.16,1882.12,1
3377,IT,suburban,4,>65,5,house,>50yr,F,gas,19413.22,1604.25,0
3378,LV,rural,6,>65,4,other,<20yr,E,electric,27998.49,2053.05,0
3379,ES,urban,5,35-65,4,house,20-50yr,D,district,19776.75,797.29,0
3380,LV,urban,7,35-65,3,apartment,>50yr,C,oil,29146.93,669.32,0
3381,IT,suburban,7,<35,5,apartment,>50yr,D,electric,47385.1,706.24,0
3382,LV,suburban,3,35-65,7,apartment,20-50yr,G,gas,13183.87,4190.07,1
3383,LV,urban,1,35-65,2,house,<20yr,B,gas,9090.5,1554.53,1
3384,ES,urban,8,>65,1,apartment,>50yr,C,district,33326.73,548.29,0
3385,IT,urban,2,35-65,4,house,>50yr,E,oil,10796.72,1729.2,1
3386,PT,urban,2,35-65,2,apartment,20-50yr,E,gas,9579.35,2044.18,1
3387,ES,rural,7,>65,1,apartment,20-50yr,G,oil,26135.08,1199.64,0
3388,LV,suburban,3,<35,1,apartment,20-50yr,A,gas,15358.53,502.96,0
3389,ES,urban,2,>65,2,apartment,<20yr,G,gas,11853.69,3018.74,1
3390,IT,suburban,4,<35,2,house,>50yr,F,gas,23063.71,847.78,0
3391,IT,suburban,6,35-65,1,house,>50yr,F,wood,25097.78,652.68,0
3392,PT,urban,9,35-65,1,apartment,20-50yr,D,oil,44014.86,588.27,0
3393,LV,urban,10,35-65,1,apartment,>50yr,D,electric,54647.38,833.51,0
3394,IT,suburban,8,35-65,3,house,>50yr,A,electric,31112.58,243.17,0
3395,PT,urban,9,35-65,2,apartment,>50yr,F,wood,46974.22,781.57,0
3396,LV,suburban,6,>65,3,house,>50yr,C,gas,24373.55,1206.51,0
3397,IT,suburban,5,<35,1,apartment,20-50yr,C,gas,16931.64,408.11,0
3398,IT,suburban,9,<35,5,house,>50yr,C,wood,50769.59,390.4,0
3399,PT,rural,4,<35,3,house,<20yr,G,wood,16055.12,1287.19,0
3400,ES,suburban,9,35-65,5,apartment,20-50yr,C,gas,45186.08,641.66,0
3401,IT,suburban,10,<35,2,apartment,20-50yr,D,gas,58104.93,469.69,0
3402,PT,urban,4,35-65,2,apartment,<20yr,F,oil,18060.55,1449.83,0
3403,ES,suburban,7,>65,7,apartment,>50yr,G,gas,25804.46,1752.47,0
3404,LV,rural,8,>65,1,house,20-50yr,F,electric,44386.97,1422.59,0
3405,LV,rural,8,>65,1,apartment,20-50yr,E,oil,32272.59,1015.11,0
3406,PT,rural,3,<35,4,apartment,20-50yr,A,electric,9685.5,730.34,0
3407,ES,urban,10,35-65,2,house,<20yr,C,electric,62465.43,523.04,0
3408,IT,suburban,6,<35,1,house,20-50yr,C,wood,28254.27,245.68,0
3409,ES,rural,1,35-65,1,apartment,<20yr,D,district,6687.34,1149.45,1
3410,IT,suburban,2,35-65,6,house,>50yr,D,oil,10990.73,1535.88,1
3411,PT,suburban,8,>65,2,apartment,>50yr,E,electric,42331.18,1169.81,0
3412,IT,suburban,5,35-65,1,house,20-50yr,D,district,25953.66,552.21,0
3413,ES,suburban,2,35-65,2,apartment,20-50yr,F,electric,12058.47,2626.27,1
3414,IT,urban,6,35-65,3,house,20-50yr,B,gas,28301.37,380.62,0
3415,IT,urban,6,>65,2,apartment,20-50yr,G,gas,27838.1,1652.99,0
3416,IT,rural,1,<35,1,apartment,<20yr,F,gas,7837.08,1772.31,1
3417,ES,rural,4,>65,4,house,20-50yr,D,gas,14862.69,1232.68,0
3418,PT,rural,5,<35,3,apartment,20-50yr,D,wood,20193.13,742.73,0
3419,IT,urban,8,<35,4,apartment,>50yr,G,gas,42612.85,834.06,0
3420,LV,urban,7,>65,2,apartment,20-50yr,G,electric,35460.45,1909.98,0
3421,LV,urban,1,<35,1,house,20-50yr,D,wood,8247.88,1300.74,1
3422,IT,rural,7,35-65,4,apartment,20-50yr,B,gas,28536.47,480.16,0
3423,PT,suburban,10,<35,4,house,>50yr,G,electric,71345.79,1125.45,0
3424,ES,rural,1,35-65,1,apartment,>50yr,E,district,8150.21,1575.21,1
3425,IT,urban,10,35-65,4,house,20-50yr,E,gas,60517.93,693.3,0
3426,ES,suburban,1,>65,2,other,<20yr,C,gas,6675.61,1933.51,1
3427,IT,suburban,7,>65,2,apartment,20-50yr,F,gas,29748.87,1010.16,0
3428,LV,urban,4,35-65,2,house,<20yr,E,oil,20596.72,1105.5,0
3429,LV,rural,8,35-65,7,apartment,<20yr,D,electric,29315.08,1554.91,0
3430,PT,suburban,9,<35,2,apartment,20-50yr,F,district,42751.2,768.09,0
3431,ES,urban,9,35-65,4,house,<20yr,D,oil,45720.17,763.35,0
3432,ES,urban,9,35-65,1,house,<20yr,D,electric,53275.4,576.07,0
3433,LV,rural,9,<35,5,house,20-50yr,E,district,49779.42,1021.35,0
3434,IT,suburban,4,>65,2,other,20-50yr,E,gas,22559.89,1181.98,0
3435,IT,suburban,5,35-65,4,apartment,>50yr,G,wood,23790.74,1123.15,0
3436,ES,suburban,8,<35,3,house,20-50yr,E,oil,41139.24,710.28,0
3437,IT,urban,2,>65,1,apartment,20-50yr,D,oil,9531.44,1553.73,1
3438,IT,suburban,6,35-65,5,other,>50yr,C,electric,21568.99,737.58,0
3439,IT,rural,6,35-65,3,house,>50yr,E,gas,32167.85,768.09,0
3440,ES,urban,10,<35,2,apartment,20-50yr,B,wood,51383.22,213.77,0
3441,IT,suburban,1,35-65,3,house,20-50yr,E,electric,7375.51,1905.49,1
3442,IT,urban,1,35-65,3,house,20-50yr,D,wood,5659.32,1311.16,1
3443,IT,urban,1,35-65,4,other,20-50yr,D,wood,9379.03,1492.48,1
3444,ES,urban,6,35-65,4,house,<20yr,C,electric,21136.94,839.7,0
3445,LV,rural,6,<35,5,house,20-50yr,D,district,22105.62,978.96,0
3446,IT,urban,6,<35,2,apartment,20-50yr,A,gas,29459.69,263.21,0
3447,PT,urban,3,<35,4,apartment,20-50yr,E,gas,10051.69,2012.35,1
3448,PT,suburban,4,35-65,4,house,20-50yr,C,gas,21456.14,799.51,0
3449,IT,urban,5,<35,5,apartment,<20yr,G,gas,18543.81,1394.63,0
3450,PT,suburban,1,35-65,5,apartment,20-50yr,E,electric,7825.64,4136.38,1
3451,PT,rural,8,35-65,4,other,20-50yr,F,gas,32045.02,1114.08,0
3452,ES,urban,1,<35,2,other,>50yr,G,oil,6553.2,2328.93,1
3453,IT,urban,7,35-65,3,other,>50yr,G,district,26772.24,1134.33,0
3454,IT,rural,5,<35,2,apartment,20-50yr,G,wood,18549.25,602.23,0
3455,LV,urban,10,35-65,2,apartment,20-50yr,C,electric,45726.91,598.93,0
3456,PT,urban,7,>65,4,other,>50yr,D,district,37809.9,1237.2,0
3457,LV,rural,5,35-65,3,apartment,20-50yr,F,wood,18157.66,1257.91,0
3458,LV,rural,8,35-65,3,apartment,20-50yr,E,wood,27125.16,1071.99,0
3459,IT,suburban,2,35-65,5,apartment,<20yr,E,gas,8070.61,2414.51,1
3460,PT,suburban,2,<35,1,house,<20yr,E,oil,11742.83,1713.78,1
3461,ES,rural,5,35-65,1,apartment,20-50yr,B,gas,16190.32,434.52,0
3462,PT,suburban,9,35-65,6,apartment,>50yr,C,gas,41865.95,769.72,0
3463,IT,suburban,9,35-65,1,apartment,>50yr,E,gas,57779.55,560.72,0
3464,IT,rural,4,>65,1,apartment,<20yr,E,oil,17984.1,1112.5,0
3465,PT,suburban,3,35-65,3,house,>50yr,F,gas,14697.4,2316.6,1
3466,PT,suburban,10,>65,3,house,>50yr,E,electric,50799.4,1380.15,0
3467,ES,urban,6,35-65,7,house,>50yr,C,electric,24949.85,921.77,0
3468,IT,suburban,2,<35,4,apartment,20-50yr,B,gas,10649.64,793.09,0
3469,IT,suburban,3,<35,2,apartment,20-50yr,D,gas,14663.56,890.84,0
3470,LV,urban,9,35-65,4,apartment,>50yr,D,wood,55134.29,840.51,0
3471,ES,urban,9,35-65,4,other,20-50yr,F,district,40331.97,1004.24,0
3472,ES,rural,10,35-65,4,apartment,20-50yr,E,wood,48869.21,658.25,0
3473,ES,urban,1,35-65,2,apartment,20-50yr,G,oil,7909.87,2617.84,1
3474,ES,urban,9,35-65,4,apartment,20-50yr,E,gas,49661.1,748.44,0
3475,ES,urban,2,35-65,1,other,<20yr,C,gas,10455.55,1031.28,0
3476,ES,urban,9,35-65,2,house,20-50yr,E,electric,44754.04,769.34,0
3477,PT,suburban,9,35-65,3,apartment,>50yr,C,district,46428.04,529.72,0
3478,LV,urban,4,>65,1,house,20-50yr,B,gas,24169.51,755.14,0
3479,LV,urban,2,<35,1,apartment,>50yr,D,gas,12632.51,1453.34,1
3480,ES,rural,8,>65,1,house,>50yr,D,wood,31582.74,521.86,0
3481,ES,urban,1,<35,4,other,>50yr,A,electric,5758.98,829.3,1
3482,PT,urban,6,<35,2,house,20-50yr,F,electric,25570.33,1332.8,0
3483,PT,rural,4,35-65,1,house,>50yr,E,wood,15743.52,957.02,0
3484,ES,suburban,5,<35,2,apartment,20-50yr,B,electric,19524.2,401.1,0
3485,PT,suburban,9,35-65,2,apartment,20-50yr,F,district,37032.69,962.64,0
3486,PT,rural,10,<35,1,house,>50yr,B,gas,50985.62,326.07,0
3487,PT,rural,5,35-65,7,house,20-50yr,E,electric,19409.04,2003.17,1
3488,PT,urban,3,35-65,2,apartment,>50yr,E,gas,13759.13,1875.45,1
3489,IT,suburban,9,<35,5,apartment,20-50yr,D,gas,38872.46,699.95,0
3490,ES,suburban,5,35-65,2,apartment,20-50yr,F,gas,18858.32,955.19,0
3491,ES,urban,2,<35,3,apartment,>50yr,D,gas,11910.23,1222.5,1
3492,IT,rural,10,>65,3,house,20-50yr,C,gas,54978.96,582.95,0
3493,LV,urban,10,<35,1,apartment,20-50yr,D,electric,55036.9,611.99,0
3494,ES,rural,3,35-65,1,house,>50yr,D,gas,13896.67,1315.62,0
3495,IT,suburban,2,35-65,3,apartment,20-50yr,C,gas,9618.02,1166.34,1
3496,PT,suburban,2,35-65,3,house,<20yr,D,electric,13645.59,2484.22,1
3497,PT,urban,6,>65,1,other,20-50yr,C,gas,33910.45,809.18,0
3498,PT,rural,4,35-65,2,house,<20yr,D,gas,21072.67,838.75,0
3499,ES,suburban,7,35-65,1,house,20-50yr,E,district,23024.63,661.33,0
3500,LV,urban,8,35-65,1,apartment,<20yr,F,electric,32598.77,1113.58,0
3501,ES,urban,1,35-65,3,apartment,20-50yr,G,wood,8896.35,3038.77,1
3502,ES,suburban,9,35-65,5,house,>50yr,E,gas,38424.05,846.98,0
3503,IT,urban,1,<35,3,house,<20yr,G,electric,7201.45,2412.88,1
3504,ES,suburban,2,<35,3,house,>50yr,E,gas,8954.86,1322.26,1
3505,PT,suburban,8,<35,3,house,20-50yr,F,electric,34095.73,1039.84,0
3506,ES,urban,7,>65,1,apartment,<20yr,F,wood,26521.72,868.81,0
3507,ES,suburban,10,35-65,5,apartment,>50yr,F,wood,38424.08,720.19,0
3508,PT,urban,6,<35,4,other,20-50yr,F,electric,29713.24,1462.65,0
3509,PT,rural,5,35-65,1,house,20-50yr,G,gas,22354.47,1337.67,0
3510,IT,rural,7,35-65,3,house,>50yr,D,oil,24553.48,588.9,0
3511,LV,urban,8,35-65,1,house,>50yr,G,electric,41005.57,1342.42,0
3512,PT,suburban,7,35-65,2,other,20-50yr,D,electric,30576.48,821.06,0
3513,LV,suburban,4,35-65,3,house,>50yr,B,electric,20823.63,867.38,0
3514,LV,rural,10,<35,1,apartment,>50yr,C,electric,61403.88,421.04,0
3515,LV,urban,4,35-65,3,house,20-50yr,E,gas,15578.67,1557.97,1
3516,PT,suburban,4,<35,2,apartment,20-50yr,A,electric,19346.96,335.72,0
3517,ES,rural,3,<35,4,apartment,20-50yr,C,gas,15576.14,1027.63,0
3518,IT,urban,3,35-65,1,house,20-50yr,D,electric,16401.76,1186.06,0
3519,ES,suburban,3,35-65,7,apartment,20-50yr,E,electric,16259.42,2545.09,1
3520,PT,urban,6,>65,2,apartment,<20yr,C,electric,34145.14,1173.89,0
3521,ES,suburban,8,<35,2,house,20-50yr,E,gas,41529.7,597.78,0
3522,LV,urban,5,35-65,3,other,<20yr,E,electric,18668.63,1318.93,0
3523,IT,rural,10,>65,2,apartment,<20yr,F,electric,56482.35,1211.74,0
3524,ES,urban,5,35-65,1,house,20-50yr,E,gas,17942.36,803.3,0
3525,ES,urban,5,>65,1,apartment,<20yr,C,gas,25177.0,655.03,0
3526,ES,rural,1,>65,2,apartment,20-50yr,G,gas,7035.72,4206.13,1
3527,IT,rural,10,>65,3,house,20-50yr,G,gas,76861.54,987.97,0
3528,IT,suburban,2,>65,2,house,<20yr,D,electric,10527.93,1875.74,1
3529,PT,suburban,2,35-65,4,house,20-50yr,A,gas,10927.75,804.52,0
3530,ES,urban,10,35-65,2,house,<20yr,E,gas,51296.89,635.09,0
3531,IT,suburban,6,>65,2,other,20-50yr,G,gas,22451.08,1129.7,0
3532,IT,urban,1,>65,1,house,20-50yr,F,gas,7388.24,2501.12,1
3533,ES,urban,5,<35,3,apartment,>50yr,G,gas,21742.6,1099.51,0
3534,IT,rural,6,35-65,1,house,20-50yr,G,district,25066.26,831.66,0
3535,PT,suburban,1,35-65,4,house,20-50yr,F,electric,7503.68,3187.99,1
3536,PT,urban,8,>65,1,apartment,<20yr,C,electric,37693.68,815.97,0
3537,IT,urban,7,<35,3,house,20-50yr,A,gas,27654.04,227.37,0
3538,ES,rural,1,35-65,1,house,20-50yr,C,district,7994.02,1400.73,1
3539,IT,urban,7,35-65,1,apartment,20-50yr,C,electric,39097.92,459.72,0
3540,IT,urban,3,<35,2,apartment,>50yr,B,electric,12846.81,610.49,0
3541,LV,urban,8,>65,1,apartment,<20yr,D,oil,34398.45,933.08,0
3542,ES,urban,4,35-65,2,apartment,20-50yr,F,gas,14716.6,946.88,0
3543,LV,urban,3,<35,3,house,>50yr,A,district,13307.21,668.68,0
3544,IT,rural,6,35-65,2,apartment,>50yr,F,gas,26444.89,832.04,0
3545,IT,urban,5,35-65,1,house,20-50yr,G,wood,19399.2,721.52,0
3546,ES,suburban,4,35-65,2,house,20-50yr,C,district,14762.23,599.55,0
3547,ES,suburban,9,35-65,4,apartment,<20yr,A,electric,45395.99,317.01,0
3548,LV,suburban,7,35-65,6,apartment,>50yr,D,wood,32178.21,1094.96,0
3549,IT,suburban,5,>65,3,apartment,20-50yr,G,gas,23025.9,1343.34,0
3550,LV,suburban,3,35-65,1,apartment,20-50yr,F,electric,11625.39,2639.31,1
3551,LV,suburban,6,35-65,2,apartment,20-50yr,A,gas,30705.96,355.09,0
3552,ES,suburban,1,35-65,6,apartment,20-50yr,E,gas,7435.46,2469.42,1
3553,IT,suburban,9,>65,3,house,>50yr,F,electric,36967.72,1213.48,0
3554,ES,suburban,1,35-65,1,house,<20yr,C,electric,9328.95,1296.07,1
3555,IT,suburban,7,35-65,3,apartment,20-50yr,E,electric,36652.75,887.34,0
3556,PT,urban,4,>65,2,apartment,<20yr,D,gas,16691.52,1299.08,0
3557,ES,suburban,8,>65,3,house,>50yr,C,gas,31772.81,662.48,0
3558,LV,suburban,4,35-65,3,apartment,20-50yr,G,gas,18700.43,1632.03,0
3559,ES,urban,1,35-65,2,house,>50yr,C,electric,6550.7,1439.99,1
3560,ES,rural,10,35-65,2,apartment,20-50yr,F,gas,80646.05,776.13,0
3561,PT,urban,8,35-65,4,other,20-50yr,F,electric,30836.54,1489.94,0
3562,ES,urban,1,<35,3,apartment,20-50yr,C,district,8439.02,1130.74,1
3563,LV,rural,1,35-65,4,apartment,20-50yr,F,district,7809.42,4714.9,1
3564,IT,urban,6,35-65,1,house,20-50yr,A,electric,21778.28,302.93,0
3565,LV,urban,10,35-65,1,apartment,20-50yr,C,gas,47797.04,482.73,0
3566,PT,urban,6,>65,1,house,<20yr,C,electric,29607.73,745.89,0
3567,LV,rural,1,<35,2,apartment,20-50yr,G,electric,8453.08,4109.24,1
3568,ES,suburban,7,>65,1,apartment,>50yr,G,gas,27025.49,1293.52,0
3569,PT,suburban,5,35-65,1,apartment,20-50yr,C,district,19308.26,685.21,0
3570,IT,suburban,7,<35,1,house,>50yr,D,gas,26553.19,447.84,0
3571,PT,suburban,4,<35,3,house,>50yr,G,gas,19972.51,1445.43,0
3572,IT,rural,1,35-65,3,apartment,20-50yr,E,electric,9187.0,1969.03,1
3573,IT,rural,1,35-65,1,house,<20yr,B,wood,8658.51,694.21,0
3574,ES,urban,7,35-65,2,house,20-50yr,D,wood,31163.89,490.88,0
3575,IT,rural,7,35-65,2,apartment,>50yr,D,gas,32956.66,573.12,0
3576,ES,suburban,4,35-65,4,apartment,20-50yr,D,oil,13665.25,979.94,0
3577,PT,urban,1,<35,4,apartment,20-50yr,E,wood,8337.09,2099.7,1
3578,IT,urban,8,35-65,2,apartment,20-50yr,F,oil,42257.68,842.35,0
3579,PT,suburban,2,<35,3,house,20-50yr,E,gas,11387.82,2070.57,1
3580,IT,urban,2,<35,1,apartment,<20yr,D,electric,11087.74,1216.04,1
3581,PT,suburban,5,<35,4,apartment,20-50yr,F,wood,19089.21,942.27,0
3582,PT,urban,8,35-65,1,house,20-50yr,E,gas,33052.85,751.49,0
3583,ES,suburban,10,35-65,4,apartment,20-50yr,F,electric,50847.93,1060.88,0
3584,PT,urban,7,>65,3,house,20-50yr,B,oil,31020.54,774.7,0
3585,LV,rural,10,35-65,1,house,>50yr,D,electric,51140.17,784.17,0
3586,PT,urban,7,35-65,7,apartment,20-50yr,D,gas,22821.14,1287.18,0
3587,ES,urban,9,35-65,4,apartment,<20yr,D,gas,48465.96,819.72,0
3588,ES,urban,2,<35,4,apartment,<20yr,E,electric,11896.3,1961.71,1
3589,PT,suburban,1,35-65,7,other,20-50yr,E,gas,8437.88,3686.05,1
3590,IT,suburban,7,35-65,1,apartment,20-50yr,D,gas,26067.01,551.18,0
3591,PT,suburban,10,35-65,5,house,<20yr,E,electric,51085.09,1242.98,0
3592,IT,urban,8,>65,2,other,>50yr,F,gas,38914.52,899.21,0
3593,PT,rural,4,<35,2,apartment,>50yr,E,electric,17569.53,1104.75,0
3594,IT,suburban,5,<35,2,house,20-50yr,F,district,18912.66,624.25,0
3595,IT,urban,2,>65,1,house,>50yr,G,electric,13367.7,2628.45,1
3596,LV,suburban,4,35-65,1,apartment,20-50yr,F,gas,15411.81,1339.65,0
3597,LV,suburban,7,35-65,2,other,>50yr,C,gas,19171.79,741.19,0
3598,LV,suburban,2,<35,3,apartment,20-50yr,F,electric,11145.02,2484.47,1
3599,LV,urban,5,35-65,1,house,20-50yr,D,electric,21413.21,1026.0,0
3600,ES,urban,3,>65,3,house,<20yr,E,wood,14122.28,1791.52,1
3601,IT,suburban,5,35-65,1,apartment,<20yr,G,electric,22304.61,1247.28,0
3602,IT,urban,8,35-65,1,apartment,>50yr,C,gas,33114.52,479.57,0
3603,ES,urban,9,35-65,1,apartment,20-50yr,C,gas,50154.93,411.44,0
3604,IT,rural,5,35-65,2,apartment,20-50yr,C,electric,17108.84,780.86,0
3605,LV,suburban,9,35-65,4,house,20-50yr,G,gas,42862.09,1486.42,0
3606,IT,urban,8,35-65,1,apartment,>50yr,D,electric,32774.42,530.18,0
3607,IT,urban,10,<35,3,other,20-50yr,F,gas,63965.62,675.95,0
3608,IT,suburban,8,35-65,2,apartment,<20yr,A,electric,31955.47,278.74,0
3609,IT,urban,6,>65,3,apartment,20-50yr,C,electric,25267.45,855.18,0
3610,IT,urban,7,>65,2,apartment,20-50yr,B,wood,30385.57,293.39,0
3611,PT,urban,4,>65,1,apartment,20-50yr,F,gas,18021.65,1373.01,0
3612,IT,suburban,7,35-65,5,house,20-50yr,B,district,26888.9,481.72,0
3613,ES,suburban,8,35-65,3,apartment,>50yr,G,electric,38029.85,1101.48,0
3614,LV,urban,7,>65,1,house,>50yr,E,oil,30129.03,1162.28,0
3615,ES,urban,2,<35,1,house,<20yr,G,electric,11581.46,2015.29,1
3616,PT,suburban,6,35-65,2,apartment,20-50yr,D,wood,31659.48,734.52,0
3617,ES,suburban,8,<35,3,apartment,>50yr,E,oil,36632.08,722.37,0
3618,IT,suburban,2,>65,1,apartment,20-50yr,A,gas,9474.78,699.04,0
3619,IT,urban,8,>65,4,apartment,>50yr,D,gas,48311.66,949.18,0
3620,LV,suburban,9,>65,4,house,20-50yr,E,district,49802.51,1196.9,0
3621,ES,rural,6,35-65,2,apartment,>50yr,B,electric,27576.95,484.69,0
3622,IT,suburban,10,>65,3,apartment,20-50yr,G,wood,53513.62,1010.84,0
3623,ES,urban,9,<35,3,apartment,>50yr,A,wood,48045.8,182.51,0
3624,PT,suburban,5,<35,5,apartment,20-50yr,C,gas,15423.84,952.47,0
3625,PT,urban,9,35-65,5,other,>50yr,E,wood,54224.73,955.55,0
3626,ES,urban,10,35-65,4,house,<20yr,D,gas,62914.86,650.04,0
3627,LV,urban,2,>65,2,house,20-50yr,C,gas,10711.69,1908.92,1
3628,PT,rural,10,35-65,1,apartment,20-50yr,G,oil,62675.7,1126.69,0
3629,ES,urban,1,35-65,2,apartment,<20yr,C,wood,8778.16,975.92,1
3630,IT,rural,5,35-65,2,apartment,20-50yr,E,electric,18049.47,913.73,0
3631,IT,suburban,10,<35,2,house,<20yr,B,gas,56496.09,251.14,0
3632,LV,suburban,8,>65,2,apartment,>50yr,B,electric,38083.17,631.57,0
3633,ES,urban,3,35-65,3,apartment,>50yr,D,oil,13721.72,1420.31,1
3634,ES,suburban,7,<35,3,house,>50yr,F,oil,29029.47,863.62,0
3635,ES,urban,3,35-65,1,house,20-50yr,E,gas,16026.52,1345.72,0
3636,IT,suburban,3,35-65,2,apartment,20-50yr,C,gas,14374.51,876.38,0
3637,PT,urban,10,>65,2,apartment,20-50yr,A,electric,72894.05,395.91,0
3638,IT,urban,1,<35,2,other,20-50yr,G,gas,7253.33,2124.95,1
3639,PT,suburban,10,<35,2,apartment,20-50yr,C,wood,58483.91,388.38,0
3640,ES,urban,5,>65,2,other,>50yr,E,gas,18291.81,1265.88,0
3641,IT,urban,1,35-65,4,apartment,<20yr,A,electric,8855.73,675.51,0
3642,IT,rural,8,35-65,2,other,<20yr,B,wood,30458.5,309.44,0
3643,PT,urban,1,<35,1,other,<20yr,C,electric,8353.43,1802.67,1
3644,IT,urban,4,>65,3,apartment,20-50yr,B,wood,20890.51,577.26,0
3645,IT,urban,3,35-65,1,house,<20yr,E,gas,14109.58,1344.15,0
3646,PT,urban,8,<35,2,apartment,20-50yr,D,electric,31028.91,821.68,0
3647,ES,suburban,4,<35,5,apartment,<20yr,F,oil,20165.29,1065.42,0
3648,ES,urban,7,<35,4,apartment,<20yr,B,wood,31665.49,334.1,0
3649,IT,suburban,1,<35,2,house,>50yr,D,electric,7898.38,1477.23,1
3650,LV,suburban,7,<35,1,apartment,>50yr,D,gas,25946.38,670.22,0
3651,IT,urban,8,<35,3,apartment,<20yr,C,gas,28274.61,486.41,0
3652,IT,rural,3,<35,3,other,20-50yr,B,wood,19624.86,518.43,0
3653,IT,rural,9,35-65,2,house,20-50yr,A,electric,39457.42,199.85,0
3654,IT,urban,5,35-65,1,apartment,>50yr,A,gas,18094.01,257.28,0
3655,IT,urban,7,35-65,2,apartment,20-50yr,D,electric,31449.93,679.73,0
3656,IT,urban,2,>65,3,apartment,20-50yr,B,gas,9442.12,1237.09,1
3657,IT,urban,10,35-65,2,apartment,20-50yr,D,gas,59267.15,489.81,0
3658,ES,suburban,3,>65,3,other,>50yr,D,district,17145.17,1295.44,0
3659,LV,suburban,7,>65,4,other,<20yr,D,electric,25598.06,1417.02,0
3660,IT,urban,1,>65,5,apartment,<20yr,C,gas,7649.42,1951.36,1
3661,IT,urban,1,<35,3,apartment,20-50yr,D,wood,8534.09,1093.42,1
3662,LV,urban,2,<35,2,apartment,20-50yr,D,district,9163.02,1502.44,1
3663,LV,rural,10,35-65,2,apartment,<20yr,G,wood,47976.01,1053.68,0
3664,PT,rural,3,<35,3,apartment,>50yr,A,oil,13756.95,486.14,0
3665,IT,urban,9,<35,3,apartment,20-50yr,B,district,57703.18,304.59,0
3666,ES,suburban,6,<35,5,apartment,>50yr,F,gas,21998.11,967.82,0
3667,IT,suburban,1,35-65,2,apartment,>50yr,C,wood,7667.74,988.05,1
3668,IT,suburban,5,>65,2,house,20-50yr,C,gas,30461.36,690.09,0
3669,ES,suburban,5,35-65,1,house,>50yr,G,gas,23660.22,1008.98,0
3670,ES,rural,3,>65,1,apartment,>50yr,E,gas,10858.18,1746.93,1
3671,ES,urban,7,35-65,4,apartment,20-50yr,E,gas,28967.28,948.97,0
3672,ES,urban,9,<35,1,house,20-50yr,A,wood,46943.51,137.36,0
3673,IT,rural,9,35-65,3,apartment,>50yr,C,wood,53420.89,306.56,0
3674,IT,urban,6,<35,4,house,>50yr,C,gas,30808.96,567.59,0
3675,PT,urban,9,>65,3,apartment,>50yr,F,wood,46768.56,1368.37,0
3676,LV,suburban,10,35-65,2,other,20-50yr,D,wood,61244.35,582.97,0
3677,IT,suburban,1,35-65,2,apartment,>50yr,E,gas,6583.63,2055.97,1
3678,ES,suburban,7,35-65,2,house,20-50yr,G,oil,27039.9,915.57,0
3679,IT,suburban,8,35-65,3,apartment,20-50yr,G,gas,29634.11,1144.17,0
3680,IT,suburban,1,>65,1,house,20-50yr,B,gas,9337.3,1126.15,1
3681,PT,urban,7,>65,4,house,20-50yr,E,electric,31743.58,1606.2,0
3682,IT,suburban,10,35-65,2,apartment,<20yr,E,district,55884.09,527.8,0
3683,ES,suburban,3,35-65,3,house,20-50yr,F,gas,17647.39,2042.87,1
3684,ES,rural,9,<35,1,apartment,20-50yr,G,gas,46615.16,700.54,0
3685,IT,urban,10,<35,4,apartment,20-50yr,F,electric,65238.52,721.83,0
3686,IT,urban,7,<35,5,apartment,<20yr,E,oil,33604.11,687.14,0
3687,IT,suburban,7,35-65,2,house,20-50yr,B,district,34099.26,354.88,0
3688,LV,urban,6,35-65,1,house,<20yr,E,electric,21380.47,1069.9,0
3689,ES,urban,5,>65,5,apartment,20-50yr,E,wood,24304.41,1173.77,0
3690,ES,rural,5,<35,2,house,>50yr,E,electric,22544.56,869.89,0
3691,IT,suburban,6,35-65,2,other,20-50yr,E,gas,23512.71,698.12,0
3692,ES,urban,5,<35,2,house,>50yr,D,electric,23270.68,617.59,0
3693,IT,urban,9,>65,4,apartment,20-50yr,D,gas,52147.52,982.47,0
3694,ES,urban,8,35-65,6,apartment,<20yr,G,oil,35473.72,1296.99,0
3695,PT,suburban,4,35-65,2,apartment,>50yr,D,gas,15638.97,1076.27,0
3696,ES,suburban,6,35-65,1,apartment,20-50yr,F,gas,22496.56,1107.43,0
3697,IT,urban,3,35-65,1,apartment,>50yr,E,district,11356.29,1146.85,1
3698,IT,urban,2,35-65,2,house,20-50yr,D,district,10725.28,1143.63,1
3699,IT,urban,4,<35,1,house,>50yr,D,electric,19119.96,613.63,0
3700,ES,urban,1,35-65,1,house,20-50yr,E,wood,10376.03,1417.59,1
3701,LV,urban,9,<35,3,apartment,>50yr,F,district,38104.53,982.52,0
3702,IT,suburban,2,35-65,2,apartment,<20yr,B,gas,11609.01,892.84,0
3703,ES,urban,4,35-65,1,house,20-50yr,G,electric,17559.55,1308.23,0
3704,PT,urban,3,35-65,1,apartment,<20yr,F,gas,13981.95,1583.78,1
3705,IT,suburban,3,35-65,4,other,>50yr,D,wood,11129.37,1284.6,1
3706,IT,urban,4,35-65,4,apartment,20-50yr,A,gas,15037.9,366.29,0
3707,IT,urban,8,>65,4,apartment,20-50yr,B,wood,47262.4,403.84,0
3708,PT,urban,9,35-65,3,house,20-50yr,B,gas,50028.36,523.02,0
3709,ES,urban,2,35-65,2,house,20-50yr,B,electric,11476.76,868.73,0
3710,PT,urban,3,<35,2,apartment,>50yr,B,wood,15004.29,573.92,0
3711,LV,suburban,5,35-65,4,house,20-50yr,G,gas,23477.4,2258.41,0
3712,PT,urban,4,35-65,2,apartment,<20yr,E,district,16362.07,1056.82,0
3713,LV,suburban,8,<35,1,apartment,>50yr,F,gas,33867.4,1082.4,0
3714,PT,suburban,3,<35,1,apartment,20-50yr,E,electric,12764.65,1448.2,1
3715,LV,urban,5,35-65,3,house,20-50yr,E,oil,21538.8,1354.74,0
3716,PT,urban,6,35-65,4,house,20-50yr,G,gas,21037.05,1778.3,0
3717,PT,urban,4,35-65,4,apartment,20-50yr,C,electric,15840.97,1088.75,0
3718,PT,urban,7,35-65,1,house,>50yr,E,electric,32365.92,1031.49,0
3719,LV,suburban,8,35-65,2,house,>50yr,G,electric,34143.73,1612.06,0
3720,ES,urban,6,35-65,1,apartment,>50yr,G,oil,19226.49,937.51,0
3721,ES,rural,5,<35,1,apartment,>50yr,D,electric,19838.8,500.34,0
3722,ES,suburban,10,35-65,1,apartment,<20yr,G,gas,59689.54,835.23,0
3723,LV,suburban,10,35-65,2,apartment,20-50yr,E,gas,55965.43,724.44,0
3724,ES,suburban,10,>65,2,other,<20yr,C,district,42685.88,428.52,0
3725,PT,suburban,1,35-65,1,house,20-50yr,C,electric,9339.81,1558.89,1
3726,PT,rural,9,35-65,3,apartment,<20yr,D,gas,41439.23,886.56,0
3727,LV,rural,9,>65,1,apartment,>50yr,C,gas,45243.45,712.98,0
3728,IT,urban,9,>65,3,apartment,<20yr,A,wood,50295.12,293.11,0
3729,PT,urban,8,<35,2,apartment,<20yr,B,electric,35337.71,379.74,0
3730,PT,urban,4,>65,1,apartment,>50yr,F,gas,13142.37,1354.55,1
3731,LV,urban,8,<35,1,apartment,20-50yr,G,wood,46845.15,675.54,0
3732,LV,suburban,6,>65,1,apartment,<20yr,G,district,17952.42,1404.03,0
3733,ES,urban,9,<35,3,apartment,20-50yr,E,wood,40907.64,491.18,0
3734,ES,suburban,4,35-65,2,apartment,>50yr,G,electric,21254.14,1567.99,0
3735,IT,suburban,8,>65,1,apartment,20-50yr,D,gas,32424.93,719.44,0
3736,LV,urban,8,<35,3,apartment,20-50yr,D,gas,32713.87,846.14,0
3737,IT,suburban,9,>65,2,apartment,20-50yr,D,gas,41624.61,662.49,0
3738,PT,urban,2,35-65,1,apartment,20-50yr,C,electric,10705.92,1559.41,1
3739,PT,suburban,9,<35,1,apartment,20-50yr,E,gas,37794.34,750.67,0
3740,ES,suburban,3,>65,1,other,20-50yr,D,electric,12726.39,1410.56,1
3741,IT,urban,10,35-65,3,apartment,20-50yr,G,electric,64621.21,944.78,0
3742,IT,suburban,1,>65,1,house,>50yr,C,oil,7387.3,1297.13,1
3743,LV,urban,3,>65,2,apartment,20-50yr,B,gas,15095.99,1103.24,0
3744,ES,suburban,7,<35,4,apartment,20-50yr,D,wood,26161.08,613.59,0
3745,IT,suburban,6,35-65,2,apartment,20-50yr,C,electric,30770.08,544.65,0
3746,PT,urban,7,35-65,1,house,20-50yr,G,electric,34530.49,1255.68,0
3747,IT,suburban,5,35-65,2,other,20-50yr,E,district,20719.61,865.18,0
3748,LV,rural,1,<35,6,apartment,20-50yr,D,gas,8807.84,2798.51,1
3749,IT,suburban,7,35-65,5,apartment,<20yr,E,wood,37693.18,900.2,0
3750,IT,suburban,6,>65,3,house,<20yr,D,wood,21511.81,612.08,0
3751,IT,suburban,6,<35,2,apartment,20-50yr,C,district,21338.02,424.72,0
3752,ES,urban,4,35-65,3,apartment,<20yr,D,gas,18509.65,817.75,0
3753,ES,suburban,9,35-65,2,house,20-50yr,C,gas,35420.17,394.25,0
3754,PT,rural,8,<35,5,apartment,20-50yr,E,gas,28522.3,944.02,0
3755,ES,urban,2,<35,4,house,>50yr,F,wood,8648.73,1725.23,1
3756,IT,urban,1,<35,2,apartment,20-50yr,C,gas,8180.14,990.76,1
3757,IT,urban,2,35-65,4,apartment,>50yr,E,gas,8105.75,2110.8,1
3758,IT,urban,1,<35,6,other,<20yr,F,district,7530.3,2302.88,1
3759,LV,urban,8,>65,4,apartment,>50yr,D,electric,21519.76,1250.35,0
3760,IT,urban,7,>65,2,apartment,20-50yr,D,gas,32036.54,853.44,0
3761,LV,suburban,5,<35,3,apartment,20-50yr,D,wood,22652.15,808.34,0
3762,IT,urban,6,>65,1,apartment,20-50yr,D,gas,24215.92,608.73,0
3763,IT,urban,9,>65,1,apartment,20-50yr,D,electric,51338.78,713.35,0
3764,IT,suburban,9,<35,3,apartment,20-50yr,C,gas,48449.63,418.18,0
3765,IT,urban,5,>65,5,apartment,20-50yr,D,electric,18649.4,1216.04,0
3766,PT,urban,6,35-65,5,apartment,>50yr,F,gas,21916.94,1570.2,0
3767,ES,suburban,6,35-65,2,house,>50yr,D,wood,28543.27,633.51,0
3768,IT,rural,10,<35,4,apartment,20-50yr,G,gas,60949.64,875.74,0
3769,PT,suburban,8,>65,1,other,>50yr,C,gas,34576.04,794.21,0
3770,ES,urban,4,>65,2,apartment,<20yr,D,district,13440.48,907.87,0
3771,LV,urban,9,>65,2,apartment,20-50yr,E,wood,49431.61,1007.54,0
3772,LV,rural,4,>65,3,other,20-50yr,E,electric,17676.11,1858.54,1
3773,PT,suburban,8,<35,5,house,20-50yr,G,district,35688.44,1289.23,0
3774,PT,suburban,10,35-65,4,apartment,>50yr,D,gas,35925.91,920.99,0
3775,PT,suburban,9,35-65,2,apartment,>50yr,D,electric,46577.69,808.44,0
3776,ES,urban,2,<35,3,house,>50yr,E,district,10899.75,1809.92,1
3777,PT,urban,3,<35,3,apartment,20-50yr,E,electric,12910.4,2146.91,1
3778,IT,suburban,8,>65,1,apartment,20-50yr,F,gas,31754.67,804.76,0
3779,PT,rural,2,35-65,3,apartment,>50yr,F,wood,11184.43,2189.46,1
3780,LV,urban,1,<35,1,house,<20yr,A,gas,8581.74,777.7,0
3781,IT,suburban,3,>65,3,house,>50yr,F,gas,13220.08,1946.83,1
3782,PT,urban,5,>65,1,apartment,<20yr,F,oil,22837.84,1348.78,0
3783,LV,rural,2,35-65,2,other,>50yr,E,gas,9253.95,2271.17,1
3784,IT,urban,2,35-65,2,apartment,>50yr,D,gas,9974.63,1390.75,1
3785,ES,suburban,4,35-65,1,house,<20yr,G,gas,19397.46,997.75,0
3786,LV,urban,6,35-65,2,apartment,<20yr,F,gas,23528.36,1530.87,0
3787,LV,suburban,6,35-65,1,house,20-50yr,C,electric,32342.96,731.61,0
3788,IT,suburban,8,35-65,3,apartment,20-50yr,D,oil,37526.98,657.91,0
3789,IT,urban,10,<35,1,apartment,>50yr,F,electric,46160.79,511.39,0
3790,PT,rural,1,35-65,6,apartment,<20yr,G,oil,6322.33,4554.09,1
3791,IT,rural,7,35-65,3,house,20-50yr,D,gas,33745.84,605.81,0
3792,IT,rural,2,35-65,1,apartment,20-50yr,G,gas,10042.46,2219.61,1
3793,IT,urban,4,35-65,2,apartment,<20yr,D,district,20079.82,607.21,0
3794,IT,suburban,4,35-65,1,apartment,20-50yr,D,electric,16137.72,706.61,0
3795,ES,suburban,8,35-65,2,house,>50yr,E,gas,37330.69,765.18,0
3796,PT,suburban,3,35-65,5,house,>50yr,B,district,13313.03,1039.2,0
3797,ES,suburban,9,<35,3,apartment,>50yr,B,electric,44679.81,319.05,0
3798,PT,suburban,4,>65,2,apartment,20-50yr,F,electric,19523.2,1906.15,0
3799,ES,urban,9,<35,1,house,20-50yr,C,gas,43123.58,287.55,0
3800,IT,urban,10,35-65,1,apartment,<20yr,C,oil,60732.78,394.24,0
3801,IT,urban,6,<35,1,apartment,20-50yr,B,gas,19376.92,293.39,0
3802,IT,urban,2,35-65,5,apartment,<20yr,C,electric,11707.6,1402.43,1
3803,IT,urban,8,35-65,3,apartment,<20yr,C,wood,36124.49,403.89,0
3804,IT,urban,5,35-65,2,other,20-50yr,D,oil,20190.36,697.06,0
3805,IT,suburban,4,>65,7,house,<20yr,G,gas,12225.65,2090.06,1
3806,IT,suburban,5,35-65,3,apartment,20-50yr,E,gas,16350.01,760.41,0
3807,PT,urban,3,35-65,3,house,20-50yr,E,wood,14485.68,1638.54,1
3808,ES,suburban,3,35-65,3,apartment,>50yr,B,district,14762.41,797.15,0
3809,LV,rural,10,>65,2,other,20-50yr,C,gas,58482.99,783.5,0
3810,PT,rural,3,>65,5,apartment,>50yr,G,gas,13984.82,4317.65,1
3811,ES,rural,5,35-65,1,other,20-50yr,E,oil,17544.44,815.14,0
3812,IT,rural,8,35-65,4,house,<20yr,F,wood,30855.42,935.26,0
3813,ES,suburban,3,>65,2,house,20-50yr,D,district,10203.05,1058.05,1
3814,IT,rural,7,>65,2,apartment,<20yr,E,oil,30566.05,773.44,0
3815,ES,rural,9,<35,3,house,20-50yr,E,gas,57228.5,665.15,0
3816,ES,urban,9,>65,2,house,>50yr,C,wood,42411.33,474.67,0
3817,ES,rural,1,35-65,4,apartment,>50yr,F,wood,7137.82,1984.88,1
3818,IT,suburban,5,35-65,3,apartment,20-50yr,D,gas,21080.85,711.6,0
3819,PT,suburban,1,35-65,1,house,<20yr,D,electric,7838.84,2483.8,1
3820,PT,rural,7,35-65,3,other,<20yr,B,gas,23121.26,531.64,0
3821,PT,urban,4,>65,1,house,>50yr,E,gas,18180.06,1323.55,0
3822,ES,urban,9,35-65,6,apartment,20-50yr,F,wood,42305.17,1116.77,0
3823,ES,suburban,2,<35,1,house,20-50yr,D,gas,10722.12,1115.11,1
3824,IT,suburban,9,35-65,1,apartment,<20yr,G,wood,57942.1,673.04,0
3825,PT,rural,4,<35,2,apartment,>50yr,C,gas,17236.17,699.8,0
3826,ES,rural,10,35-65,1,house,20-50yr,G,gas,72292.61,740.77,0
3827,IT,suburban,2,35-65,2,house,<20yr,F,electric,9716.5,2050.83,1
3828,IT,rural,3,35-65,1,house,20-50yr,G,gas,11162.3,1866.95,1
3829,LV,urban,4,<35,5,apartment,>50yr,F,oil,15498.22,1646.94,1
3830,ES,rural,10,<35,3,apartment,20-50yr,D,gas,65583.55,459.91,0
3831,ES,urban,8,35-65,2,house,>50yr,D,oil,32128.17,651.67,0
3832,ES,suburban,9,35-65,1,apartment,>50yr,F,district,34719.01,485.85,0
3833,ES,urban,6,>65,1,other,20-50yr,F,electric,26309.16,1387.63,0
3834,ES,suburban,8,35-65,1,other,>50yr,E,gas,33987.61,644.5,0
3835,IT,urban,7,35-65,4,house,>50yr,F,wood,32699.71,848.91,0
3836,ES,urban,7,35-65,2,house,20-50yr,D,gas,27125.01,659.53,0
3837,PT,suburban,9,<35,1,apartment,>50yr,C,gas,37438.62,503.36,0
3838,IT,suburban,10,>65,2,apartment,20-50yr,A,wood,70544.3,207.71,0
3839,PT,urban,6,35-65,3,house,20-50yr,E,gas,22064.66,1163.76,0
3840,IT,suburban,5,<35,1,apartment,20-50yr,E,electric,18526.49,627.96,0
3841,PT,urban,7,35-65,1,house,>50yr,E,gas,32151.16,820.58,0
3842,ES,urban,8,35-65,5,apartment,>50yr,E,oil,23701.23,997.76,0
3843,PT,urban,10,35-65,5,house,20-50yr,D,electric,61390.29,1020.39,0
3844,ES,suburban,7,<35,2,apartment,20-50yr,C,electric,39231.03,579.16,0
3845,LV,suburban,10,35-65,1,house,20-50yr,B,electric,62622.24,413.92,0
3846,ES,suburban,8,<35,4,apartment,>50yr,B,gas,30795.09,341.91,0
3847,PT,rural,10,35-65,1,house,20-50yr,E,gas,49345.15,747.85,0
3848,PT,suburban,8,>65,2,other,<20yr,F,wood,36349.14,1079.38,0
3849,IT,suburban,9,>65,2,apartment,20-50yr,G,wood,45420.97,775.99,0
3850,IT,rural,2,35-65,2,apartment,<20yr,B,wood,14013.07,631.22,0
3851,ES,urban,10,<35,3,apartment,<20yr,F,oil,69593.3,726.01,0
3852,IT,urban,4,35-65,5,house,20-50yr,E,electric,16944.01,1124.35,0
3853,ES,urban,8,35-65,1,house,<20yr,D,electric,33242.34,537.2,0
3854,ES,suburban,4,>65,3,house,>50yr,F,oil,15563.96,1321.6,0
3855,ES,suburban,5,35-65,4,apartment,20-50yr,G,gas,23131.46,1331.89,0
3856,IT,urban,8,35-65,3,apartment,20-50yr,D,electric,42330.36,771.63,0
3857,PT,rural,6,35-65,4,house,>50yr,E,gas,25257.35,1213.75,0
3858,ES,rural,8,35-65,1,house,20-50yr,C,gas,35993.42,515.33,0
3859,PT,urban,1,35-65,3,apartment,>50yr,C,oil,10983.58,1626.9,1
3860,IT,urban,9,>65,1,apartment,>50yr,B,gas,47617.43,378.04,0
3861,ES,urban,5,<35,2,apartment,20-50yr,A,oil,15434.22,235.18,0
3862,IT,urban,8,35-65,2,house,20-50yr,F,district,35815.39,735.07,0
3863,PT,rural,3,>65,1,house,20-50yr,B,district,14429.54,729.49,0
3864,IT,suburban,6,35-65,1,house,20-50yr,E,wood,24009.75,501.68,0
3865,LV,urban,6,35-65,2,house,20-50yr,G,wood,30208.98,1238.8,0
3866,IT,suburban,2,<35,6,house,20-50yr,F,gas,10469.1,1955.2,1
3867,ES,urban,5,35-65,1,apartment,20-50yr,C,oil,18116.48,368.68,0
3868,IT,urban,7,35-65,1,apartment,20-50yr,B,oil,26968.54,277.49,0
3869,ES,urban,9,35-65,2,apartment,<20yr,D,district,47578.21,537.23,0
3870,ES,suburban,9,35-65,1,other,<20yr,C,electric,35091.75,473.51,0
3871,ES,suburban,4,35-65,4,house,20-50yr,D,electric,16252.66,915.4,0
3872,IT,rural,7,35-65,3,apartment,<20yr,E,wood,34065.21,647.78,0
3873,IT,urban,2,>65,3,house,>50yr,E,oil,8969.61,2287.99,1
3874,IT,suburban,9,35-65,1,apartment,>50yr,C,gas,36804.11,443.89,0
3875,LV,urban,9,35-65,2,apartment,>50yr,C,electric,33345.93,820.77,0
3876,ES,urban,10,>65,3,house,20-50yr,G,electric,48086.44,1442.33,0
3877,IT,rural,5,<35,1,other,20-50yr,G,electric,19417.1,872.59,0
3878,LV,suburban,4,35-65,3,apartment,20-50yr,E,district,16888.14,1305.75,0
3879,IT,urban,8,<35,2,apartment,20-50yr,E,electric,31374.95,659.03,0
3880,ES,suburban,8,35-65,3,other,>50yr,E,wood,33994.14,642.57,0
3881,PT,suburban,3,>65,6,house,20-50yr,B,gas,16216.16,1468.13,0
3882,LV,rural,6,35-65,4,house,20-50yr,G,gas,26284.11,2222.89,0
3883,PT,suburban,7,>65,3,apartment,20-50yr,C,gas,41320.52,958.6,0
3884,ES,urban,5,<35,4,apartment,>50yr,E,electric,18983.51,1093.6,0
3885,LV,suburban,4,35-65,2,apartment,20-50yr,C,wood,16359.71,747.62,0
3886,IT,urban,3,35-65,5,apartment,>50yr,F,electric,14327.54,2293.42,1
3887,LV,urban,5,<35,3,house,>50yr,F,electric,19440.37,1300.58,0
3888,PT,suburban,3,35-65,1,house,>50yr,F,electric,13944.27,2294.88,1
3889,LV,suburban,4,35-65,7,house,20-50yr,D,district,13125.39,1639.67,1
3890,IT,urban,2,35-65,3,apartment,>50yr,E,gas,10405.05,1901.08,1
3891,IT,suburban,4,>65,2,apartment,>50yr,E,gas,19962.58,1356.12,0
3892,PT,suburban,7,>65,1,house,>50yr,F,electric,39914.85,1335.89,0
3893,ES,suburban,4,35-65,4,apartment,>50yr,D,oil,21747.94,865.8,0
3894,ES,urban,2,>65,5,apartment,20-50yr,E,gas,11209.67,2985.16,1
3895,LV,urban,9,<35,2,apartment,>50yr,E,gas,46218.41,795.95,0
3896,ES,urban,5,35-65,1,apartment,20-50yr,C,electric,22067.31,558.56,0
3897,IT,urban,6,35-65,4,apartment,>50yr,E,gas,23005.45,1066.95,0
3898,ES,urban,6,35-65,1,apartment,>50yr,B,gas,21649.93,346.2,0
3899,IT,urban,6,35-65,2,house,>50yr,F,gas,25948.61,866.84,0
3900,IT,urban,5,35-65,4,apartment,20-50yr,D,gas,20655.97,896.78,0
3901,IT,urban,8,>65,1,house,>50yr,F,electric,40829.8,874.54,0
3902,PT,rural,9,35-65,2,house,>50yr,B,wood,30087.65,347.07,0
3903,PT,suburban,10,>65,3,apartment,20-50yr,D,gas,53586.81,932.39,0
3904,ES,urban,5,35-65,2,apartment,20-50yr,C,electric,25176.37,684.9,0
3905,ES,rural,4,35-65,3,apartment,>50yr,G,electric,19080.37,1630.67,0
3906,PT,urban,1,35-65,3,apartment,>50yr,B,gas,6903.23,1402.99,1
3907,PT,urban,5,35-65,3,apartment,20-50yr,D,oil,17256.12,966.36,0
3908,LV,rural,10,35-65,2,other,20-50yr,B,gas,54620.63,457.66,0
3909,ES,urban,3,35-65,3,apartment,20-50yr,F,district,15749.91,1671.41,1
3910,PT,urban,9,35-65,6,apartment,20-50yr,C,electric,46462.42,1054.44,0
3911,ES,urban,8,<35,1,other,20-50yr,E,gas,36628.94,586.86,0
3912,ES,suburban,7,35-65,5,house,20-50yr,C,district,33032.94,712.67,0
3913,LV,suburban,6,35-65,2,house,>50yr,D,electric,25984.36,991.69,0
3914,ES,urban,8,>65,1,apartment,>50yr,B,gas,39386.42,465.1,0
3915,ES,urban,1,35-65,5,house,20-50yr,E,gas,9207.82,2741.21,1
3916,IT,urban,2,35-65,3,house,>50yr,A,electric,10289.92,725.11,0
3917,ES,suburban,2,35-65,5,house,20-50yr,G,oil,9631.35,2448.15,1
3918,ES,urban,8,35-65,2,house,<20yr,D,oil,40159.33,688.1,0
3919,PT,rural,5,35-65,4,apartment,>50yr,E,district,19451.2,1273.78,0
3920,ES,suburban,3,<35,3,other,<20yr,C,district,10455.13,1008.74,0
3921,IT,urban,1,>65,2,other,<20yr,C,gas,9910.05,1792.4,1
3922,LV,suburban,5,35-65,1,house,>50yr,F,district,21815.69,948.09,0
3923,IT,urban,4,35-65,1,apartment,20-50yr,F,gas,18058.46,1056.29,0
3924,LV,urban,2,35-65,3,house,20-50yr,E,district,10699.11,2540.21,1
3925,IT,urban,1,35-65,5,apartment,20-50yr,F,gas,9070.45,3192.24,1
3926,ES,suburban,8,<35,4,house,20-50yr,C,gas,29696.7,540.12,0
3927,ES,suburban,8,35-65,3,apartment,20-50yr,G,electric,36019.17,1192.01,0
3928,PT,rural,3,<35,1,house,20-50yr,D,gas,14605.51,1128.46,0
3929,IT,urban,5,<35,1,other,20-50yr,G,wood,22809.41,718.74,0
3930,LV,urban,3,<35,4,apartment,20-50yr,F,gas,10835.0,2341.5,1
3931,ES,suburban,5,35-65,1,house,20-50yr,C,electric,22956.47,573.44,0
3932,ES,urban,2,<35,4,house,>50yr,E,district,10330.44,1887.28,1
3933,ES,urban,10,>65,5,apartment,20-50yr,G,electric,49879.04,1398.64,0
3934,IT,rural,8,>65,3,apartment,>50yr,A,electric,28482.46,349.38,0
3935,ES,rural,10,<35,1,apartment,>50yr,D,district,76878.06,411.67,0
3936,IT,rural,3,35-65,1,house,20-50yr,E,gas,13733.46,1146.43,0
3937,IT,urban,9,35-65,2,apartment,<20yr,D,gas,44614.09,451.77,0
3938,ES,urban,6,>65,4,apartment,20-50yr,D,gas,21351.08,867.84,0
3939,ES,urban,2,35-65,2,apartment,>50yr,F,gas,8745.05,1952.86,1
3940,IT,rural,4,35-65,2,apartment,<20yr,G,gas,19774.54,1380.36,0
3941,IT,urban,9,35-65,3,apartment,<20yr,E,electric,35117.65,743.01,0
3942,IT,urban,8,>65,2,house,20-50yr,G,gas,43774.72,1133.29,0
3943,IT,urban,8,<35,5,apartment,>50yr,B,oil,47162.48,378.75,0
3944,ES,suburban,3,>65,3,house,<20yr,C,oil,12462.69,1451.6,1
3945,IT,suburban,7,<35,3,house,20-50yr,B,electric,27994.69,420.81,0
3946,LV,suburban,10,35-65,1,house,20-50yr,D,electric,37556.98,737.05,0
3947,IT,urban,1,35-65,2,apartment,>50yr,E,gas,6159.46,2043.46,1
3948,IT,suburban,4,<35,3,house,20-50yr,C,wood,19239.86,489.96,0
3949,LV,urban,1,<35,2,house,20-50yr,D,electric,9656.38,1908.06,1
3950,IT,urban,2,35-65,2,apartment,>50yr,E,wood,9782.83,1280.53,1
3951,ES,urban,10,35-65,1,apartment,20-50yr,E,electric,50036.87,560.51,0
3952,LV,suburban,3,35-65,2,apartment,>50yr,E,oil,11043.92,1854.76,1
3953,LV,urban,2,<35,4,house,20-50yr,E,gas,9284.69,2764.11,1
3954,PT,rural,1,35-65,2,apartment,<20yr,G,gas,9764.35,3034.46,1
3955,IT,suburban,10,<35,2,other,20-50yr,F,electric,57618.2,841.52,0
3956,ES,urban,5,35-65,4,house,20-50yr,G,electric,16042.68,1679.64,1
3957,LV,suburban,8,35-65,4,house,>50yr,G,electric,39192.78,1774.93,0
3958,LV,suburban,3,>65,2,other,20-50yr,G,wood,19980.06,2762.79,1
3959,IT,urban,7,>65,2,house,20-50yr,B,gas,28278.29,408.56,0
3960,ES,suburban,9,35-65,1,apartment,>50yr,E,district,38909.92,478.08,0
3961,IT,urban,7,35-65,4,apartment,20-50yr,D,district,32734.8,655.84,0
3962,IT,urban,6,>65,3,house,20-50yr,B,gas,29073.88,623.19,0
3963,PT,suburban,3,<35,3,apartment,<20yr,E,gas,15836.18,1531.24,0
3964,IT,suburban,3,<35,7,other,>50yr,C,electric,13349.68,1535.27,1
3965,IT,urban,6,35-65,4,apartment,20-50yr,E,gas,23471.77,944.58,0
3966,IT,urban,5,35-65,3,apartment,>50yr,F,gas,16214.09,1103.32,0
3967,ES,suburban,1,35-65,4,house,>50yr,D,electric,6652.39,2292.69,1
3968,IT,urban,2,>65,1,house,20-50yr,G,electric,11611.57,2926.75,1
3969,ES,rural,5,35-65,1,house,<20yr,F,gas,19381.88,1015.26,0
3970,IT,suburban,2,35-65,5,apartment,20-50yr,F,district,11414.2,2277.57,1
3971,LV,rural,6,35-65,4,apartment,<20yr,B,gas,24120.99,759.46,0
3972,IT,urban,4,35-65,2,house,>50yr,G,gas,17662.91,1328.43,0
3973,ES,rural,3,<35,2,other,20-50yr,A,gas,14040.78,454.11,0
3974,IT,urban,2,>65,2,apartment,20-50yr,F,district,12302.62,2093.24,1
3975,IT,urban,6,35-65,1,house,20-50yr,A,wood,28394.07,183.02,0
3976,IT,urban,2,35-65,1,apartment,20-50yr,C,gas,10971.71,892.43,0
3977,IT,urban,7,>65,3,house,20-50yr,D,oil,29094.72,980.58,0
3978,IT,rural,10,35-65,2,apartment,>50yr,F,gas,54704.77,736.65,0
3979,ES,suburban,10,35-65,2,other,>50yr,G,gas,48897.69,748.99,0
3980,PT,suburban,7,35-65,1,apartment,>50yr,E,gas,35308.95,810.29,0
3981,IT,suburban,9,>65,3,house,20-50yr,F,wood,39523.27,837.54,0
3982,ES,suburban,10,>65,2,house,20-50yr,C,electric,53696.87,677.62,0
3983,ES,suburban,7,35-65,5,apartment,>50yr,G,electric,30803.53,1505.86,0
3984,IT,rural,3,<35,2,apartment,20-50yr,D,gas,14666.43,1053.16,0
3985,ES,suburban,6,>65,1,house,20-50yr,G,district,26029.03,1031.66,0
3986,IT,suburban,9,>65,4,house,<20yr,F,district,42127.49,1122.54,0
3987,IT,urban,7,35-65,1,house,>50yr,D,gas,38394.74,627.34,0
3988,ES,rural,4,>65,5,house,20-50yr,D,oil,17698.73,1318.49,0
3989,LV,urban,2,35-65,1,apartment,20-50yr,E,oil,10593.11,1646.72,1
3990,LV,urban,2,35-65,4,other,<20yr,G,district,14404.32,3601.3,1
3991,LV,rural,4,35-65,1,apartment,<20yr,E,electric,15573.05,1154.26,0
3992,ES,urban,9,<35,3,house,20-50yr,G,gas,56284.99,932.65,0
3993,IT,urban,6,35-65,1,other,<20yr,G,gas,18533.24,939.7,0
3994,IT,urban,1,35-65,2,other,>50yr,D,electric,7532.18,2093.53,1
3995,IT,urban,10,<35,2,apartment,>50yr,E,electric,42814.44,553.84,0
3996,IT,rural,5,35-65,1,apartment,>50yr,E,gas,17119.25,744.12,0
3997,IT,rural,4,35-65,3,house,>50yr,C,wood,18730.04,512.05,0
3998,ES,suburban,9,35-65,2,apartment,>50yr,F,wood,44881.62,694.55,0
3999,IT,rural,4,>65,2,house,>50yr,C,electric,15973.85,727.65,0
4000,IT,suburban,7,35-65,3,apartment,20-50yr,F,electric,38330.76,959.38,0
4001,PT,rural,10,>65,3,apartment,>50yr,E,electric,65201.82,1179.08,0
4002,ES,urban,6,<35,1,apartment,20-50yr,F,electric,24807.3,854.35,0
4003,LV,suburban,7,<35,2,house,20-50yr,E,gas,22871.91,1051.88,0
4004,IT,urban,4,35-65,1,house,<20yr,E,electric,20207.02,847.44,0
4005,ES,urban,9,35-65,1,apartment,20-50yr,C,electric,39996.71,478.95,0
4006,IT,suburban,1,35-65,2,apartment,>50yr,F,district,8358.46,2126.09,1
4007,ES,urban,3,35-65,1,apartment,20-50yr,D,gas,15779.52,1088.12,0
4008,IT,suburban,10,<35,2,house,20-50yr,E,gas,51787.35,516.29,0
4009,IT,suburban,5,35-65,2,house,20-50yr,F,electric,25440.42,1151.03,0
4010,ES,urban,2,<35,1,house,>50yr,D,wood,10391.3,1070.32,1
4011,IT,urban,5,35-65,3,other,>50yr,C,electric,22767.72,747.48,0
4012,IT,suburban,3,<35,1,apartment,20-50yr,C,gas,15679.16,795.14,0
4013,LV,rural,6,35-65,2,house,20-50yr,E,electric,28666.31,1592.91,0
4014,IT,urban,3,35-65,4,apartment,20-50yr,C,gas,18186.67,1063.58,0
4015,ES,rural,4,<35,3,house,>50yr,D,electric,15469.55,857.51,0
4016,ES,rural,10,35-65,1,apartment,<20yr,C,oil,46405.05,420.93,0
4017,IT,suburban,1,35-65,6,house,>50yr,D,electric,7623.47,2799.19,1
4018,ES,urban,8,35-65,1,house,<20yr,D,electric,56829.95,566.92,0
4019,IT,suburban,1,35-65,3,apartment,>50yr,E,gas,9796.53,1974.62,1
4020,PT,rural,5,35-65,1,house,20-50yr,E,oil,19336.73,1101.7,0
4021,IT,urban,7,>65,4,house,>50yr,E,district,28475.43,1065.82,0
4022,IT,rural,10,<35,2,other,>50yr,D,electric,54875.42,491.94,0
4023,IT,rural,3,>65,2,apartment,>50yr,G,wood,14585.19,1869.88,1
4024,LV,suburban,1,<35,3,other,>50yr,E,electric,8807.62,3487.98,1
4025,PT,suburban,8,35-65,2,house,<20yr,F,oil,39883.09,1140.02,0
4026,LV,suburban,9,35-65,2,house,20-50yr,E,gas,51454.79,966.01,0
4027,PT,suburban,6,<35,1,apartment,20-50yr,D,district,33760.97,651.63,0
4028,PT,rural,1,<35,6,house,20-50yr,F,gas,7841.34,3741.76,1
4029,ES,urban,6,<35,2,house,20-50yr,C,gas,24211.27,513.83,0
4030,LV,urban,4,<35,1,house,20-50yr,G,gas,16569.45,1513.93,0
4031,ES,urban,5,35-65,6,other,>50yr,E,electric,20145.82,1577.26,0
4032,ES,rural,1,<35,2,apartment,20-50yr,B,electric,8455.2,799.18,0
4033,ES,urban,4,>65,2,house,20-50yr,D,electric,19250.54,1113.83,0
4034,ES,rural,10,>65,2,apartment,20-50yr,F,gas,71254.67,1092.79,0
4035,IT,suburban,1,35-65,2,apartment,>50yr,B,oil,7192.9,850.76,1
4036,ES,urban,10,<35,7,apartment,<20yr,C,gas,58039.63,695.17,0
4037,IT,rural,6,35-65,1,apartment,>50yr,G,wood,22038.18,794.3,0
4038,PT,suburban,6,>65,4,apartment,20-50yr,D,gas,26565.32,1470.94,0
4039,ES,urban,10,35-65,3,apartment,20-50yr,C,electric,82123.33,579.61,0
4040,PT,urban,3,<35,1,apartment,20-50yr,B,gas,13715.65,616.33,0
4041,ES,urban,10,>65,3,house,>50yr,E,gas,79456.14,991.71,0
4042,PT,urban,3,35-65,1,apartment,>50yr,E,oil,12348.25,1655.61,1
4043,IT,urban,4,35-65,3,apartment,20-50yr,E,district,16332.51,836.48,0
4044,LV,suburban,5,>65,1,apartment,20-50yr,G,electric,19948.0,2389.57,1
4045,ES,urban,7,>65,1,apartment,20-50yr,B,electric,30797.27,396.86,0
4046,IT,urban,4,35-65,2,apartment,20-50yr,C,gas,17100.07,548.55,0
4047,IT,urban,8,35-65,4,other,20-50yr,C,electric,40371.09,725.39,0
4048,IT,urban,1,35-65,1,house,>50yr,D,electric,5297.77,1734.65,1
4049,ES,rural,7,<35,1,apartment,20-50yr,B,wood,25899.39,224.79,0
4050,PT,urban,7,35-65,4,apartment,>50yr,D,electric,39859.79,1034.43,0
4051,LV,urban,6,<35,2,apartment,20-50yr,F,electric,20241.48,1267.57,0
4052,PT,suburban,7,35-65,1,house,20-50yr,C,district,28437.35,549.89,0
4053,ES,rural,8,35-65,2,other,>50yr,G,gas,39464.19,951.7,0
4054,ES,suburban,10,>65,2,apartment,20-50yr,G,oil,54626.05,1024.86,0
4055,PT,rural,3,>65,4,apartment,<20yr,E,electric,12324.36,3197.34,1
4056,PT,rural,5,<35,3,house,20-50yr,G,gas,22449.96,1364.69,0
4057,IT,suburban,6,<35,1,apartment,20-50yr,F,gas,28339.37,671.63,0
4058,LV,rural,4,35-65,3,apartment,>50yr,D,electric,16001.08,1203.35,0
4059,ES,urban,10,35-65,2,house,>50yr,E,gas,58465.86,652.93,0
4060,PT,rural,6,<35,3,house,>50yr,B,wood,28445.6,399.8,0
4061,LV,rural,6,35-65,1,apartment,>50yr,D,gas,29398.55,806.76,0
4062,PT,rural,2,35-65,2,house,20-50yr,F,gas,11627.88,2693.54,1
4063,IT,suburban,5,<35,1,apartment,20-50yr,E,oil,27138.21,679.64,0
4064,ES,suburban,7,35-65,2,apartment,20-50yr,D,gas,30213.72,666.65,0
4065,IT,urban,5,>65,4,house,20-50yr,E,gas,18120.94,1342.32,0
4066,PT,suburban,8,35-65,4,house,20-50yr,G,electric,34839.32,1869.84,0
4067,IT,urban,2,<35,3,house,<20yr,B,electric,13193.24,871.35,0
4068,PT,suburban,2,35-65,3,house,>50yr,D,electric,9620.34,2499.31,1
4069,LV,suburban,4,>65,5,house,20-50yr,C,electric,12502.31,1290.05,1
4070,IT,urban,4,<35,5,house,20-50yr,G,oil,18749.4,1184.84,0
4071,ES,urban,9,35-65,5,house,20-50yr,E,wood,40230.17,670.04,0
4072,ES,urban,9,35-65,4,apartment,<20yr,B,gas,60244.88,493.5,0
4073,ES,suburban,5,35-65,3,house,<20yr,E,wood,21856.42,841.13,0
4074,IT,suburban,6,<35,4,apartment,20-50yr,E,gas,30097.79,733.96,0
4075,IT,suburban,3,>65,2,house,20-50yr,B,electric,13006.91,883.82,0
4076,ES,urban,6,35-65,4,apartment,>50yr,G,gas,27329.39,1195.66,0
4077,ES,rural,8,<35,1,apartment,20-50yr,F,electric,38063.17,749.44,0
4078,ES,suburban,8,<35,2,house,>50yr,A,gas,44275.69,216.09,0
4079,IT,urban,10,35-65,2,house,>50yr,G,gas,56601.51,792.54,0
4080,ES,urban,6,<35,4,apartment,>50yr,C,gas,23111.48,533.9,0
4081,ES,suburban,4,35-65,3,apartment,>50yr,A,gas,20450.23,345.22,0
4082,IT,urban,1,>65,4,house,20-50yr,D,gas,7187.26,3210.27,1
4083,PT,urban,7,<35,2,other,<20yr,B,electric,26538.49,451.65,0
4084,IT,urban,9,>65,2,apartment,<20yr,E,gas,42716.79,931.03,0
4085,ES,urban,6,>65,3,apartment,<20yr,D,electric,23806.45,1039.71,0
4086,LV,urban,10,<35,1,apartment,>50yr,C,gas,55138.12,516.11,0
4087,ES,urban,4,35-65,3,apartment,20-50yr,G,gas,15831.63,1471.08,0
4088,ES,rural,1,>65,4,apartment,<20yr,D,gas,9463.47,2609.81,1
4089,IT,suburban,7,35-65,6,house,<20yr,D,electric,35411.04,1062.5,0
4090,IT,urban,2,35-65,5,apartment,>50yr,C,electric,12459.6,1854.73,1
4091,IT,suburban,1,>65,1,apartment,20-50yr,F,wood,8928.25,2034.15,1
4092,PT,suburban,8,35-65,1,apartment,<20yr,C,gas,27284.32,549.73,0
4093,PT,urban,5,35-65,1,apartment,>50yr,B,electric,21369.56,586.12,0
4094,IT,urban,7,<35,1,apartment,>50yr,G,electric,34119.48,981.9,0
4095,IT,urban,8,35-65,2,apartment,20-50yr,C,wood,44019.06,328.79,0
4096,IT,suburban,4,35-65,4,apartment,20-50yr,G,oil,16972.89,1207.8,0
4097,ES,suburban,7,35-65,1,house,20-50yr,E,gas,36478.53,813.59,0
4098,ES,urban,6,<35,4,apartment,20-50yr,F,district,26179.58,869.33,0
4099,PT,suburban,6,>65,2,house,>50yr,B,gas,16969.68,752.19,0
4100,LV,rural,8,35-65,1,house,>50yr,G,district,35468.2,1059.66,0
4101,IT,urban,4,35-65,3,apartment,20-50yr,C,gas,15427.92,625.94,0
4102,PT,suburban,6,<35,4,apartment,20-50yr,B,electric,22806.76,673.74,0
4103,ES,suburban,6,<35,4,house,>50yr,F,electric,29273.45,1207.02,0
4104,IT,suburban,2,<35,1,apartment,<20yr,C,gas,11501.93,756.63,0
4105,LV,suburban,3,35-65,7,apartment,<20yr,D,oil,12952.59,2778.23,1
4106,IT,suburban,1,<35,3,house,>50yr,E,gas,7227.9,1721.06,1
4107,PT,urban,2,>65,3,house,20-50yr,B,gas,11747.05,1627.31,1
4108,PT,urban,5,35-65,2,other,20-50yr,C,gas,20427.22,752.39,0
4109,LV,rural,10,<35,1,apartment,20-50yr,D,district,61057.83,517.98,0
4110,ES,urban,10,>65,4,apartment,20-50yr,D,district,48588.38,704.92,0
4111,IT,rural,8,35-65,2,apartment,20-50yr,E,electric,34002.47,659.42,0
4112,PT,urban,6,35-65,3,apartment,>50yr,F,electric,21135.24,1422.73,0
4113,PT,suburban,3,<35,2,apartment,<20yr,D,gas,12884.58,1434.53,1
4114,ES,suburban,4,35-65,2,apartment,<20yr,D,electric,24260.93,896.93,0
4115,PT,urban,8,35-65,1,apartment,20-50yr,C,district,32234.94,463.57,0
4116,IT,rural,10,>65,3,apartment,<20yr,D,wood,51229.62,641.21,0
4117,ES,urban,10,35-65,4,apartment,20-50yr,B,oil,48604.8,394.19,0
4118,LV,suburban,4,>65,5,apartment,>50yr,E,gas,17025.51,2356.98,1
4119,IT,suburban,5,35-65,5,house,>50yr,C,wood,20773.22,539.88,0
4120,ES,rural,6,35-65,3,apartment,20-50yr,F,district,30012.77,1177.21,0
4121,LV,suburban,1,35-65,4,house,20-50yr,A,district,7527.69,1126.06,1
4122,PT,rural,2,35-65,4,apartment,>50yr,B,electric,11190.06,1761.86,1
4123,LV,rural,1,35-65,3,apartment,>50yr,C,gas,6039.54,2036.61,1
4124,ES,urban,8,35-65,3,other,>50yr,D,district,31620.44,520.11,0
4125,LV,rural,3,<35,4,other,20-50yr,E,electric,16476.19,2214.75,1
4126,IT,rural,8,35-65,4,apartment,<20yr,E,gas,31662.95,963.11,0
4127,ES,urban,4,35-65,2,apartment,<20yr,G,gas,19635.56,1115.79,0
4128,ES,suburban,8,35-65,5,house,20-50yr,D,electric,31333.05,1063.58,0
4129,PT,urban,2,<35,2,apartment,<20yr,B,wood,10718.33,711.19,0
4130,LV,suburban,4,<35,2,apartment,>50yr,G,district,22633.58,1411.95,0
4131,PT,urban,3,<35,5,apartment,<20yr,F,district,15655.41,2307.17,1
4132,ES,suburban,5,<35,1,apartment,20-50yr,B,electric,15669.22,358.63,0
4133,ES,urban,6,<35,2,house,>50yr,B,district,40531.54,312.92,0
4134,ES,suburban,2,<35,2,house,>50yr,D,gas,9413.11,1142.75,1
4135,ES,urban,7,35-65,3,apartment,20-50yr,D,gas,39691.6,897.08,0
4136,IT,suburban,10,35-65,1,apartment,20-50yr,E,gas,51439.08,581.67,0
4137,ES,suburban,1,>65,1,apartment,>50yr,C,wood,6653.35,1038.35,1
4138,LV,suburban,1,>65,2,house,>50yr,G,district,7476.56,3836.25,1
4139,PT,urban,10,<35,2,house,20-50yr,E,wood,49865.81,594.05,0
4140,PT,urban,7,35-65,5,apartment,20-50yr,F,district,27631.95,1406.75,0
4141,ES,urban,10,35-65,1,house,20-50yr,B,electric,55495.11,267.38,0
4142,ES,rural,8,35-65,4,apartment,>50yr,E,wood,38676.23,944.63,0
4143,IT,urban,8,35-65,2,house,<20yr,G,gas,44548.6,716.31,0
4144,ES,suburban,2,35-65,4,apartment,20-50yr,A,wood,11359.52,553.88,0
4145,ES,urban,6,35-65,2,apartment,>50yr,E,wood,25292.29,675.73,0
4146,IT,suburban,4,35-65,4,apartment,>50yr,C,electric,15702.35,742.97,0
4147,IT,urban,9,35-65,2,house,<20yr,D,gas,41229.72,604.05,0
4148,PT,suburban,1,35-65,1,apartment,>50yr,F,gas,7417.36,2841.58,1
4149,ES,urban,1,>65,4,apartment,20-50yr,E,wood,6510.79,2554.74,1
4150,ES,urban,6,>65,5,house,20-50yr,F,electric,36653.57,1790.3,0
4151,IT,urban,10,35-65,2,house,20-50yr,C,electric,57036.58,480.69,0
4152,ES,urban,10,35-65,1,apartment,20-50yr,F,district,57144.72,599.31,0
4153,ES,suburban,6,>65,3,apartment,>50yr,E,gas,30009.92,1006.68,0
4154,ES,rural,5,35-65,1,house,<20yr,B,gas,14257.6,435.69,0
4155,ES,suburban,3,<35,1,apartment,>50yr,G,wood,19587.01,1438.92,0
4156,IT,rural,10,35-65,3,apartment,20-50yr,B,gas,48351.56,348.04,0
4157,LV,suburban,2,35-65,1,apartment,>50yr,A,electric,9634.92,833.04,0
4158,IT,urban,2,<35,3,apartment,>50yr,F,oil,10139.76,1758.73,1
4159,ES,urban,6,35-65,1,house,>50yr,A,electric,28977.6,240.86,0
4160,IT,urban,4,35-65,1,house,>50yr,B,gas,24139.62,373.57,0
4161,ES,urban,5,<35,1,apartment,20-50yr,A,gas,26855.06,242.72,0
4162,IT,rural,10,>65,2,other,20-50yr,G,wood,51164.42,849.72,0
4163,LV,suburban,3,<35,4,house,20-50yr,A,electric,10690.09,963.43,0
4164,ES,suburban,9,35-65,1,house,20-50yr,D,wood,40408.78,448.74,0
4165,ES,suburban,3,35-65,1,apartment,20-50yr,C,electric,12719.38,938.29,0
4166,IT,urban,4,<35,3,apartment,20-50yr,D,gas,13673.72,747.44,0
4167,IT,suburban,1,35-65,1,house,<20yr,C,gas,8730.91,1134.92,1
4168,ES,urban,7,35-65,6,house,>50yr,G,electric,30019.9,1431.57,0
4169,ES,urban,9,35-65,4,apartment,<20yr,F,oil,46352.9,1057.28,0
4170,ES,urban,9,35-65,5,apartment,20-50yr,G,electric,47988.08,1446.39,0
4171,LV,urban,2,>65,3,apartment,20-50yr,F,electric,12189.85,6053.9,1
4172,PT,suburban,8,>65,2,apartment,20-50yr,D,wood,35653.97,748.19,0
4173,LV,urban,2,<35,1,apartment,>50yr,C,gas,14067.8,1372.04,0
4174,IT,urban,7,35-65,1,apartment,20-50yr,E,wood,27874.08,498.52,0
4175,PT,rural,8,35-65,3,apartment,>50yr,D,electric,32711.95,884.75,0
4176,ES,rural,2,>65,2,house,20-50yr,E,oil,10624.16,2670.64,1
4177,ES,suburban,2,>65,2,house,<20yr,A,gas,11924.49,603.86,0
4178,LV,suburban,1,35-65,3,apartment,>50yr,F,gas,8862.09,3784.26,1
4179,PT,suburban,8,>65,4,apartment,<20yr,C,oil,34208.56,1090.51,0
4180,LV,urban,7,35-65,1,apartment,>50yr,D,gas,28596.31,718.36,0
4181,PT,urban,2,35-65,4,apartment,>50yr,G,wood,13377.96,2785.69,1
4182,IT,urban,6,35-65,4,house,20-50yr,C,oil,20547.25,677.01,0
4183,PT,urban,8,35-65,6,apartment,>50yr,B,oil,54357.33,575.86,0
4184,ES,rural,3,35-65,1,house,20-50yr,C,gas,13382.64,917.86,0
4185,LV,suburban,7,35-65,5,apartment,20-50yr,D,district,29094.0,1045.4,0
4186,PT,rural,3,35-65,1,other,20-50yr,E,district,14798.48,1731.34,1
4187,IT,suburban,3,>65,3,house,20-50yr,G,gas,15162.97,2995.09,1
4188,IT,suburban,4,35-65,4,house,>50yr,G,electric,15862.6,1516.16,0
4189,IT,suburban,4,35-65,2,other,20-50yr,F,district,18411.17,699.15,0
4190,ES,suburban,5,35-65,1,apartment,>50yr,F,gas,18255.62,971.62,0
4191,IT,suburban,3,<35,3,apartment,20-50yr,C,gas,12797.2,990.2,0
4192,PT,urban,4,35-65,5,apartment,20-50yr,G,district,13756.12,1994.92,1
4193,ES,suburban,7,35-65,2,house,20-50yr,E,electric,30640.09,911.26,0
4194,PT,urban,4,<35,5,house,>50yr,C,district,17043.26,826.08,0
4195,IT,suburban,7,>65,1,apartment,>50yr,G,gas,22178.81,1079.79,0
4196,ES,urban,2,35-65,4,house,>50yr,E,electric,9931.86,2216.06,1
4197,IT,suburban,2,<35,1,apartment,<20yr,C,electric,10952.67,937.26,0
4198,LV,urban,9,<35,2,apartment,20-50yr,F,electric,48915.75,1062.41,0
4199,IT,urban,5,35-65,4,house,20-50yr,C,district,17326.58,661.12,0
4200,IT,suburban,7,>65,1,apartment,>50yr,C,oil,28675.71,486.44,0
4201,IT,urban,8,35-65,1,apartment,<20yr,C,district,30523.38,361.83,0
4202,PT,rural,2,<35,5,house,<20yr,E,gas,12264.02,2561.89,1
4203,IT,urban,10,<35,1,apartment,>50yr,C,district,49753.98,260.17,0
4204,ES,urban,5,35-65,4,apartment,20-50yr,A,oil,22699.5,298.62,0
4205,PT,urban,9,35-65,3,apartment,20-50yr,D,gas,40749.65,873.08,0
4206,PT,rural,5,35-65,1,apartment,>50yr,C,electric,16263.75,640.54,0
4207,IT,suburban,5,35-65,1,house,20-50yr,E,gas,20780.78,760.51,0
4208,IT,urban,7,35-65,3,house,20-50yr,D,gas,25116.72,733.72,0
4209,ES,urban,2,35-65,1,apartment,>50yr,B,district,13011.13,817.32,0
4210,IT,suburban,7,35-65,1,house,>50yr,C,district,39406.43,504.57,0
4211,PT,rural,10,<35,2,house,<20yr,C,gas,60520.89,533.25,0
4212,ES,urban,7,35-65,1,house,>50yr,D,gas,27251.41,547.25,0
4213,ES,urban,1,35-65,1,house,20-50yr,F,gas,8026.78,2065.73,1
4214,IT,urban,7,35-65,2,apartment,>50yr,C,wood,31334.34,412.87,0
4215,ES,urban,1,<35,2,house,20-50yr,C,electric,9413.4,1271.19,1
4216,IT,suburban,2,<35,1,apartment,20-50yr,A,electric,10693.58,472.31,0
4217,PT,rural,3,35-65,1,apartment,>50yr,E,electric,14883.93,2087.7,1
4218,IT,rural,4,35-65,2,apartment,<20yr,D,district,13603.49,671.24,0
4219,LV,suburban,1,35-65,2,apartment,>50yr,E,gas,8295.45,3194.47,1
4220,PT,urban,1,35-65,1,apartment,>50yr,E,gas,7031.41,2056.97,1
4221,IT,rural,8,<35,5,house,>50yr,A,electric,36231.99,308.12,0
4222,IT,urban,5,35-65,3,apartment,<20yr,D,district,17971.73,591.43,0
4223,IT,urban,2,35-65,1,apartment,20-50yr,G,oil,11700.3,2112.74,1
4224,IT,suburban,5,<35,3,other,<20yr,C,wood,23109.07,414.74,0
4225,IT,urban,7,>65,3,apartment,20-50yr,E,wood,28969.62,726.32,0
4226,LV,rural,8,35-65,7,apartment,20-50yr,E,gas,31614.49,1602.62,0
4227,ES,rural,3,>65,5,house,20-50yr,C,oil,15258.6,1650.27,1
4228,IT,suburban,2,<35,4,other,20-50yr,F,wood,13894.39,1436.72,1
4229,ES,suburban,10,>65,5,house,>50yr,A,gas,73374.61,331.85,0
4230,IT,urban,7,>65,1,apartment,20-50yr,C,oil,31835.45,507.49,0
4231,LV,urban,10,<35,3,apartment,20-50yr,E,gas,57343.87,951.43,0
4232,IT,suburban,4,35-65,1,house,>50yr,G,wood,14366.77,684.35,0
4233,PT,suburban,2,35-65,1,house,20-50yr,A,gas,13396.28,693.65,0
4234,PT,rural,4,35-65,3,apartment,>50yr,E,gas,12351.48,1274.85,1
4235,IT,urban,4,35-65,2,house,>50yr,A,oil,20925.02,311.14,0
4236,IT,urban,8,>65,5,house,>50yr,E,electric,36144.1,1347.62,0
4237,ES,urban,8,35-65,1,apartment,20-50yr,D,gas,24996.27,632.52,0
4238,LV,suburban,1,>65,3,apartment,>50yr,D,gas,8414.31,3512.75,1
4239,ES,suburban,6,>65,3,apartment,>50yr,G,wood,24420.11,1100.53,0
4240,PT,rural,4,>65,1,other,<20yr,E,district,16360.85,1228.49,0
4241,PT,urban,7,35-65,1,apartment,20-50yr,C,oil,28809.85,591.57,0
4242,PT,suburban,4,35-65,4,house,>50yr,G,gas,17450.25,1788.45,1
4243,ES,urban,6,>65,5,apartment,<20yr,C,oil,24917.87,837.87,0
4244,ES,urban,8,35-65,1,house,20-50yr,E,electric,28851.72,572.46,0
4245,PT,urban,3,<35,3,apartment,20-50yr,E,electric,14872.18,2103.23,1
4246,IT,suburban,2,35-65,2,other,<20yr,F,gas,10391.11,1926.47,1
4247,LV,suburban,8,<35,1,apartment,20-50yr,D,gas,45674.92,628.81,0
4248,IT,urban,10,>65,4,house,>50yr,E,gas,62573.55,851.93,0
4249,IT,suburban,5,35-65,2,house,<20yr,E,electric,24298.38,875.85,0
4250,PT,rural,10,35-65,2,apartment,<20yr,D,gas,72716.94,715.65,0
4251,IT,urban,2,<35,4,other,>50yr,G,electric,12283.98,2595.79,1
4252,IT,urban,9,35-65,2,apartment,>50yr,C,electric,42066.77,468.37,0
4253,IT,suburban,10,35-65,3,house,20-50yr,C,electric,37470.56,444.26,0
4254,ES,suburban,3,35-65,5,apartment,20-50yr,E,electric,14515.14,2106.91,1
4255,PT,rural,2,35-65,5,house,<20yr,C,electric,14260.73,2005.24,1
4256,IT,urban,7,35-65,3,other,>50yr,F,gas,34308.49,948.3,0
4257,IT,suburban,9,35-65,5,house,20-50yr,D,gas,39847.92,779.88,0
4258,ES,rural,1,35-65,2,apartment,>50yr,D,electric,8072.16,1773.57,1
4259,LV,urban,7,35-65,2,apartment,>50yr,E,electric,27600.17,1457.49,0
4260,IT,urban,9,>65,2,house,<20yr,G,electric,45017.9,1141.63,0
4261,LV,rural,1,>65,5,apartment,20-50yr,E,electric,7410.38,4479.39,1
4262,LV,urban,6,35-65,1,other,>50yr,B,gas,31024.62,515.65,0
4263,IT,suburban,1,35-65,2,apartment,>50yr,D,gas,8145.7,1516.5,1
4264,PT,rural,2,<35,1,apartment,20-50yr,F,oil,11433.36,2622.17,1
4265,PT,urban,5,>65,3,house,<20yr,G,electric,18546.58,2164.42,1
4266,ES,suburban,4,>65,4,apartment,20-50yr,E,electric,16437.13,1337.52,0
4267,ES,suburban,1,<35,1,apartment,20-50yr,E,gas,6726.86,1541.23,1
4268,PT,rural,9,35-65,4,apartment,20-50yr,D,wood,53184.72,701.26,0
4269,PT,rural,3,35-65,4,other,20-50yr,D,gas,12962.55,1691.66,1
4270,PT,rural,9,<35,1,house,>50yr,D,electric,44042.54,628.06,0
4271,LV,urban,2,>65,5,other,20-50yr,B,electric,8719.4,2418.54,1
4272,ES,suburban,6,>65,3,apartment,20-50yr,A,electric,20782.02,426.67,0
4273,PT,rural,8,>65,1,apartment,20-50yr,E,wood,34673.19,807.6,0
4274,LV,suburban,5,<35,4,apartment,20-50yr,E,gas,20041.85,1248.24,0
4275,IT,suburban,5,35-65,1,apartment,20-50yr,C,gas,21785.25,462.72,0
4276,IT,urban,8,>65,2,apartment,20-50yr,G,gas,48675.99,1026.12,0
4277,ES,rural,1,35-65,5,apartment,20-50yr,C,district,5911.21,1885.36,1
4278,LV,urban,9,35-65,1,apartment,<20yr,F,district,49797.68,1172.09,0
4279,IT,urban,7,35-65,1,house,20-50yr,F,oil,32327.79,661.07,0
4280,PT,rural,8,<35,2,apartment,<20yr,F,electric,32812.24,958.35,0
4281,IT,rural,5,35-65,2,apartment,20-50yr,F,gas,19677.5,870.17,0
4282,ES,rural,4,>65,4,apartment,20-50yr,F,wood,20701.61,1439.35,0
4283,ES,suburban,6,<35,4,apartment,20-50yr,D,gas,24767.5,650.03,0
4284,IT,urban,7,<35,1,house,>50yr,E,gas,28585.62,602.46,0
4285,LV,suburban,10,35-65,3,house,20-50yr,G,wood,46994.73,1136.24,0
4286,IT,urban,9,35-65,5,house,20-50yr,D,gas,37931.75,717.92,0
4287,LV,rural,1,35-65,5,apartment,<20yr,E,wood,6665.83,3527.85,1
4288,IT,suburban,2,<35,3,apartment,20-50yr,C,wood,12560.67,808.44,0
4289,LV,urban,10,35-65,2,house,<20yr,E,wood,48896.46,735.0,0
4290,ES,urban,4,<35,3,other,20-50yr,B,oil,14630.29,366.79,0
4291,IT,urban,6,35-65,2,apartment,20-50yr,E,gas,25663.71,616.77,0
4292,IT,rural,1,35-65,1,apartment,>50yr,D,oil,7078.11,1505.77,1
4293,IT,suburban,2,35-65,5,house,20-50yr,C,wood,13872.46,1111.08,0
4294,ES,urban,5,35-65,1,other,20-50yr,D,oil,21129.87,692.99,0
4295,PT,urban,8,35-65,3,apartment,20-50yr,F,wood,37124.54,934.18,0
4296,ES,urban,8,35-65,1,apartment,>50yr,G,district,37139.86,779.44,0
4297,ES,urban,9,35-65,1,house,<20yr,A,oil,46844.73,199.0,0
4298,ES,rural,2,35-65,1,house,<20yr,C,district,12236.9,886.58,0
4299,ES,suburban,3,35-65,3,apartment,<20yr,F,gas,14061.68,1629.53,1
4300,PT,urban,6,35-65,2,apartment,>50yr,E,district,21466.33,865.95,0
4301,ES,suburban,6,35-65,2,house,>50yr,D,district,24430.39,566.81,0
4302,PT,urban,1,35-65,4,house,20-50yr,E,gas,8071.52,3125.82,1
4303,LV,urban,5,<35,2,house,<20yr,G,electric,16439.72,1737.74,1
4304,ES,suburban,9,35-65,1,apartment,>50yr,C,electric,31358.54,419.84,0
4305,IT,urban,2,<35,2,apartment,20-50yr,D,wood,9170.49,932.54,1
4306,IT,suburban,9,>65,5,house,<20yr,A,gas,32090.43,373.31,0
4307,ES,rural,5,35-65,6,apartment,20-50yr,G,electric,19522.21,1716.55,0
4308,IT,rural,6,<35,3,apartment,20-50yr,F,electric,22263.38,991.75,0
4309,LV,urban,7,35-65,2,apartment,20-50yr,E,gas,30401.62,1245.12,0
4310,ES,suburban,8,35-65,4,apartment,20-50yr,G,district,40040.99,1126.95,0
4311,ES,urban,7,>65,6,house,>50yr,C,electric,31330.74,1034.05,0
4312,PT,suburban,2,>65,2,apartment,20-50yr,F,electric,11740.71,3268.35,1
4313,IT,urban,3,>65,2,house,<20yr,F,wood,16134.33,1613.7,1
4314,PT,suburban,9,35-65,3,house,<20yr,F,gas,40947.17,1051.76,0
4315,IT,urban,1,>65,1,apartment,>50yr,E,gas,5410.92,2016.56,1
4316,ES,rural,8,35-65,5,house,<20yr,C,gas,27711.74,648.67,0
4317,LV,rural,6,>65,2,apartment,20-50yr,B,district,26940.61,650.62,0
4318,PT,urban,2,<35,1,house,<20yr,C,wood,11328.51,990.22,0
4319,LV,suburban,2,>65,3,apartment,20-50yr,G,electric,12208.91,4788.71,1
4320,ES,urban,10,35-65,3,other,20-50yr,D,gas,84243.11,622.22,0
4321,PT,suburban,1,35-65,2,apartment,20-50yr,E,electric,8267.66,2694.55,1
4322,ES,urban,1,>65,4,house,20-50yr,A,electric,7886.21,1038.92,1
4323,ES,urban,1,35-65,2,apartment,20-50yr,D,electric,8426.3,1978.65,1
4324,IT,suburban,7,>65,2,apartment,>50yr,D,gas,25094.93,807.7,0
4325,IT,suburban,10,<35,3,apartment,20-50yr,E,gas,61594.16,544.65,0
4326,ES,suburban,2,35-65,1,apartment,20-50yr,D,district,10720.88,855.71,0
4327,IT,suburban,8,35-65,3,apartment,>50yr,B,electric,46336.65,478.39,0
4328,PT,urban,8,<35,1,apartment,>50yr,A,gas,28316.36,254.0,0
4329,PT,urban,3,35-65,4,house,<20yr,G,district,14009.54,3072.04,1
4330,LV,suburban,1,35-65,1,apartment,20-50yr,E,electric,7281.27,3185.06,1
4331,IT,suburban,5,35-65,2,apartment,20-50yr,E,oil,17895.55,790.67,0
4332,LV,urban,1,35-65,4,other,20-50yr,G,gas,8783.2,4512.6,1
4333,IT,urban,2,<35,2,house,<20yr,E,district,10488.34,1062.96,1
4334,ES,suburban,5,>65,1,apartment,<20yr,E,gas,25638.7,988.01,0
4335,PT,suburban,9,>65,2,apartment,20-50yr,E,district,39708.62,940.91,0
4336,IT,rural,10,35-65,2,apartment,<20yr,C,oil,51854.64,358.63,0
4337,IT,urban,7,35-65,3,house,20-50yr,D,gas,40584.81,601.03,0
4338,IT,suburban,3,35-65,4,house,>50yr,G,gas,11432.1,2057.65,1
4339,ES,suburban,4,35-65,3,house,20-50yr,D,wood,15559.26,597.87,0
4340,PT,urban,7,>65,1,other,20-50yr,C,gas,18872.8,811.06,0
4341,IT,urban,2,35-65,7,house,20-50yr,F,gas,10286.85,3372.46,1
4342,IT,urban,6,35-65,3,other,20-50yr,B,oil,27729.35,385.8,0
4343,ES,rural,8,35-65,1,house,>50yr,E,gas,38282.29,742.19,0
4344,IT,urban,9,35-65,4,house,>50yr,F,electric,43940.35,1039.73,0
4345,PT,suburban,1,>65,2,house,20-50yr,D,electric,7014.64,3405.31,1
4346,LV,suburban,3,<35,6,house,20-50yr,C,gas,13605.83,1824.12,1
4347,PT,urban,3,35-65,1,apartment,<20yr,D,gas,13189.53,1472.61,1
4348,LV,rural,6,<35,3,apartment,>50yr,F,gas,24979.48,1333.54,0
4349,ES,suburban,2,<35,5,apartment,20-50yr,G,district,11291.22,2219.92,1
4350,PT,urban,10,35-65,3,apartment,20-50yr,F,gas,52180.79,927.49,0
4351,IT,suburban,10,35-65,1,other,20-50yr,B,oil,55196.88,263.9,0
4352,IT,suburban,4,35-65,3,house,<20yr,C,oil,17245.14,609.76,0
4353,PT,urban,5,<35,5,apartment,20-50yr,E,wood,18977.93,1302.9,0
4354,IT,suburban,5,35-65,5,apartment,>50yr,F,gas,21251.97,1393.12,0
4355,LV,suburban,1,35-65,2,apartment,<20yr,A,gas,6605.32,884.35,1
4356,PT,urban,9,35-65,3,house,20-50yr,B,electric,44185.9,530.11,0
4357,LV,rural,8,<35,2,other,20-50yr,B,oil,30474.92,408.51,0
4358,IT,suburban,4,35-65,5,apartment,20-50yr,D,wood,17433.13,774.55,0
4359,ES,suburban,6,<35,2,apartment,>50yr,E,gas,26807.7,619.58,0
4360,PT,urban,4,>65,4,other,>50yr,G,wood,15230.74,2081.37,1
4361,IT,urban,3,>65,1,house,>50yr,B,gas,16346.01,747.47,0
4362,ES,urban,4,>65,2,house,>50yr,E,electric,22884.04,1355.53,0
4363,PT,suburban,2,<35,1,apartment,20-50yr,D,electric,9978.06,1444.99,1
4364,LV,suburban,9,<35,2,apartment,20-50yr,D,gas,42076.45,669.94,0
4365,PT,suburban,7,>65,2,house,20-50yr,B,district,35980.83,591.77,0
4366,IT,urban,10,35-65,2,apartment,20-50yr,C,electric,41997.78,365.06,0
4367,ES,suburban,1,35-65,4,house,>50yr,C,gas,8040.17,1827.04,1
4368,ES,rural,7,35-65,4,house,20-50yr,F,gas,28671.09,1296.4,0
4369,IT,suburban,6,<35,2,apartment,20-50yr,E,wood,28615.41,618.94,0
4370,ES,suburban,7,35-65,1,apartment,20-50yr,E,wood,28916.94,520.36,0
4371,IT,rural,10,>65,4,house,<20yr,E,gas,58858.03,964.21,0
4372,IT,urban,4,35-65,3,other,20-50yr,D,gas,15467.27,774.65,0
4373,ES,suburban,2,35-65,3,apartment,20-50yr,C,electric,12687.71,1232.14,0
4374,IT,rural,1,>65,1,house,20-50yr,A,electric,6761.21,791.07,1
4375,ES,suburban,5,35-65,2,apartment,20-50yr,B,gas,23930.29,379.16,0
4376,IT,urban,2,<35,4,other,>50yr,C,electric,11126.44,1344.52,1
4377,PT,rural,2,35-65,1,house,>50yr,G,electric,7727.07,3135.73,1
4378,IT,urban,2,<35,2,apartment,20-50yr,G,gas,11104.51,2143.37,1
4379,LV,urban,3,35-65,3,house,20-50yr,F,gas,15334.44,2864.7,1
4380,IT,urban,2,35-65,3,house,<20yr,E,gas,9147.6,1771.96,1
4381,ES,suburban,5,<35,1,house,<20yr,E,gas,18494.48,650.39,0
4382,IT,urban,7,<35,2,apartment,20-50yr,E,district,30402.4,575.87,0
4383,IT,suburban,3,35-65,4,house,>50yr,E,gas,12965.92,1980.21,1
4384,ES,rural,2,35-65,2,house,>50yr,C,gas,11557.48,1355.32,1
4385,PT,suburban,6,35-65,3,apartment,20-50yr,G,wood,24227.5,1233.74,0
4386,LV,suburban,1,35-65,3,apartment,>50yr,F,district,6563.26,3715.83,1
4387,IT,rural,8,35-65,5,house,20-50yr,C,wood,51048.48,472.63,0
4388,IT,rural,4,>65,1,house,>50yr,E,gas,16630.27,1015.34,0
4389,PT,urban,5,<35,3,apartment,20-50yr,F,electric,21395.11,1296.91,0
4390,ES,urban,3,35-65,2,house,>50yr,G,oil,18263.75,1917.64,1
4391,IT,suburban,3,<35,2,apartment,20-50yr,D,wood,15934.58,730.57,0
4392,PT,rural,2,35-65,2,house,<20yr,D,gas,11941.52,1602.26,1
4393,ES,suburban,6,35-65,3,apartment,20-50yr,D,gas,29298.77,679.34,0
4394,PT,urban,2,<35,1,apartment,20-50yr,D,gas,11948.58,1479.14,1
4395,ES,suburban,7,<35,1,other,>50yr,C,oil,32586.86,335.98,0
4396,ES,suburban,3,35-65,1,house,20-50yr,A,gas,15243.11,423.08,0
4397,IT,suburban,6,35-65,1,apartment,>50yr,D,electric,24375.14,701.26,0
4398,PT,rural,6,>65,1,other,<20yr,D,electric,29373.56,1195.96,0
4399,IT,suburban,7,>65,1,other,>50yr,F,wood,33193.81,699.18,0
4400,PT,suburban,8,35-65,2,house,>50yr,E,district,25497.32,660.59,0
4401,PT,suburban,6,<35,1,apartment,20-50yr,D,oil,28403.13,579.43,0
4402,PT,suburban,9,<35,4,apartment,20-50yr,D,gas,38175.12,772.69,0
4403,IT,suburban,3,35-65,3,house,<20yr,F,wood,14519.54,1552.28,1
4404,IT,suburban,8,>65,1,other,<20yr,D,gas,28013.29,575.89,0
4405,ES,suburban,4,35-65,2,apartment,<20yr,E,gas,16033.91,773.86,0
4406,ES,suburban,7,<35,1,apartment,>50yr,C,electric,28404.43,397.15,0
4407,LV,suburban,5,35-65,3,apartment,>50yr,A,oil,22760.39,416.42,0
4408,ES,urban,10,>65,4,apartment,<20yr,G,gas,50359.03,1622.37,0
4409,LV,suburban,3,35-65,2,house,>50yr,C,gas,10116.59,1415.14,1
4410,IT,suburban,6,35-65,5,apartment,>50yr,D,gas,23227.3,933.42,0
4411,ES,urban,2,35-65,3,house,20-50yr,B,electric,10389.66,1196.86,1
4412,IT,urban,7,35-65,3,house,>50yr,E,oil,32988.47,750.39,0
4413,PT,urban,1,35-65,2,apartment,>50yr,F,electric,8179.67,3326.39,1
4414,IT,rural,5,35-65,2,house,20-50yr,E,electric,18718.71,937.59,0
4415,IT,rural,1,35-65,2,apartment,>50yr,G,wood,8339.46,2181.18,1
4416,PT,suburban,4,35-65,3,apartment,20-50yr,C,electric,23040.44,938.26,0
4417,ES,urban,5,35-65,3,apartment,<20yr,D,electric,25029.98,991.79,0
4418,IT,suburban,4,<35,3,apartment,20-50yr,G,electric,13141.54,1353.13,1
4419,IT,suburban,4,<35,3,apartment,20-50yr,D,oil,25367.48,635.8,0
4420,ES,rural,2,<35,3,other,>50yr,F,wood,13137.44,1668.49,1
4421,IT,urban,8,<35,1,apartment,20-50yr,E,gas,45664.8,549.75,0
4422,IT,urban,8,35-65,3,apartment,20-50yr,C,wood,28661.03,541.2,0
4423,ES,suburban,5,>65,1,house,20-50yr,G,electric,19734.79,1563.59,0
4424,IT,urban,1,35-65,1,other,>50yr,D,district,8738.32,1333.57,1
4425,ES,suburban,1,35-65,3,apartment,<20yr,E,electric,6761.23,2345.52,1
4426,ES,suburban,7,>65,1,apartment,20-50yr,C,electric,32471.83,576.69,0
4427,IT,urban,10,>65,1,apartment,20-50yr,E,gas,70268.4,717.27,0
4428,IT,urban,9,35-65,4,apartment,<20yr,E,electric,40903.75,743.57,0
4429,IT,suburban,5,<35,1,apartment,>50yr,C,electric,27113.38,541.66,0
4430,IT,rural,5,<35,6,house,>50yr,G,wood,23333.65,885.82,0
4431,IT,suburban,2,>65,1,apartment,20-50yr,B,wood,8323.59,666.47,0
4432,LV,urban,1,<35,1,apartment,>50yr,D,electric,7022.41,2209.69,1
4433,PT,suburban,8,35-65,1,house,>50yr,A,wood,42510.79,220.4,0
4434,ES,suburban,5,35-65,4,apartment,<20yr,E,wood,17987.75,873.58,0
4435,ES,suburban,5,35-65,3,apartment,<20yr,D,district,24690.17,682.46,0
4436,ES,suburban,4,35-65,4,house,20-50yr,E,gas,19181.35,1114.29,0
4437,PT,urban,4,35-65,2,apartment,20-50yr,E,gas,18339.77,1249.0,0
4438,IT,suburban,10,35-65,2,apartment,20-50yr,F,district,50437.85,591.63,0
4439,IT,suburban,9,>65,3,apartment,20-50yr,G,electric,44986.88,1301.93,0
4440,IT,urban,7,<35,4,house,>50yr,G,electric,38612.16,1133.6,0
4441,IT,suburban,4,>65,4,house,<20yr,D,electric,16505.51,1192.39,0
4442,IT,rural,8,35-65,2,apartment,20-50yr,F,gas,39450.08,880.15,0
4443,LV,suburban,4,<35,5,apartment,20-50yr,B,gas,23644.91,778.54,0
4444,LV,urban,6,>65,3,apartment,20-50yr,B,gas,26003.26,811.59,0
4445,IT,suburban,2,>65,3,apartment,>50yr,D,electric,10219.52,1784.23,1
4446,ES,urban,8,>65,5,house,>50yr,D,electric,33391.15,1270.18,0
4447,ES,suburban,1,>65,1,other,20-50yr,E,electric,5852.59,2263.84,1
4448,ES,suburban,8,35-65,3,apartment,20-50yr,D,gas,30018.18,816.94,0
4449,ES,urban,7,<35,2,apartment,20-50yr,E,gas,31561.49,613.11,0
4450,IT,urban,1,<35,4,house,20-50yr,G,electric,9252.71,3007.94,1
4451,PT,rural,6,>65,2,apartment,>50yr,C,gas,23452.11,932.24,0
4452,LV,urban,3,>65,2,apartment,20-50yr,D,wood,16161.03,1715.54,1
4453,PT,rural,5,>65,6,other,>50yr,B,electric,24013.97,1135.25,0
4454,PT,suburban,1,>65,3,apartment,<20yr,C,gas,7126.52,2309.81,1
4455,ES,suburban,8,35-65,2,apartment,20-50yr,G,electric,32922.36,1308.75,0
4456,IT,urban,6,<35,1,apartment,20-50yr,A,electric,20428.99,222.57,0
4457,IT,urban,4,<35,3,house,>50yr,C,gas,19565.99,544.43,0
4458,ES,urban,9,35-65,4,house,20-50yr,D,oil,43024.16,686.67,0
4459,IT,suburban,7,35-65,5,apartment,>50yr,C,gas,34272.74,740.2,0
4460,PT,rural,7,<35,2,house,>50yr,E,gas,29732.54,876.28,0
4461,ES,rural,2,>65,1,apartment,20-50yr,G,gas,9552.57,2647.31,1
4462,ES,urban,6,35-65,3,other,20-50yr,F,electric,28101.93,1026.65,0
4463,IT,urban,8,35-65,3,apartment,20-50yr,D,oil,26743.51,690.99,0
4464,LV,urban,10,>65,1,apartment,20-50yr,E,wood,52287.9,845.59,0
4465,IT,rural,7,35-65,3,house,20-50yr,G,electric,26710.21,1158.97,0
4466,IT,urban,2,35-65,4,apartment,20-50yr,C,gas,13828.43,1399.3,1
4467,IT,urban,7,35-65,2,house,20-50yr,F,oil,39003.9,947.12,0
4468,PT,suburban,1,35-65,2,apartment,<20yr,E,electric,8524.24,3031.92,1
4469,LV,suburban,4,<35,2,apartment,<20yr,F,electric,16044.68,1742.82,1
4470,IT,urban,10,35-65,2,apartment,20-50yr,B,electric,71201.13,367.57,0
4471,LV,suburban,9,35-65,1,apartment,>50yr,F,electric,38723.38,925.67,0
4472,IT,urban,10,>65,1,apartment,>50yr,F,oil,44688.81,855.45,0
4473,ES,urban,4,>65,7,apartment,>50yr,E,electric,12989.39,1659.1,1
4474,IT,urban,7,<35,1,apartment,20-50yr,C,wood,30464.11,342.98,0
4475,ES,urban,8,>65,4,house,20-50yr,C,oil,27834.36,780.93,0
4476,PT,rural,3,<35,2,house,20-50yr,F,electric,17320.45,2408.16,1
4477,ES,suburban,10,<35,3,apartment,>50yr,E,gas,50413.86,638.11,0
4478,IT,suburban,10,35-65,4,apartment,20-50yr,G,gas,45348.41,1026.89,0
4479,PT,urban,2,>65,1,apartment,20-50yr,D,gas,13003.83,2322.58,1
4480,LV,suburban,8,>65,2,apartment,20-50yr,C,gas,41054.48,777.68,0
4481,ES,rural,5,>65,6,apartment,<20yr,F,gas,26951.38,1855.33,0
4482,ES,urban,7,<35,1,apartment,20-50yr,F,oil,23249.18,642.33,0
4483,PT,rural,6,<35,2,other,<20yr,E,gas,18771.83,854.78,0
4484,IT,suburban,3,<35,4,house,20-50yr,F,gas,17692.89,1602.36,0
4485,LV,suburban,1,35-65,3,apartment,>50yr,D,electric,5251.47,2987.14,1
4486,IT,urban,6,35-65,1,apartment,<20yr,C,wood,20833.3,401.04,0
4487,PT,suburban,9,<35,3,apartment,<20yr,B,gas,43358.33,479.34,0
4488,IT,suburban,9,35-65,1,apartment,>50yr,C,district,35225.98,340.1,0
4489,IT,rural,3,35-65,1,apartment,>50yr,E,wood,14450.82,959.41,0
4490,ES,rural,9,35-65,1,apartment,20-50yr,C,wood,36194.25,247.62,0
4491,ES,urban,4,35-65,2,apartment,20-50yr,G,oil,21236.32,1354.11,0
4492,LV,rural,6,35-65,2,apartment,20-50yr,C,wood,27842.04,549.87,0
4493,LV,rural,4,35-65,1,house,20-50yr,E,gas,18237.21,1223.8,0
4494,IT,suburban,6,35-65,2,apartment,>50yr,E,oil,23703.61,770.16,0
4495,IT,urban,6,35-65,3,other,<20yr,C,gas,21409.91,643.91,0
4496,ES,urban,7,<35,1,apartment,>50yr,E,gas,29399.9,543.09,0
4497,ES,urban,5,>65,2,apartment,20-50yr,G,district,17457.06,1393.6,0
4498,ES,urban,6,35-65,2,apartment,>50yr,G,electric,33328.74,1434.46,0
4499,LV,rural,7,<35,2,apartment,<20yr,C,gas,31471.68,646.91,0
4500,PT,urban,5,35-65,2,apartment,>50yr,E,gas,18430.49,1015.12,0
4501,IT,suburban,6,35-65,3,apartment,20-50yr,C,electric,31618.89,553.98,0
4502,ES,suburban,1,<35,6,apartment,20-50yr,D,wood,7944.8,1929.77,1
4503,ES,suburban,9,<35,3,apartment,20-50yr,D,wood,53038.32,417.31,0
4504,ES,urban,2,>65,1,apartment,20-50yr,G,gas,13506.46,2537.43,1
4505,IT,suburban,9,35-65,6,house,<20yr,E,gas,45909.49,1220.34,0
4506,ES,suburban,8,<35,4,house,<20yr,C,gas,29758.32,561.1,0
4507,ES,suburban,10,35-65,1,house,20-50yr,G,oil,50413.46,816.12,0
4508,IT,urban,1,35-65,2,other,20-50yr,E,electric,13705.63,2494.7,1
4509,PT,suburban,3,35-65,2,apartment,20-50yr,B,oil,12889.08,758.42,0
4510,IT,urban,1,35-65,1,house,>50yr,F,electric,7697.06,2559.59,1
4511,ES,suburban,5,<35,3,apartment,20-50yr,E,gas,19564.95,979.16,0
4512,ES,urban,10,<35,3,apartment,<20yr,D,gas,47769.67,486.53,0
4513,LV,urban,8,>65,2,house,20-50yr,C,gas,40009.28,943.12,0
4514,IT,rural,8,35-65,2,apartment,20-50yr,C,oil,29449.69,488.26,0
4515,IT,urban,9,>65,2,apartment,>50yr,C,electric,37961.79,560.33,0
4516,IT,rural,1,<35,2,apartment,20-50yr,F,district,8379.12,1882.16,1
4517,ES,rural,8,35-65,5,apartment,>50yr,C,gas,34671.86,616.23,0
4518,IT,urban,4,35-65,1,apartment,>50yr,D,district,17933.39,755.77,0
4519,PT,urban,7,35-65,1,house,>50yr,G,gas,29860.75,1194.19,0
4520,IT,urban,8,35-65,2,apartment,20-50yr,G,gas,30195.31,987.57,0
4521,IT,rural,7,35-65,2,apartment,20-50yr,F,gas,37370.61,737.21,0
4522,ES,suburban,5,<35,1,apartment,>50yr,F,gas,24927.57,804.5,0
4523,PT,urban,7,<35,1,other,>50yr,G,gas,25993.77,1128.38,0
4524,LV,suburban,5,35-65,1,other,>50yr,F,gas,22556.81,1182.13,0
4525,PT,urban,7,<35,3,house,>50yr,D,electric,27871.6,814.65,0
4526,ES,suburban,5,<35,1,apartment,>50yr,B,wood,24705.52,246.93,0
4527,PT,suburban,4,>65,1,apartment,>50yr,C,oil,19906.42,731.32,0
4528,PT,urban,3,35-65,2,apartment,20-50yr,D,wood,16902.59,1093.0,0
4529,IT,rural,4,35-65,2,house,20-50yr,C,oil,15181.97,614.1,0
4530,ES,urban,8,>65,2,apartment,20-50yr,D,district,29379.58,610.22,0
4531,PT,suburban,9,35-65,1,house,>50yr,B,gas,32538.58,325.28,0
4532,IT,suburban,2,<35,5,apartment,20-50yr,E,district,16431.06,1607.5,0
4533,PT,rural,2,35-65,3,house,20-50yr,D,electric,12601.49,2268.55,1
4534,ES,suburban,6,35-65,5,apartment,>50yr,C,electric,30132.96,861.14,0
4535,ES,rural,8,35-65,4,apartment,20-50yr,E,electric,29033.66,908.83,0
4536,IT,urban,2,35-65,1,apartment,<20yr,C,gas,12100.16,928.69,0
4537,PT,rural,4,>65,1,house,>50yr,D,gas,13517.08,1140.03,0
4538,LV,urban,1,<35,2,house,20-50yr,C,electric,8565.22,1969.81,1
4539,IT,suburban,1,<35,2,apartment,20-50yr,E,wood,8024.6,1481.99,1
4540,ES,urban,2,35-65,2,other,20-50yr,G,wood,10518.68,1963.35,1
4541,IT,rural,8,35-65,4,apartment,>50yr,B,gas,33188.62,362.35,0
4542,IT,rural,9,35-65,2,apartment,20-50yr,F,gas,51293.7,701.31,0
4543,LV,urban,5,<35,2,apartment,20-50yr,G,electric,19415.7,1761.7,0
4544,ES,suburban,2,<35,1,apartment,20-50yr,G,gas,13475.86,2109.86,1
4545,ES,suburban,10,35-65,3,house,20-50yr,F,gas,54610.68,830.58,0
4546,IT,urban,3,>65,2,apartment,20-50yr,E,gas,14807.1,1719.13,1
4547,LV,suburban,2,<35,1,apartment,20-50yr,B,oil,11946.48,809.55,0
4548,IT,suburban,2,>65,2,apartment,>50yr,B,gas,11785.21,1197.36,1
4549,PT,suburban,4,35-65,1,house,>50yr,C,gas,18110.1,621.79,0
4550,IT,urban,8,<35,2,other,20-50yr,D,gas,49720.1,603.16,0
4551,IT,rural,4,35-65,1,house,20-50yr,G,electric,20728.72,1131.21,0
4552,PT,urban,5,35-65,2,apartment,>50yr,C,gas,14310.89,677.85,0
4553,IT,suburban,4,35-65,1,apartment,20-50yr,E,electric,16961.87,715.66,0
4554,PT,urban,10,35-65,3,apartment,>50yr,G,wood,68733.9,941.86,0
4555,IT,urban,7,35-65,3,other,20-50yr,A,gas,26555.34,271.94,0
4556,PT,urban,7,<35,4,apartment,<20yr,A,gas,30020.91,332.56,0
4557,PT,urban,5,>65,2,other,<20yr,C,gas,21251.41,923.87,0
4558,PT,suburban,6,>65,3,house,<20yr,C,district,31743.48,1004.81,0
4559,IT,suburban,9,35-65,2,house,>50yr,D,electric,36752.02,639.82,0
4560,PT,suburban,7,35-65,4,house,20-50yr,D,wood,26198.62,823.73,0
4561,LV,suburban,9,>65,1,apartment,>50yr,E,wood,46387.4,980.6,0
4562,IT,urban,1,<35,2,apartment,>50yr,B,district,8424.52,671.69,0
4563,IT,urban,9,>65,2,apartment,20-50yr,E,wood,46502.67,704.61,0
4564,PT,suburban,10,35-65,5,apartment,>50yr,C,gas,57723.97,777.94,0
4565,IT,suburban,7,>65,3,house,>50yr,D,electric,29471.46,1099.86,0
4566,PT,suburban,10,35-65,3,apartment,20-50yr,A,district,59822.3,237.3,0
4567,PT,urban,6,35-65,3,house,>50yr,F,electric,25782.07,1372.68,0
4568,IT,rural,3,35-65,1,house,>50yr,E,wood,13486.55,917.87,0
4569,ES,urban,7,<35,2,apartment,20-50yr,C,district,29716.04,419.9,0
4570,ES,suburban,7,<35,2,apartment,<20yr,E,electric,27667.33,750.5,0
4571,IT,urban,2,>65,3,apartment,20-50yr,D,oil,9891.8,1934.33,1
4572,LV,suburban,3,<35,4,apartment,>50yr,F,electric,15221.27,2267.4,1
4573,IT,urban,3,<35,4,house,>50yr,G,gas,11507.87,2246.33,1
4574,ES,suburban,6,35-65,2,house,>50yr,B,gas,27721.51,425.41,0
4575,PT,urban,2,35-65,4,house,>50yr,D,electric,10573.19,2623.98,1
4576,IT,suburban,8,35-65,2,apartment,20-50yr,C,district,35447.19,435.75,0
4577,PT,urban,2,<35,3,house,>50yr,F,district,10711.38,2063.96,1
4578,IT,suburban,10,35-65,2,house,20-50yr,A,gas,59312.4,214.97,0
4579,ES,urban,7,>65,7,other,>50yr,E,wood,37458.08,1230.28,0
4580,IT,urban,4,<35,5,house,20-50yr,G,gas,22936.59,1330.27,0
4581,PT,suburban,4,35-65,3,house,20-50yr,D,electric,20477.85,1248.06,0
4582,PT,urban,7,35-65,4,apartment,20-50yr,F,district,30355.47,1259.37,0
4583,PT,urban,1,35-65,1,house,20-50yr,B,district,9019.16,895.85,0
4584,LV,rural,8,>65,3,apartment,<20yr,G,electric,26581.78,2099.94,0
4585,PT,rural,6,>65,7,apartment,20-50yr,F,electric,27386.74,3081.76,1
4586,PT,rural,3,35-65,2,apartment,20-50yr,D,gas,14842.71,1471.47,0
4587,ES,urban,9,35-65,1,apartment,>50yr,B,oil,34106.7,295.17,0
4588,LV,suburban,7,35-65,1,apartment,<20yr,E,gas,27495.76,1077.71,0
4589,ES,suburban,2,35-65,1,apartment,<20yr,E,gas,11467.72,1927.67,1
4590,LV,urban,7,35-65,3,house,20-50yr,B,wood,31767.67,483.2,0
4591,IT,suburban,5,<35,6,house,20-50yr,G,gas,24242.36,1203.36,0
4592,ES,urban,8,>65,3,other,20-50yr,F,oil,46245.97,1216.26,0
4593,PT,rural,5,35-65,3,house,>50yr,G,electric,20535.27,1664.88,0
4594,IT,suburban,10,<35,4,apartment,20-50yr,C,gas,46369.28,436.83,0
4595,IT,suburban,10,>65,4,house,20-50yr,D,gas,62216.69,828.33,0
4596,LV,suburban,1,35-65,4,house,>50yr,C,gas,9704.79,2242.14,1
4597,ES,urban,5,35-65,3,apartment,20-50yr,C,gas,25397.54,632.36,0
4598,IT,urban,3,35-65,1,other,20-50yr,B,electric,15024.32,742.71,0
4599,IT,suburban,5,>65,5,other,>50yr,B,electric,28346.36,849.76,0
4600,ES,suburban,2,>65,2,apartment,20-50yr,E,electric,10557.2,2423.07,1
4601,ES,suburban,6,35-65,2,house,<20yr,C,wood,31778.05,450.77,0
4602,LV,urban,2,35-65,1,apartment,<20yr,B,wood,9242.94,792.23,0
4603,LV,suburban,7,>65,3,other,>50yr,E,oil,21354.81,1489.15,0
4604,PT,urban,5,>65,3,house,>50yr,F,electric,17601.67,1899.19,1
4605,PT,urban,10,<35,4,apartment,20-50yr,F,oil,50458.54,947.55,0
4606,IT,rural,9,35-65,3,house,20-50yr,E,gas,43004.49,840.08,0
4607,LV,suburban,7,>65,4,apartment,20-50yr,C,gas,26083.44,1015.03,0
4608,IT,suburban,5,<35,1,apartment,<20yr,E,gas,21406.36,706.23,0
4609,IT,rural,8,35-65,1,house,>50yr,E,oil,39667.85,602.6,0
4610,LV,urban,7,35-65,2,house,20-50yr,C,electric,31629.75,815.74,0
4611,LV,rural,2,35-65,3,apartment,>50yr,B,district,10775.02,1142.87,1
4612,IT,suburban,4,35-65,1,house,>50yr,G,gas,20959.55,1066.19,0
4613,PT,suburban,10,<35,1,apartment,20-50yr,B,gas,48777.39,383.25,0
4614,ES,urban,4,35-65,2,apartment,>50yr,C,gas,16878.17,477.15,0
4615,IT,urban,1,35-65,3,house,>50yr,C,wood,7366.51,937.91,1
4616,IT,urban,9,>65,1,apartment,20-50yr,G,electric,47423.44,1050.46,0
4617,IT,urban,10,35-65,1,apartment,20-50yr,E,electric,51599.43,618.66,0
4618,ES,urban,7,<35,2,other,>50yr,G,electric,31855.87,1074.89,0
4619,ES,suburban,7,>65,1,house,20-50yr,F,gas,33907.87,1064.51,0
4620,ES,suburban,4,35-65,3,house,>50yr,F,wood,16218.79,813.08,0
4621,IT,urban,4,35-65,2,house,20-50yr,C,wood,13769.42,496.21,0
4622,LV,suburban,10,35-65,6,house,>50yr,D,electric,53172.92,1195.41,0
4623,ES,rural,9,35-65,5,house,>50yr,F,gas,38162.64,1177.02,0
4624,LV,suburban,5,>65,1,apartment,20-50yr,G,oil,19070.9,1633.06,0
4625,IT,suburban,4,35-65,1,apartment,20-50yr,G,oil,12079.7,845.07,0
4626,ES,suburban,2,>65,1,apartment,20-50yr,G,district,8626.46,2236.11,1
4627,PT,urban,1,35-65,4,apartment,>50yr,E,gas,9019.95,3294.17,1
4628,IT,urban,5,35-65,1,apartment,<20yr,D,district,18245.33,575.67,0
4629,IT,rural,6,35-65,2,house,>50yr,E,wood,29733.25,630.92,0
4630,IT,suburban,7,<35,4,house,20-50yr,D,gas,26946.52,605.56,0
4631,IT,suburban,9,>65,3,other,>50yr,C,oil,46253.9,569.56,0
4632,ES,rural,4,<35,2,apartment,<20yr,D,gas,16847.8,758.54,0
4633,IT,urban,2,>65,3,apartment,>50yr,B,gas,12125.86,1489.83,1
4634,IT,urban,9,<35,4,apartment,20-50yr,B,electric,41395.83,391.19,0
4635,ES,suburban,8,35-65,1,apartment,20-50yr,D,gas,37170.22,606.27,0
4636,IT,urban,6,>65,1,apartment,>50yr,E,gas,30069.18,813.43,0
4637,IT,suburban,1,35-65,2,other,<20yr,E,oil,8585.72,2093.28,1
4638,PT,rural,5,<35,1,apartment,<20yr,E,district,18940.29,727.64,0
4639,IT,suburban,7,35-65,3,house,<20yr,F,gas,22651.4,849.21,0
4640,IT,urban,9,<35,4,apartment,20-50yr,D,gas,42303.02,637.38,0
4641,IT,suburban,6,>65,1,apartment,>50yr,D,gas,26666.85,735.56,0
4642,IT,urban,5,<35,1,house,<20yr,E,gas,21490.68,721.82,0
4643,ES,rural,4,35-65,1,other,>50yr,B,district,15340.94,401.18,0
4644,IT,urban,5,<35,1,apartment,20-50yr,E,electric,21483.22,606.89,0
4645,IT,rural,1,35-65,5,other,>50yr,F,oil,8832.31,2897.06,1
4646,LV,suburban,2,>65,2,apartment,20-50yr,C,electric,13557.32,2089.38,1
4647,LV,urban,8,>65,2,house,>50yr,G,district,34800.24,1786.76,0
4648,IT,suburban,4,35-65,5,apartment,20-50yr,C,electric,25298.46,862.77,0
4649,IT,urban,9,<35,1,apartment,>50yr,E,district,53473.61,417.73,0
4650,ES,suburban,4,<35,4,house,20-50yr,G,electric,17947.35,1148.47,0
4651,PT,rural,10,>65,1,house,20-50yr,F,district,57201.33,1070.38,0
4652,PT,rural,2,<35,3,house,>50yr,E,electric,13547.93,2224.79,1
4653,IT,urban,2,35-65,5,apartment,20-50yr,E,wood,9520.12,1727.11,1
4654,IT,suburban,6,35-65,7,house,20-50yr,B,gas,22165.28,642.72,0
4655,ES,rural,9,>65,2,apartment,20-50yr,E,oil,35445.87,752.79,0
4656,LV,rural,2,35-65,2,apartment,>50yr,E,electric,10586.96,2356.21,1
4657,LV,urban,6,35-65,2,apartment,>50yr,B,electric,21974.29,662.2,0
4658,IT,urban,3,>65,1,apartment,<20yr,B,electric,13274.09,779.32,0
4659,ES,rural,8,>65,5,apartment,>50yr,G,gas,35813.2,1629.04,0
4660,IT,urban,6,35-65,3,house,20-50yr,C,district,20330.21,481.37,0
4661,PT,urban,7,35-65,1,apartment,<20yr,G,electric,36823.34,1128.27,0
4662,LV,suburban,3,35-65,1,house,<20yr,C,gas,16740.67,1055.82,0
4663,ES,urban,3,35-65,1,apartment,<20yr,D,oil,13066.72,1050.23,0
4664,IT,rural,7,<35,1,house,20-50yr,E,oil,37467.57,595.58,0
4665,ES,urban,4,35-65,5,apartment,20-50yr,E,gas,18550.03,1357.69,0
4666,ES,suburban,7,35-65,6,apartment,<20yr,D,gas,35377.26,947.13,0
4667,PT,rural,2,<35,3,house,20-50yr,D,electric,8974.75,2212.41,1
4668,IT,rural,4,<35,4,other,>50yr,D,wood,16638.98,574.28,0
4669,LV,rural,2,35-65,4,other,20-50yr,F,gas,12086.97,3858.44,1
4670,IT,rural,1,<35,4,apartment,20-50yr,D,gas,7805.69,1586.16,1
4671,IT,urban,3,35-65,2,other,>50yr,E,oil,13635.5,1236.59,0
4672,IT,rural,5,35-65,1,house,<20yr,D,gas,20654.26,667.51,0
4673,IT,rural,2,35-65,3,other,>50yr,D,wood,11633.79,1285.63,1
4674,IT,suburban,1,35-65,2,apartment,<20yr,C,wood,8134.88,1093.13,1
4675,PT,urban,9,35-65,2,apartment,<20yr,C,wood,54321.11,402.03,0
4676,IT,urban,6,35-65,1,apartment,20-50yr,F,gas,21551.87,904.97,0
4677,IT,suburban,8,35-65,2,house,<20yr,G,gas,36514.05,998.5,0
4678,IT,suburban,8,35-65,3,apartment,<20yr,A,electric,40009.09,273.86,0
4679,IT,urban,2,>65,1,apartment,>50yr,C,gas,9127.98,1305.11,1
4680,LV,urban,7,<35,5,house,20-50yr,G,gas,28492.55,1880.71,0
4681,LV,suburban,9,35-65,1,other,<20yr,D,electric,44136.15,745.01,0
4682,IT,urban,5,35-65,1,house,20-50yr,D,electric,26310.19,629.53,0
4683,PT,rural,9,>65,2,house,>50yr,E,gas,43888.78,1062.4,0
4684,PT,urban,10,<35,3,apartment,>50yr,D,gas,61622.81,514.6,0
4685,LV,urban,6,35-65,2,other,<20yr,D,gas,28286.78,1017.18,0
4686,IT,urban,2,35-65,6,apartment,>50yr,G,oil,7275.59,3331.06,1
4687,IT,rural,7,35-65,1,apartment,>50yr,E,gas,30363.91,699.73,0
4688,ES,rural,9,>65,2,apartment,20-50yr,E,oil,40279.61,862.78,0
4689,LV,urban,6,<35,2,apartment,20-50yr,C,oil,31322.91,704.28,0
4690,PT,urban,9,<35,1,house,20-50yr,C,oil,47750.97,414.43,0
4691,ES,urban,6,35-65,4,house,<20yr,G,district,28505.21,1041.62,0
4692,IT,urban,5,35-65,2,apartment,>50yr,G,district,22702.31,1010.26,0
4693,PT,suburban,10,35-65,2,apartment,>50yr,F,gas,55871.29,1084.95,0
4694,LV,urban,2,35-65,3,apartment,<20yr,B,gas,12468.8,1436.05,1
4695,ES,suburban,5,<35,4,apartment,20-50yr,F,wood,20932.92,819.53,0
4696,PT,urban,2,>65,5,other,>50yr,A,wood,13336.93,1065.3,0
4697,ES,suburban,7,35-65,1,house,20-50yr,E,gas,25555.3,725.15,0
4698,ES,urban,10,<35,2,apartment,20-50yr,E,district,64264.83,483.92,0
4699,ES,urban,10,35-65,2,apartment,>50yr,D,wood,52087.24,436.08,0
4700,PT,urban,3,>65,2,house,20-50yr,D,wood,15502.1,1506.62,0
4701,LV,urban,8,>65,1,house,20-50yr,F,gas,28438.93,1447.09,0
4702,ES,urban,9,<35,5,other,>50yr,G,electric,44775.21,1052.1,0
4703,IT,rural,9,35-65,4,apartment,20-50yr,C,electric,42036.24,607.79,0
4704,ES,urban,6,<35,2,apartment,20-50yr,B,gas,24830.55,385.28,0
4705,IT,urban,2,<35,1,apartment,>50yr,E,gas,8438.16,1286.06,1
4706,IT,urban,5,>65,4,house,<20yr,C,gas,21103.84,867.81,0
4707,IT,suburban,8,>65,2,apartment,<20yr,C,wood,36707.17,469.84,0
4708,ES,rural,7,<35,2,house,20-50yr,C,electric,22964.65,516.11,0
4709,IT,suburban,4,>65,3,apartment,>50yr,C,electric,14725.73,859.56,0
4710,IT,suburban,3,35-65,4,house,20-50yr,D,gas,14335.1,1407.11,0
4711,PT,rural,7,35-65,2,apartment,20-50yr,G,district,31888.11,1087.22,0
4712,IT,urban,5,35-65,7,house,20-50yr,F,district,20841.16,1321.25,0
4713,ES,rural,5,35-65,2,apartment,20-50yr,E,oil,21142.0,681.99,0
4714,LV,suburban,10,>65,2,house,>50yr,B,gas,55222.37,575.73,0
4715,ES,urban,1,<35,1,apartment,>50yr,E,gas,7372.18,1632.42,1
4716,IT,suburban,3,35-65,1,house,20-50yr,D,electric,13630.66,1132.86,0
4717,IT,urban,10,35-65,2,house,>50yr,F,wood,44571.58,626.69,0
4718,ES,urban,10,>65,1,apartment,>50yr,D,district,50382.02,615.6,0
4719,ES,rural,4,<35,1,apartment,>50yr,E,gas,17389.0,696.56,0
4720,IT,urban,10,35-65,3,apartment,20-50yr,C,gas,66202.87,410.58,0
4721,ES,suburban,3,35-65,1,apartment,<20yr,F,gas,13746.86,1708.86,1
4722,ES,rural,1,35-65,1,house,20-50yr,F,gas,10898.85,2302.63,1
4723,IT,suburban,4,<35,2,apartment,20-50yr,D,oil,23375.66,615.7,0
4724,ES,urban,6,35-65,1,apartment,20-50yr,G,electric,25262.75,1028.1,0
4725,IT,suburban,1,35-65,4,apartment,20-50yr,C,wood,7518.58,1302.85,1
4726,IT,rural,2,35-65,1,apartment,<20yr,A,gas,15452.94,477.38,0
4727,PT,urban,8,35-65,2,apartment,<20yr,F,gas,40262.44,1011.63,0
4728,IT,urban,7,35-65,3,house,20-50yr,E,electric,32040.19,942.05,0
4729,ES,suburban,7,>65,1,apartment,<20yr,B,wood,26922.8,316.49,0
4730,ES,rural,10,35-65,2,other,20-50yr,C,wood,51583.77,371.8,0
4731,IT,urban,3,<35,2,house,<20yr,B,wood,12049.03,489.48,0
4732,LV,urban,9,>65,5,apartment,20-50yr,C,electric,53752.99,1189.52,0
4733,IT,rural,4,>65,1,house,>50yr,D,gas,18867.34,806.64,0
4734,IT,urban,10,35-65,2,house,20-50yr,B,oil,52498.73,261.27,0
4735,LV,urban,8,35-65,3,house,20-50yr,E,district,33537.93,948.61,0
4736,PT,suburban,3,<35,4,apartment,>50yr,E,gas,12065.68,2305.65,1
4737,PT,urban,3,35-65,1,house,20-50yr,F,gas,13854.11,1906.37,1
4738,IT,urban,6,35-65,1,apartment,<20yr,G,gas,25648.41,809.27,0
4739,IT,suburban,6,35-65,1,apartment,20-50yr,B,oil,17770.69,364.4,0
4740,ES,suburban,3,<35,4,apartment,20-50yr,A,electric,12114.81,508.0,0
4741,IT,suburban,3,<35,1,apartment,20-50yr,B,gas,12648.94,560.15,0
4742,IT,urban,9,35-65,2,house,<20yr,D,gas,50603.6,633.6,0
4743,PT,suburban,8,<35,1,apartment,20-50yr,E,oil,33130.44,655.39,0
4744,IT,suburban,2,35-65,1,apartment,<20yr,A,electric,8404.28,608.22,0
4745,IT,rural,8,>65,3,house,20-50yr,E,gas,30519.83,1046.01,0
4746,IT,suburban,2,35-65,2,apartment,20-50yr,G,electric,14247.23,2853.12,1
4747,ES,suburban,5,<35,2,apartment,20-50yr,C,gas,19857.98,526.88,0
4748,ES,rural,1,<35,2,apartment,20-50yr,A,gas,6846.05,545.95,0
4749,LV,rural,7,35-65,1,other,<20yr,F,gas,23339.81,939.18,0
4750,IT,urban,2,>65,2,house,20-50yr,F,gas,11040.35,2239.34,1
4751,IT,rural,3,35-65,5,house,20-50yr,A,gas,14275.12,591.61,0
4752,ES,rural,2,>65,2,house,>50yr,E,gas,11752.44,2421.95,1
4753,ES,urban,2,>65,3,house,20-50yr,C,gas,16558.65,1834.21,1
4754,ES,urban,1,<35,2,house,>50yr,E,oil,6645.92,1470.13,1
4755,LV,suburban,6,35-65,3,house,20-50yr,F,wood,23653.06,1384.04,0
4756,ES,urban,9,35-65,1,house,>50yr,C,gas,44928.19,379.86,0
4757,ES,suburban,4,35-65,1,house,20-50yr,C,oil,16388.25,478.27,0
4758,LV,suburban,8,35-65,1,apartment,20-50yr,E,gas,26408.14,812.55,0
4759,IT,urban,6,35-65,3,apartment,>50yr,E,wood,26992.92,723.88,0
4760,LV,urban,3,35-65,1,apartment,>50yr,G,gas,12735.0,2346.77,1
4761,ES,rural,1,35-65,2,apartment,>50yr,E,gas,6819.91,2316.52,1
4762,ES,urban,8,35-65,1,other,20-50yr,F,electric,31484.67,769.53,0
4763,LV,suburban,1,<35,1,house,20-50yr,F,gas,10095.77,2738.01,1
4764,ES,urban,5,35-65,4,house,20-50yr,E,gas,25517.82,949.76,0
4765,ES,suburban,1,35-65,5,house,20-50yr,C,gas,6792.16,2002.05,1
4766,IT,suburban,8,35-65,3,other,20-50yr,C,oil,27764.28,498.28,0
4767,PT,urban,10,<35,3,house,20-50yr,E,gas,62934.07,794.05,0
4768,ES,suburban,4,35-65,2,apartment,<20yr,B,gas,23829.68,445.44,0
4769,IT,suburban,4,35-65,3,apartment,>50yr,A,wood,24831.29,248.66,0
4770,PT,urban,6,35-65,1,apartment,<20yr,A,gas,20216.17,326.88,0
4771,ES,urban,6,<35,3,apartment,20-50yr,G,gas,30647.57,1253.98,0
4772,ES,suburban,4,35-65,1,apartment,<20yr,E,electric,17485.94,812.91,0
4773,IT,suburban,4,35-65,3,apartment,20-50yr,F,gas,13101.56,1096.02,0
4774,ES,suburban,2,35-65,2,apartment,<20yr,G,wood,9669.29,1760.22,1
4775,IT,suburban,3,<35,3,apartment,>50yr,F,gas,12443.41,1325.86,1
4776,IT,urban,6,35-65,1,other,20-50yr,E,gas,26848.18,600.89,0
4777,ES,urban,8,>65,3,apartment,<20yr,D,wood,29326.23,635.69,0
4778,IT,suburban,8,35-65,2,house,20-50yr,F,wood,41476.25,627.83,0
4779,IT,suburban,6,35-65,2,apartment,20-50yr,G,oil,26848.12,1148.98,0
4780,PT,rural,8,<35,1,other,20-50yr,F,gas,41952.19,908.06,0
4781,IT,urban,6,<35,1,house,20-50yr,D,electric,22642.89,502.34,0
4782,LV,suburban,4,>65,6,other,20-50yr,F,district,18572.42,2687.6,1
4783,LV,suburban,4,>65,3,apartment,20-50yr,D,electric,14981.55,1542.28,1
4784,ES,urban,6,<35,2,house,<20yr,D,district,27670.9,525.17,0
4785,LV,suburban,4,>65,4,apartment,20-50yr,C,oil,16888.02,1311.46,0
4786,LV,suburban,8,<35,1,apartment,20-50yr,B,wood,35256.22,391.79,0
4787,IT,urban,2,35-65,2,house,20-50yr,C,gas,10946.14,1138.27,1
4788,PT,urban,1,35-65,4,apartment,20-50yr,F,district,6160.97,2840.67,1
4789,IT,urban,5,35-65,3,apartment,>50yr,C,wood,25103.26,530.53,0
4790,PT,rural,1,35-65,2,house,<20yr,G,wood,8100.06,3066.81,1
4791,ES,urban,2,35-65,2,apartment,20-50yr,B,district,13157.27,862.87,0
4792,IT,urban,4,<35,5,house,20-50yr,B,wood,20701.83,359.04,0
4793,IT,urban,1,>65,5,apartment,20-50yr,D,electric,7081.24,2977.08,1
4794,LV,urban,3,<35,2,apartment,20-50yr,C,electric,13444.61,1306.36,0
4795,IT,urban,6,<35,1,apartment,20-50yr,B,wood,19811.34,284.01,0
4796,IT,suburban,4,>65,1,apartment,20-50yr,B,oil,21033.05,491.07,0
4797,IT,urban,9,35-65,6,house,20-50yr,E,electric,45145.59,1237.71,0
4798,ES,urban,1,35-65,6,house,<20yr,C,electric,8245.07,2004.51,1
4799,PT,urban,8,35-65,2,apartment,20-50yr,E,wood,34539.69,730.49,0
4800,PT,urban,6,<35,1,apartment,>50yr,B,gas,21615.53,375.82,0
4801,ES,urban,7,35-65,4,house,20-50yr,A,oil,36364.88,335.02,0
4802,IT,suburban,7,35-65,2,apartment,20-50yr,A,electric,40529.06,305.56,0
4803,IT,suburban,1,35-65,2,apartment,20-50yr,B,wood,9753.97,800.5,0
4804,ES,suburban,8,35-65,2,apartment,20-50yr,F,gas,35107.4,870.05,0
4805,PT,urban,4,>65,2,house,<20yr,D,electric,18554.75,1393.52,0
4806,PT,rural,7,>65,1,apartment,20-50yr,E,gas,35222.56,959.36,0
4807,ES,suburban,3,35-65,1,apartment,20-50yr,G,oil,14199.0,1596.47,1
4808,ES,urban,4,>65,1,other,<20yr,C,wood,23427.05,529.39,0
4809,ES,urban,8,>65,1,other,20-50yr,G,electric,43413.73,1202.2,0
4810,ES,suburban,10,>65,1,house,<20yr,F,electric,83525.85,863.51,0
4811,ES,urban,9,35-65,4,house,20-50yr,F,gas,44271.22,907.12,0
4812,PT,urban,8,<35,3,other,<20yr,G,electric,25060.55,1101.65,0
4813,ES,suburban,6,<35,3,house,>50yr,B,wood,25270.9,327.82,0
4814,LV,urban,6,>65,1,house,>50yr,E,oil,23616.11,1086.8,0
4815,ES,rural,10,35-65,3,apartment,>50yr,D,gas,56443.75,661.41,0
4816,IT,urban,3,>65,1,apartment,20-50yr,E,electric,18292.93,1767.04,0
4817,IT,urban,10,35-65,2,house,20-50yr,C,oil,50706.63,423.78,0
4818,ES,urban,7,<35,4,house,>50yr,B,electric,26481.83,410.22,0
4819,ES,urban,7,35-65,1,apartment,20-50yr,G,electric,27225.98,1232.91,0
4820,ES,rural,6,>65,5,house,20-50yr,D,district,34535.8,1297.01,0
4821,PT,rural,9,<35,3,house,>50yr,C,wood,40128.46,441.97,0
4822,IT,rural,7,35-65,1,apartment,20-50yr,B,gas,31190.53,343.74,0
4823,PT,suburban,1,>65,5,house,>50yr,E,electric,10553.02,4698.46,1
4824,PT,urban,8,<35,1,apartment,>50yr,B,electric,39767.91,428.86,0
4825,ES,urban,8,35-65,1,house,>50yr,C,wood,25670.51,379.1,0
4826,ES,urban,10,35-65,4,other,20-50yr,G,gas,51154.8,882.01,0
4827,IT,rural,10,>65,1,house,<20yr,A,gas,49869.57,208.81,0
4828,ES,suburban,10,35-65,5,house,20-50yr,C,electric,42348.02,657.33,0
4829,PT,suburban,1,<35,2,house,20-50yr,E,electric,7448.39,2592.29,1
4830,LV,suburban,7,<35,2,apartment,20-50yr,C,gas,19942.88,641.55,0
4831,ES,suburban,10,35-65,1,house,20-50yr,C,district,57747.98,290.94,0
4832,IT,urban,10,35-65,2,apartment,20-50yr,E,gas,55061.44,647.41,0
4833,PT,suburban,6,<35,2,house,20-50yr,E,gas,22480.63,1070.93,0
4834,PT,suburban,10,>65,1,apartment,>50yr,D,gas,41926.45,600.9,0
4835,IT,rural,9,<35,1,apartment,>50yr,F,gas,53004.36,635.3,0
4836,PT,urban,1,>65,1,apartment,20-50yr,F,gas,7346.24,3995.23,1
4837,IT,urban,9,>65,1,apartment,20-50yr,E,gas,50695.49,801.13,0
4838,IT,suburban,7,35-65,2,apartment,20-50yr,E,gas,29439.25,737.6,0
4839,IT,rural,6,35-65,2,apartment,20-50yr,F,electric,31117.63,1105.2,0
4840,IT,rural,2,<35,4,apartment,<20yr,A,electric,12007.86,627.68,0
4841,LV,suburban,10,35-65,3,apartment,>50yr,E,electric,55927.58,1185.19,0
4842,ES,urban,3,35-65,4,other,>50yr,B,district,12343.17,819.39,0
4843,IT,urban,5,<35,3,apartment,20-50yr,C,district,25517.86,476.2,0
4844,ES,suburban,3,35-65,2,house,>50yr,G,electric,13575.18,2007.95,1
4845,ES,urban,10,<35,2,apartment,>50yr,A,gas,48671.64,174.85,0
4846,IT,suburban,5,35-65,3,house,>50yr,D,oil,20510.42,859.99,0
4847,IT,rural,2,35-65,1,house,>50yr,C,gas,10924.09,925.76,0
4848,PT,urban,1,35-65,1,other,20-50yr,E,wood,9120.84,1500.62,1
4849,IT,urban,10,<35,1,house,>50yr,F,electric,41471.99,843.89,0
4850,PT,urban,3,<35,1,house,>50yr,D,gas,20015.83,1124.85,0
4851,IT,urban,8,35-65,4,apartment,20-50yr,F,electric,38591.09,1068.63,0
4852,PT,suburban,1,35-65,1,apartment,<20yr,D,wood,7980.95,1460.71,1
4853,PT,urban,9,35-65,2,apartment,<20yr,G,electric,45961.31,1285.09,0
4854,IT,urban,7,<35,7,house,20-50yr,F,oil,23842.68,1010.03,0
4855,IT,urban,3,35-65,2,house,>50yr,C,oil,14262.91,1028.84,0
4856,LV,urban,9,>65,4,apartment,20-50yr,G,electric,47406.16,2161.65,0
4857,ES,suburban,3,35-65,2,house,>50yr,C,gas,13394.85,887.18,0
4858,ES,suburban,10,35-65,4,apartment,>50yr,D,electric,59493.74,543.58,0
4859,IT,suburban,6,35-65,4,house,20-50yr,C,gas,28158.25,715.75,0
4860,IT,suburban,5,>65,5,house,<20yr,D,electric,18826.29,1214.94,0
4861,ES,urban,1,>65,6,apartment,>50yr,G,gas,9648.07,5077.83,1
4862,LV,suburban,3,<35,3,house,20-50yr,F,district,13874.03,1897.32,1
4863,IT,urban,1,<35,1,apartment,>50yr,E,oil,10648.51,1394.42,1
4864,PT,rural,9,<35,3,house,>50yr,G,gas,52332.3,1098.6,0
4865,PT,urban,2,35-65,1,house,20-50yr,D,wood,11691.48,1439.96,1
4866,IT,urban,2,<35,3,apartment,20-50yr,C,oil,9738.84,1010.79,1
4867,IT,urban,2,>65,2,apartment,>50yr,F,oil,10817.51,2058.14,1
4868,IT,suburban,10,<35,1,apartment,>50yr,A,gas,63976.06,196.1,0
4869,ES,urban,10,35-65,3,house,20-50yr,F,electric,50571.59,962.63,0
4870,ES,rural,8,35-65,4,house,>50yr,A,electric,38418.48,301.21,0
4871,ES,urban,1,35-65,1,apartment,20-50yr,C,gas,8683.38,1226.82,1
4872,IT,rural,6,35-65,3,apartment,<20yr,D,electric,24581.8,833.88,0
4873,PT,suburban,10,35-65,1,apartment,20-50yr,D,gas,48622.27,634.8,0
4874,ES,urban,1,35-65,3,apartment,>50yr,C,wood,10166.31,1248.38,1
4875,ES,urban,8,35-65,5,apartment,>50yr,B,district,38658.97,454.24,0
4876,ES,urban,1,35-65,3,house,<20yr,A,gas,7645.86,824.71,1
4877,IT,rural,9,>65,2,apartment,20-50yr,F,gas,38193.81,1029.05,0
4878,PT,rural,6,35-65,3,house,20-50yr,D,gas,28607.07,1047.33,0
4879,ES,urban,9,35-65,4,apartment,>50yr,C,wood,42554.66,377.96,0
4880,ES,urban,5,35-65,2,house,>50yr,B,gas,24316.15,368.78,0
4881,IT,urban,8,>65,2,apartment,20-50yr,C,wood,31349.42,430.98,0
4882,ES,urban,9,35-65,2,apartment,>50yr,D,wood,44996.8,450.37,0
4883,ES,suburban,4,>65,3,apartment,20-50yr,D,gas,16284.79,990.54,0
4884,IT,urban,7,>65,4,house,>50yr,B,wood,38955.53,410.52,0
4885,LV,urban,5,<35,1,other,>50yr,G,electric,22192.54,1414.8,0
4886,PT,rural,5,<35,4,apartment,<20yr,C,gas,18086.29,703.31,0
4887,IT,suburban,8,35-65,4,apartment,>50yr,D,wood,41419.98,448.41,0
4888,PT,suburban,3,35-65,4,house,20-50yr,F,electric,16848.54,2555.47,1
4889,ES,urban,2,35-65,2,apartment,>50yr,D,gas,10457.71,1375.57,1
4890,LV,rural,5,>65,1,house,<20yr,B,electric,18598.0,742.38,0
4891,IT,suburban,9,35-65,3,apartment,>50yr,D,oil,30900.24,631.39,0
4892,IT,suburban,2,35-65,2,house,20-50yr,E,electric,12974.85,1909.53,1
4893,ES,urban,4,35-65,4,house,<20yr,F,gas,13453.65,1077.46,0
4894,IT,rural,7,<35,3,apartment,>50yr,D,oil,29783.22,642.88,0
4895,PT,suburban,5,35-65,2,house,20-50yr,G,gas,16211.85,1448.28,0
4896,ES,rural,7,>65,5,apartment,<20yr,E,electric,39304.86,1448.95,0
4897,IT,suburban,6,<35,2,house,>50yr,F,gas,30540.66,790.28,0
4898,ES,suburban,9,>65,2,house,20-50yr,A,electric,44980.12,291.47,0
4899,LV,suburban,9,>65,5,house,20-50yr,G,wood,50317.62,1851.01,0
4900,PT,rural,5,<35,2,apartment,>50yr,C,gas,20587.66,516.76,0
4901,ES,urban,5,>65,3,apartment,20-50yr,D,gas,18556.33,1160.91,0
4902,IT,urban,3,35-65,3,apartment,<20yr,E,wood,10887.22,1267.71,1
4903,IT,suburban,5,35-65,4,house,20-50yr,G,gas,23649.03,1404.42,0
4904,LV,suburban,9,<35,3,house,>50yr,D,gas,36958.37,816.45,0
4905,PT,suburban,6,35-65,5,apartment,<20yr,C,electric,36519.9,982.11,0
4906,ES,suburban,7,35-65,1,house,20-50yr,G,electric,25389.69,1161.97,0
4907,LV,suburban,5,<35,2,house,20-50yr,F,gas,24442.74,1149.72,0
4908,IT,suburban,8,35-65,4,house,<20yr,E,wood,43593.99,619.13,0
4909,PT,urban,8,>65,1,apartment,20-50yr,D,gas,29445.8,876.97,0
4910,IT,rural,6,35-65,1,apartment,>50yr,D,wood,23369.39,406.51,0
4911,IT,urban,10,35-65,7,apartment,20-50yr,G,wood,53135.5,960.12,0
4912,ES,suburban,9,>65,3,house,20-50yr,B,gas,72500.28,493.64,0
4913,ES,rural,2,<35,2,house,>50yr,F,wood,10602.52,1498.04,1
4914,LV,urban,3,<35,1,house,20-50yr,E,oil,11802.72,1501.36,1
4915,IT,urban,10,35-65,1,apartment,>50yr,G,district,59210.26,596.71,0
4916,PT,urban,5,35-65,2,house,>50yr,E,oil,17946.5,1017.77,0
4917,PT,suburban,4,<35,1,house,20-50yr,C,gas,17339.19,549.55,0
4918,PT,urban,8,35-65,2,apartment,20-50yr,F,electric,33625.27,1185.87,0
4919,LV,urban,7,<35,1,apartment,<20yr,G,oil,32424.01,1003.25,0
4920,ES,rural,2,35-65,1,apartment,<20yr,G,oil,10111.91,1791.47,1
4921,ES,urban,1,35-65,3,house,20-50yr,C,electric,7206.78,1482.59,1
4922,IT,suburban,9,35-65,4,apartment,20-50yr,D,wood,50554.73,444.83,0
4923,IT,suburban,8,35-65,2,apartment,20-50yr,F,gas,37595.27,909.71,0
4924,LV,urban,4,<35,1,apartment,>50yr,E,district,17574.29,958.51,0
4925,ES,urban,9,>65,2,house,20-50yr,A,gas,32215.79,255.2,0
4926,IT,rural,2,>65,2,house,20-50yr,B,gas,12075.4,1108.68,0
4927,IT,suburban,9,35-65,1,house,<20yr,B,gas,40068.89,292.84,0
4928,ES,urban,1,<35,1,house,20-50yr,C,district,8341.17,809.32,0
4929,PT,suburban,7,35-65,3,house,>50yr,D,wood,22749.73,661.17,0
4930,IT,suburban,9,35-65,3,house,>50yr,G,electric,44825.75,1053.38,0
4931,PT,urban,7,<35,5,apartment,20-50yr,E,district,30881.71,1089.07,0
4932,ES,suburban,8,<35,4,house,20-50yr,B,gas,34781.58,407.21,0
4933,PT,suburban,4,<35,1,house,20-50yr,E,gas,15322.11,835.06,0
4934,IT,urban,3,35-65,1,house,>50yr,D,gas,16675.89,1085.53,0
4935,ES,rural,3,35-65,1,apartment,20-50yr,F,electric,12516.86,1658.18,1
4936,IT,urban,2,>65,3,apartment,>50yr,G,electric,12609.18,3145.89,1
4937,ES,urban,3,35-65,4,apartment,20-50yr,B,gas,16381.15,993.91,0
4938,PT,urban,3,35-65,4,apartment,20-50yr,G,gas,12357.02,3089.02,1
4939,ES,suburban,8,<35,3,apartment,20-50yr,B,gas,40274.85,367.12,0
4940,IT,suburban,3,>65,2,apartment,<20yr,F,gas,13126.08,1828.99,1
4941,LV,rural,2,<35,1,apartment,20-50yr,G,electric,12105.67,2622.91,1
4942,IT,urban,8,<35,2,house,20-50yr,F,electric,31284.87,828.66,0
4943,ES,suburban,6,35-65,2,house,<20yr,C,gas,24572.09,538.7,0
4944,LV,suburban,3,35-65,1,house,>50yr,C,gas,14162.76,1216.74,0
4945,ES,urban,8,>65,2,apartment,<20yr,A,electric,35841.61,304.49,0
4946,PT,urban,3,35-65,6,apartment,>50yr,B,wood,14823.86,1099.71,0
4947,ES,rural,8,35-65,4,apartment,20-50yr,B,electric,31887.07,445.79,0
4948,PT,urban,1,35-65,2,house,20-50yr,B,electric,7363.89,1463.92,1
4949,PT,suburban,6,35-65,3,apartment,<20yr,E,district,27825.48,950.54,0
4950,PT,suburban,6,35-65,1,house,20-50yr,B,wood,23500.56,365.51,0
4951,IT,urban,4,35-65,1,apartment,>50yr,D,gas,16242.15,758.54,0
4952,PT,rural,7,<35,2,apartment,20-50yr,F,wood,26441.22,815.85,0
4953,IT,rural,4,>65,1,apartment,20-50yr,A,electric,16333.12,344.26,0
4954,LV,suburban,7,<35,1,apartment,<20yr,E,electric,25716.66,1009.93,0
4955,IT,suburban,3,35-65,2,apartment,>50yr,F,oil,15618.44,1443.04,0
4956,IT,suburban,6,>65,2,house,>50yr,E,electric,23371.48,980.9,0
4957,LV,suburban,8,35-65,3,apartment,20-50yr,D,wood,30599.03,749.75,0
4958,IT,urban,10,35-65,2,apartment,>50yr,F,gas,53349.14,797.39,0
4959,ES,urban,4,35-65,2,apartment,20-50yr,E,electric,14192.71,1127.35,0
4960,PT,urban,5,<35,3,other,20-50yr,E,gas,18470.16,995.81,0
4961,IT,suburban,5,>65,2,house,20-50yr,F,oil,25730.99,1119.13,0
4962,IT,suburban,9,35-65,2,house,<20yr,F,gas,36524.39,798.31,0
4963,ES,urban,10,>65,2,apartment,<20yr,D,electric,53829.34,944.2,0
4964,IT,rural,7,<35,3,house,>50yr,D,wood,41769.09,457.19,0
4965,IT,urban,9,35-65,2,apartment,>50yr,F,gas,44638.12,878.94,0
4966,IT,urban,1,35-65,3,house,20-50yr,E,gas,7409.94,2192.42,1
4967,ES,urban,8,<35,2,house,<20yr,E,electric,26718.84,752.23,0
4968,IT,suburban,9,35-65,1,apartment,<20yr,B,electric,44090.23,354.98,0
4969,IT,urban,8,35-65,4,apartment,20-50yr,B,gas,32084.2,435.27,0
4970,ES,suburban,6,<35,1,apartment,20-50yr,E,gas,27181.75,626.14,0
4971,ES,suburban,9,>65,1,apartment,<20yr,F,gas,38852.11,879.34,0
4972,IT,urban,7,35-65,2,apartment,<20yr,D,gas,31273.52,641.76,0
4973,IT,rural,9,35-65,2,apartment,>50yr,G,wood,53418.47,788.11,0
4974,LV,urban,2,35-65,5,apartment,<20yr,F,gas,12165.27,4426.75,1
4975,ES,suburban,7,35-65,4,house,20-50yr,F,electric,24617.25,1389.54,0
4976,ES,urban,5,35-65,2,apartment,>50yr,F,gas,21282.12,976.84,0
4977,ES,suburban,9,35-65,2,house,<20yr,C,district,49685.95,392.58,0
4978,IT,rural,9,35-65,1,apartment,20-50yr,D,wood,34235.3,357.9,0
4979,PT,urban,9,35-65,5,apartment,<20yr,B,electric,55383.63,651.48,0
4980,LV,urban,3,35-65,3,apartment,20-50yr,D,oil,14299.08,2027.38,1
4981,LV,urban,5,35-65,1,house,>50yr,A,gas,22896.64,349.07,0
4982,IT,urban,1,<35,3,apartment,20-50yr,F,gas,7597.86,2082.13,1
4983,IT,rural,10,<35,4,house,<20yr,F,electric,55383.47,870.96,0
4984,IT,suburban,3,35-65,1,house,<20yr,C,electric,12242.21,883.55,0
4985,IT,suburban,7,>65,4,house,20-50yr,D,gas,37835.91,928.84,0
4986,IT,rural,5,<35,4,apartment,>50yr,E,electric,27480.6,1061.67,0
4987,ES,rural,10,35-65,3,apartment,>50yr,F,oil,75893.65,797.89,0
4988,IT,rural,9,35-65,3,house,20-50yr,G,wood,32994.46,723.56,0
4989,LV,urban,8,35-65,2,house,<20yr,C,wood,37824.24,565.29,0
4990,IT,urban,7,35-65,2,house,>50yr,C,electric,32008.93,569.44,0
4991,IT,urban,2,35-65,2,house,>50yr,G,electric,9895.32,3131.59,1
4992,LV,urban,10,35-65,2,apartment,20-50yr,B,electric,58163.35,588.08,0
4993,PT,urban,1,35-65,1,house,20-50yr,F,gas,6449.16,3661.9,1
4994,ES,urban,5,<35,3,house,20-50yr,B,oil,26186.96,353.77,0
4995,ES,urban,4,35-65,4,other,20-50yr,D,gas,13904.67,1080.88,0
4996,IT,urban,4,35-65,2,house,20-50yr,E,wood,18169.89,817.41,0
4997,IT,urban,10,>65,4,apartment,20-50yr,F,gas,61911.86,1094.81,0
4998,ES,urban,3,35-65,3,house,20-50yr,B,gas,12796.0,789.21,0
4999,ES,urban,6,<35,2,house,20-50yr,F,gas,30715.47,887.19,0
5000,ES,suburban,3,<35,1,apartment,20-50yr,G,wood,10647.31,1152.53,1
